<?xml version="1.0" ?>
<TimeML xmlns:xsi="http://www.w3.org/2001/XMLSchema-instance" xsi:noNamespaceSchemaLocation="TimeML1.1.xsd" >
<DOCNO> APW19980219.0476 </DOCNO>
<DOCTYPE SOURCE="newswire"> NEWS STORY </DOCTYPE>
<DATE_TIME> <TIMEX3 tid="t129" type="DATE" temporalFunction="false" functionInDocument="CREATION_TIME" value="1998-02-19T08:02:00" >02/19/1998 08:02:00</TIMEX3> </DATE_TIME>
<HEADER>
w1151 Cx1f wstm-
r i Cx13  Cx11  BC-Cambodia-Britain-Host     02-19 0690
</HEADER>
<BODY>
<SLUG> BC-Cambodia-Britain-Hostage </SLUG>
<HEADLINE>
Cambodian resistance general looking for remains of missing Briton
</HEADLINE>
 UR By DON PATHAN QC 
 UR Associated Press Writer QC 

<TEXT>
	   <s><ENAMEX TYPE="LOCATION">O'SMACH</ENAMEX>, <ENAMEX TYPE="LOCATION">Cambodia</ENAMEX> (<ENAMEX TYPE="ORGANIZATION">AP</ENAMEX>) _ The top commander of a Cambodian
resistance force <EVENT eid="e1" class="REPORTING" >said</EVENT> <TIMEX3 tid="t2443" type="DATE" temporalFunction="true" functionInDocument="NONE" value="1998-02-19" anchorTimeID="t129" >Thursday</TIMEX3> he has <EVENT eid="e2" class="I_ACTION" >sent</EVENT> a team <SIGNAL sid="s3" >to</SIGNAL> <EVENT eid="e4" class="OCCURRENCE" >recover</EVENT> the
remains of a British mine removal expert <EVENT eid="e5" class="OCCURRENCE" >kidnapped</EVENT> and <EVENT eid="e146" class="I_STATE" >presumed</EVENT>
<EVENT eid="e7" class="OCCURRENCE" >killed</EVENT> by Khmer Rouge guerrillas <TIMEX3 tid="t130" type="DATE" temporalFunction="false" functionInDocument="NONE" value="1998-02-19" anchorTimeID="t129" >almost two years ago</TIMEX3>.</s>
	   <s><ENAMEX TYPE="PERSON">Gen. Nhek Bunchhay</ENAMEX>, a loyalist of ousted <ENAMEX TYPE="PERSON">Cambodian Prime
Minister Prince Norodom Ranariddh</ENAMEX>, <EVENT eid="e9" class="REPORTING" >said</EVENT> <SIGNAL sid="s11" >in</SIGNAL> an <EVENT eid="e10" class="OCCURRENCE" >interview</EVENT> with The
<ENAMEX TYPE="ORGANIZATION">Associated Press</ENAMEX> at his hilltop headquarters that he <EVENT eid="e12" class="I_STATE" >hopes</EVENT> <SIGNAL sid="s13" >to</SIGNAL> <EVENT eid="e14" class="OCCURRENCE" >recover</EVENT> the remains of <ENAMEX TYPE="PERSON">Christopher Howes</ENAMEX> <SIGNAL sid="s147" >within</SIGNAL> <TIMEX3 tid="t133" type="DURATION" temporalFunction="true" functionInDocument="NONE" value="P2W" anchorTimeID="t129" >the next two weeks</TIMEX3>.</s>
	   <s><ENAMEX TYPE="PERSON">Howes</ENAMEX> had been <EVENT eid="e15" class="OCCURRENCE" >working</EVENT> for the <ENAMEX TYPE="LOCATION">Britain</ENAMEX>-based <ENAMEX TYPE="ORGANIZATION">Mines Advisory
Group</ENAMEX> <SIGNAL sid="s16" >when</SIGNAL> he was <EVENT eid="e148" class="OCCURRENCE" >abducted</EVENT> with his Cambodian interpreter Houn
Hourth <SIGNAL sid="s149" >in</SIGNAL> <TIMEX3 tid="t134" type="DATE" temporalFunction="false" functionInDocument="NONE" value="1996-03" >March 1996</TIMEX3>.</s> <s>There were many conflicting <EVENT eid="e17" class="REPORTING" >accounts</EVENT> of his
<EVENT eid="e18" class="OCCURRENCE" >fate</EVENT>.</s>
	   <s><ENAMEX TYPE="PERSON">Howes</ENAMEX>' team was <EVENT eid="e150" class="OCCURRENCE" >clearing</EVENT> mines <CARDINAL>17</CARDINAL> kilometers (<CARDINAL>10</CARDINAL> miles) from
Angkor Wat, the fabled 11th century temple that is <ENAMEX TYPE="LOCATION">Cambodia</ENAMEX>'s main
tourist attraction, <SIGNAL sid="s20" >when</SIGNAL> it was <EVENT eid="e21" class="OCCURRENCE" >attacked</EVENT>.</s>
	   <s><SIGNAL sid="s2331" >In</SIGNAL> <TIMEX3 tid="t135" type="DATE" temporalFunction="false" functionInDocument="NONE" value="1998-01" anchorTimeID="t129" >January this year</TIMEX3>, British police officers who had been <EVENT eid="e22" class="OCCURRENCE" >searching</EVENT> for <ENAMEX TYPE="PERSON">Howes</ENAMEX> <EVENT eid="e23" class="I_ACTION" >concluded</EVENT> he had probably been <EVENT eid="e24" class="OCCURRENCE" >killed</EVENT> soon
<SIGNAL sid="s25" >after</SIGNAL> being <EVENT eid="e26" class="OCCURRENCE" >captured</EVENT>.</s>
	   <s>The <ENAMEX TYPE="ORGANIZATION">Foreign Office</ENAMEX> <EVENT eid="e27" class="REPORTING" >said</EVENT> it had <EVENT eid="e28" class="OCCURRENCE" >informed</EVENT> the family of <ENAMEX TYPE="PERSON">Howes, 37
years old</ENAMEX> <SIGNAL sid="s29" >when</SIGNAL> he was <EVENT eid="e30" class="OCCURRENCE" >kidnapped</EVENT>, that he probably <EVENT eid="e31" class="OCCURRENCE" >died</EVENT> <SIGNAL sid="s153" >within</SIGNAL> <TIMEX3 mod="APPROX" tid="t137" type="DURATION" temporalFunction="true" functionInDocument="NONE" value="PXW" anchorTimeID="t136" >weeks
or months</TIMEX3> of his <EVENT eid="e32" class="OCCURRENCE" >capture</EVENT> <SIGNAL sid="s154" >on</SIGNAL> <TIMEX3 tid="t136" type="DATE" temporalFunction="false" functionInDocument="NONE" value="1996-03-26" >March 26, 1996</TIMEX3>.</s>
	   <s>``Obviously, it is deeply <EVENT eid="e33" class="OCCURRENCE" >discouraging</EVENT> for the family <SIGNAL sid="s155" >after</SIGNAL> <TIMEX3 tid="t138" type="DURATION" temporalFunction="true" functionInDocument="NONE" value="P22M" anchorTimeID="t136" ><CARDINAL>22</CARDINAL>
months</TIMEX3>, but there is <SIGNAL sid="s2098" >no</SIGNAL> <EVENT eid="e157" class="I_STATE" >proof</EVENT> <SIGNAL sid="s2094" >of</SIGNAL> <EVENT eid="e158" class="STATE" >life</EVENT>.</s> <s>But there is <SIGNAL sid="s37" >no</SIGNAL> <EVENT eid="e36" class="OCCURRENCE" >evidence</EVENT> in
either direction _ that there is <EVENT eid="e38" class="I_STATE" >proof</EVENT> <SIGNAL sid="s2095" >of</SIGNAL> <EVENT eid="e159" class="STATE" >life</EVENT> or <EVENT eid="e39" class="STATE" >death</EVENT>,'' <EVENT eid="e40" class="REPORTING" >said</EVENT> a
<ENAMEX TYPE="ORGANIZATION">Foreign Office</ENAMEX> spokesman, <EVENT eid="e41" class="OCCURRENCE" >speaking</EVENT> with customary anonymity.</s> <s>``We
will <EVENT eid="e42" class="ASPECTUAL" >continue</EVENT> <SIGNAL sid="s43" >to</SIGNAL> <EVENT eid="e2446" class="OCCURRENCE" >do</EVENT> everything we can  <SIGNAL sid="s46" >to</SIGNAL> <EVENT eid="e48" class="I_ACTION" >establish</EVENT> what has <EVENT eid="e49" class="OCCURRENCE" >happened</EVENT>.''</s>
	   <s>Thai military officials who monitor Cambodian affairs <EVENT eid="e52" class="REPORTING" >said</EVENT> privately <TIMEX3 tid="t2449" type="DATE" temporalFunction="true" functionInDocument="NONE" value="1998-02-19" anchorTimeID="t129" >Thursday</TIMEX3> that <ENAMEX TYPE="LOCATION">Britain</ENAMEX>, through its embassies in <ENAMEX TYPE="LOCATION">Thailand</ENAMEX>
and <ENAMEX TYPE="LOCATION">Cambodia</ENAMEX>, has been <EVENT eid="e53" class="I_ACTION" >pushing</EVENT> hard <SIGNAL sid="s54" >to</SIGNAL> <EVENT eid="e55" class="OCCURRENCE" >resolve</EVENT> the <ENAMEX TYPE="PERSON">Howes</ENAMEX> case as
the <EVENT eid="e171" class="OCCURRENCE" >second anniversary</EVENT> of his <EVENT eid="e56" class="OCCURRENCE" >abduction</EVENT> <SIGNAL sid="s2165" >nears</SIGNAL>.</s>
	   <s><ENAMEX TYPE="PERSON">Nhek Bunchhay</ENAMEX>, who had been closely <EVENT eid="e58" class="OCCURRENCE" >involved</EVENT> <SIGNAL sid="s60" >in</SIGNAL> the <EVENT eid="e59" class="OCCURRENCE" >search</EVENT> for
<ENAMEX TYPE="PERSON">Howes</ENAMEX> <SIGNAL sid="s61" >before</SIGNAL> having to <EVENT eid="e64" class="OCCURRENCE" >flee</EVENT> the Cambodian capital <SIGNAL sid="s161" >after</SIGNAL> a <EVENT eid="e160" class="OCCURRENCE" >coup
d'etat</EVENT> <TIMEX3 tid="t131" type="DATE" temporalFunction="false" functionInDocument="NONE" value="1998-02-19" anchorTimeID="t129" >last year</TIMEX3>, <EVENT eid="e65" class="I_STATE" >appeared</EVENT> confident he <SIGNAL sid="s67" >would</SIGNAL> <EVENT eid="e66" class="OCCURRENCE" >find</EVENT> <ENAMEX TYPE="PERSON">Howes</ENAMEX>' remains.</s>
	   <s>He <EVENT eid="e68" class="REPORTING" >said</EVENT> he <EVENT eid="e69" class="OCCURRENCE" >received</EVENT> information from Khmer Rouge guerrillas on
where the body had been <EVENT eid="e71" class="OCCURRENCE" >buried</EVENT>, and <SIGNAL sid="s2202" >recently</SIGNAL> <EVENT eid="e72" class="I_ACTION" >ordered</EVENT> <CARDINAL>10</CARDINAL> of his men
from a force of <CARDINAL>500</CARDINAL> near Khmer Rouge headquarters in <ENAMEX TYPE="PERSON">Anlong Veng</ENAMEX> <SIGNAL sid="s74" >to</SIGNAL> <EVENT eid="e162" class="OCCURRENCE" >conduct</EVENT> the <EVENT eid="e76" class="OCCURRENCE" >search</EVENT>.</s>
	   <s>If and <SIGNAL sid="s77" >when</SIGNAL> the remains are <EVENT eid="e78" class="OCCURRENCE" >found</EVENT>, he <EVENT eid="e79" class="REPORTING" >said</EVENT>, they would be <EVENT eid="e80" class="OCCURRENCE" >turned</EVENT>
over to the <ENAMEX TYPE="ORGANIZATION">British Embassy</ENAMEX>, apparently meaning they would be <EVENT eid="e83" class="OCCURRENCE" >sent</EVENT>
across the border into <ENAMEX TYPE="LOCATION">Thailand</ENAMEX> and onward to <ENAMEX TYPE="LOCATION">Bangkok</ENAMEX>.</s>
	   <s><ENAMEX TYPE="PERSON">Nhek Bunchhay</ENAMEX> <EVENT eid="e85" class="REPORTING" >said</EVENT> he <TIMEX3 tid="t2452" type="DATE" temporalFunction="true" functionInDocument="NONE" value="PRESENT_REF" anchorTimeID="t129" >now</TIMEX3> <EVENT eid="e2227" class="I_STATE" >believed</EVENT> <ENAMEX TYPE="PERSON">Howes</ENAMEX> had been <EVENT eid="e87" class="OCCURRENCE" >killed</EVENT> <SIGNAL sid="s163" >within</SIGNAL>
<TIMEX3 tid="t140" type="DURATION" temporalFunction="true" functionInDocument="NONE" value="P1W" anchorTimeID="t136" >a week</TIMEX3> of his <EVENT eid="e88" class="OCCURRENCE" >capture</EVENT> by a Khmer Rouge faction loyal to Pol Pot,
then the guerrilla group's leader.</s> <s>Pol Pot is <EVENT eid="e89" class="I_STATE" >considered</EVENT>
<EVENT eid="e164" class="STATE" >responsible</EVENT> for the radical <EVENT eid="e2396" class="OCCURRENCE" >policies</EVENT> that <EVENT eid="e90" class="OCCURRENCE" >led</EVENT> to the <EVENT eid="e91" class="OCCURRENCE" >deaths</EVENT> of as
many as <CARDINAL>1.7 million</CARDINAL> Cambodians <SIGNAL sid="s92" >when</SIGNAL> the communist group <EVENT eid="e93" class="STATE" >held</EVENT> power
<SIGNAL sid="s165" >in</SIGNAL> <TIMEX3 mod="END" tid="t142" type="DURATION" temporalFunction="true" functionInDocument="NONE" value="P1970M" >the late 1970s</TIMEX3>.</s>
	   <s>At the <ENAMEX TYPE="PERSON">time Howes</ENAMEX> was <EVENT eid="e94" class="OCCURRENCE" >captured</EVENT>, the Khmer Rouge were a more or
less united guerrilla force with <CARDINAL>more than 10,000</CARDINAL> men under arms.</s>
<s>But the group <EVENT eid="e95" class="I_ACTION" >began</EVENT> to <EVENT eid="e166" class="OCCURRENCE" >fall</EVENT> apart <SIGNAL sid="s167" >in</SIGNAL> <TIMEX3 mod="MID" tid="t143" type="DURATION" temporalFunction="true" functionInDocument="NONE" value="P1996Y" >mid-1996</TIMEX3> <SIGNAL sid="s97" >after</SIGNAL> the <EVENT eid="e96" class="OCCURRENCE" >defection</EVENT>
of one of its top <ENAMEX TYPE="PERSON">leaders, Ieng Sary</ENAMEX>.</s> <s>Other commanders, and
thousands of guerrillas, <EVENT eid="e98" class="OCCURRENCE" >followed</EVENT> him.</s>
	   <s>A small hardcore group under Pol Pot <EVENT eid="e99" class="ASPECTUAL" >continued</EVENT> <SIGNAL sid="s100" >to</SIGNAL> <EVENT eid="e101" class="OCCURRENCE" >hold</EVENT> out at
their headquarters at <ENAMEX TYPE="PERSON">Anlong Veng</ENAMEX> in <ENAMEX TYPE="LOCATION">northern Cambodia</ENAMEX> near the
Thai border.</s>
	   <s>But <SIGNAL sid="s2310" >in</SIGNAL> <TIMEX3 tid="t2228" type="DATE" temporalFunction="true" functionInDocument="NONE" value="PRESENT_REF" anchorTimeID="t129" >June last year</TIMEX3>, the remaining leadership had a <EVENT eid="e103" class="OCCURRENCE" >falling</EVENT>
out, and Pol Pot was <EVENT eid="e104" class="OCCURRENCE" >arrested</EVENT>.</s>
	   <s><SIGNAL sid="s2307" >In</SIGNAL> <TIMEX3 tid="t169" type="DURATION" temporalFunction="true" functionInDocument="NONE" value="P1996Y07M" anchorTimeID="t129" >July last year</TIMEX3> in <ENAMEX TYPE="LOCATION">Phnom Penh</ENAMEX>, <ENAMEX TYPE="LOCATION">Cambodia</ENAMEX>'s capital, <ENAMEX TYPE="ORGANIZATION">Second</ENAMEX>
Prime Minister <ENAMEX TYPE="ORGANIZATION">Hun</ENAMEX> Sen <EVENT eid="e105" class="OCCURRENCE" >staged</EVENT> a successful <EVENT eid="e170" class="OCCURRENCE" >coup d'etat</EVENT> against
<ENAMEX TYPE="PERSON">First Prime Minister Prince Norodom Ranariddh</ENAMEX>.</s> <s><ENAMEX TYPE="PERSON">Ranariddh</ENAMEX>'s
loyalists, including <ENAMEX TYPE="PERSON">Nhek Bunchhay</ENAMEX>, his top military commander,
<EVENT eid="e106" class="OCCURRENCE" >went</EVENT> into hiding or <EVENT eid="e109" class="OCCURRENCE" >fled</EVENT> the capital.</s>
	   <s><ENAMEX TYPE="PERSON">Nhek Bunchhay</ENAMEX>, <EVENT eid="e110" class="OCCURRENCE" >evading</EVENT> an intensive <EVENT eid="e111" class="OCCURRENCE" >manhunt</EVENT>, <EVENT eid="e112" class="OCCURRENCE" >made</EVENT> his way to
<ENAMEX TYPE="LOCATION">O'Smach</ENAMEX>, the last major outpost held by <ENAMEX TYPE="PERSON">Ranariddh</ENAMEX>'s forces.</s> <s>His men
have held the stronghold _ which is on the border just opposite the
Thai province of <ENAMEX TYPE="LOCATION">Surin</ENAMEX> _ against repeated intense <EVENT eid="e116" class="OCCURRENCE" >attacks</EVENT> by <ENAMEX TYPE="ORGANIZATION">Hun</ENAMEX>
Sen's troops.</s> <s>They have been <EVENT eid="e117" class="OCCURRENCE" >aided</EVENT> by Khmer Rouge guerrillas from
<ENAMEX TYPE="PERSON">Anlong Veng</ENAMEX>, who have <EVENT eid="e118" class="OCCURRENCE" >formed</EVENT> an alliance with <ENAMEX TYPE="PERSON">Ranariddh</ENAMEX>'s
resistance forces to oppose <ENAMEX TYPE="ORGANIZATION">Hun</ENAMEX> Sen.</s> 	   
</TEXT>
(PROFILE
(WS SL:BC-Cambodia-Britain-Hostage; CT:i; 
(REG:ASIA;)
(REG:ENGL;)
(REG:EURO;)
(REG:BRIT;)
(REG:SCAN;)
(REG:MEST;)
(REG:AFRI;)
(REG:INDI;)
(LANG:ENGLISH;))
)
</BODY>
<TRAILER>
<s>AP-NY-02-19-98 0802EST</s>
</TRAILER>

<MAKEINSTANCE aspect="NONE" eiid="ei2455" tense="PAST" eventID="e1" />
<MAKEINSTANCE aspect="PERFECTIVE" eiid="ei2456" tense="PRESENT" eventID="e2" />
<MAKEINSTANCE aspect="NONE" eiid="ei2457" tense="NONE" eventID="e4" />
<MAKEINSTANCE aspect="PERFECTIVE" eiid="ei2458" tense="NONE" eventID="e5" />
<MAKEINSTANCE aspect="NONE" eiid="ei2459" tense="PAST" eventID="e146" />
<MAKEINSTANCE aspect="PERFECTIVE" eiid="ei2460" tense="NONE" eventID="e7" />
<MAKEINSTANCE aspect="NONE" eiid="ei2461" tense="PAST" eventID="e9" />
<MAKEINSTANCE aspect="NONE" eiid="ei2462" tense="NONE" eventID="e10" />
<MAKEINSTANCE aspect="NONE" eiid="ei2463" tense="PRESENT" eventID="e12" />
<MAKEINSTANCE aspect="NONE" eiid="ei2464" tense="NONE" eventID="e14" />
<MAKEINSTANCE aspect="PERFECTIVE" eiid="ei2465" tense="PAST" eventID="e15" />
<MAKEINSTANCE aspect="NONE" eiid="ei2466" tense="PAST" eventID="e148" />
<MAKEINSTANCE aspect="NONE" eiid="ei2467" tense="PAST" eventID="e17" />
<MAKEINSTANCE aspect="NONE" eiid="ei2468" tense="NONE" eventID="e18" />
<MAKEINSTANCE aspect="PROGRESSIVE" eiid="ei2469" tense="PAST" eventID="e150" />
<MAKEINSTANCE aspect="NONE" eiid="ei2470" tense="PAST" eventID="e21" />
<MAKEINSTANCE aspect="PERFECTIVE" eiid="ei2471" tense="PAST" eventID="e22" />
<MAKEINSTANCE aspect="NONE" eiid="ei2472" tense="PAST" eventID="e23" />
<MAKEINSTANCE aspect="PERFECTIVE" eiid="ei2473" tense="PAST" eventID="e24" />
<MAKEINSTANCE aspect="PROGRESSIVE" eiid="ei2474" tense="NONE" eventID="e26" />
<MAKEINSTANCE aspect="NONE" eiid="ei2475" tense="PAST" eventID="e27" />
<MAKEINSTANCE aspect="PERFECTIVE" eiid="ei2476" tense="PAST" eventID="e28" />
<MAKEINSTANCE aspect="NONE" eiid="ei2477" tense="PAST" eventID="e30" />
<MAKEINSTANCE aspect="NONE" eiid="ei2478" tense="PAST" eventID="e31" />
<MAKEINSTANCE aspect="NONE" eiid="ei2479" tense="NONE" eventID="e32" />
<MAKEINSTANCE aspect="PROGRESSIVE" eiid="ei2480" tense="PRESENT" eventID="e33" />
<MAKEINSTANCE aspect="NONE" eiid="ei2481" tense="NONE" eventID="e157" />
<MAKEINSTANCE aspect="NONE" eiid="ei2482" tense="NONE" eventID="e158" />
<MAKEINSTANCE aspect="NONE" eiid="ei2483" tense="PRESENT" eventID="e36" />
<MAKEINSTANCE aspect="NONE" eiid="ei2484" tense="PRESENT" eventID="e38" />
<MAKEINSTANCE aspect="NONE" eiid="ei2485" tense="NONE" eventID="e159" />
<MAKEINSTANCE aspect="NONE" eiid="ei2486" tense="NONE" eventID="e39" />
<MAKEINSTANCE aspect="NONE" eiid="ei2487" tense="PAST" eventID="e40" />
<MAKEINSTANCE aspect="PROGRESSIVE" eiid="ei2488" tense="NONE" eventID="e41" />
<MAKEINSTANCE aspect="NONE" eiid="ei2489" tense="FUTURE" eventID="e42" />
<MAKEINSTANCE aspect="NONE" eiid="ei2490" tense="NONE" eventID="e2446" />
<MAKEINSTANCE aspect="NONE" eiid="ei2491" tense="PRESENT" eventID="e48" />
<MAKEINSTANCE aspect="PERFECTIVE" eiid="ei2492" tense="PRESENT" eventID="e49" />
<MAKEINSTANCE aspect="NONE" eiid="ei2493" tense="PAST" eventID="e52" />
<MAKEINSTANCE aspect="PERFECTIVE_PROGRESSIVE" eiid="ei2494" tense="PRESENT" eventID="e53" />
<MAKEINSTANCE aspect="NONE" eiid="ei2495" tense="NONE" eventID="e55" />
<MAKEINSTANCE aspect="NONE" eiid="ei2496" tense="NONE" eventID="e171" />
<MAKEINSTANCE aspect="NONE" eiid="ei2497" tense="NONE" eventID="e56" />
<MAKEINSTANCE aspect="PERFECTIVE" eiid="ei2498" tense="PAST" eventID="e58" />
<MAKEINSTANCE aspect="NONE" eiid="ei2499" tense="NONE" eventID="e59" />
<MAKEINSTANCE aspect="NONE" eiid="ei2500" tense="NONE" eventID="e64" />
<MAKEINSTANCE aspect="NONE" eiid="ei2501" tense="NONE" eventID="e160" />
<MAKEINSTANCE aspect="NONE" eiid="ei2502" tense="PAST" eventID="e65" />
<MAKEINSTANCE aspect="NONE" eiid="ei2503" tense="PAST" eventID="e66" />
<MAKEINSTANCE aspect="NONE" eiid="ei2504" tense="PAST" eventID="e68" />
<MAKEINSTANCE aspect="NONE" eiid="ei2505" tense="PAST" eventID="e69" />
<MAKEINSTANCE aspect="PERFECTIVE" eiid="ei2506" tense="PAST" eventID="e71" />
<MAKEINSTANCE aspect="NONE" eiid="ei2507" tense="PAST" eventID="e72" />
<MAKEINSTANCE aspect="NONE" eiid="ei2508" tense="NONE" eventID="e162" />
<MAKEINSTANCE aspect="NONE" eiid="ei2509" tense="NONE" eventID="e76" />
<MAKEINSTANCE aspect="NONE" eiid="ei2510" tense="PRESENT" eventID="e78" />
<MAKEINSTANCE aspect="NONE" eiid="ei2511" tense="PAST" eventID="e79" />
<MAKEINSTANCE aspect="NONE" eiid="ei2512" tense="PAST" eventID="e80" />
<MAKEINSTANCE aspect="NONE" eiid="ei2513" tense="PAST" eventID="e83" />
<MAKEINSTANCE aspect="NONE" eiid="ei2514" tense="PAST" eventID="e85" />
<MAKEINSTANCE aspect="NONE" eiid="ei2515" tense="PAST" eventID="e2227" />
<MAKEINSTANCE aspect="PERFECTIVE" eiid="ei2516" tense="PAST" eventID="e87" />
<MAKEINSTANCE aspect="NONE" eiid="ei2517" tense="NONE" eventID="e88" />
<MAKEINSTANCE aspect="NONE" eiid="ei2518" tense="PRESENT" eventID="e89" />
<MAKEINSTANCE aspect="NONE" eiid="ei2519" tense="NONE" eventID="e164" />
<MAKEINSTANCE aspect="NONE" eiid="ei2520" tense="NONE" eventID="e2396" />
<MAKEINSTANCE aspect="NONE" eiid="ei2521" tense="PAST" eventID="e90" />
<MAKEINSTANCE aspect="NONE" eiid="ei2522" tense="NONE" eventID="e91" />
<MAKEINSTANCE aspect="PERFECTIVE" eiid="ei2523" tense="NONE" eventID="e93" />
<MAKEINSTANCE aspect="NONE" eiid="ei2524" tense="PAST" eventID="e94" />
<MAKEINSTANCE aspect="NONE" eiid="ei2525" tense="PAST" eventID="e95" />
<MAKEINSTANCE aspect="NONE" eiid="ei2526" tense="NONE" eventID="e166" />
<MAKEINSTANCE aspect="NONE" eiid="ei2527" tense="NONE" eventID="e96" />
<MAKEINSTANCE aspect="NONE" eiid="ei2528" tense="PAST" eventID="e98" />
<MAKEINSTANCE aspect="NONE" eiid="ei2529" tense="PAST" eventID="e99" />
<MAKEINSTANCE aspect="NONE" eiid="ei2530" tense="NONE" eventID="e101" />
<MAKEINSTANCE aspect="NONE" eiid="ei2531" tense="PAST" eventID="e103" />
<MAKEINSTANCE aspect="NONE" eiid="ei2532" tense="PAST" eventID="e104" />
<MAKEINSTANCE aspect="NONE" eiid="ei2533" tense="PAST" eventID="e105" />
<MAKEINSTANCE aspect="NONE" eiid="ei2534" tense="NONE" eventID="e170" />
<MAKEINSTANCE aspect="NONE" eiid="ei2535" tense="PAST" eventID="e106" />
<MAKEINSTANCE aspect="NONE" eiid="ei2536" tense="PAST" eventID="e109" />
<MAKEINSTANCE aspect="PROGRESSIVE" eiid="ei2537" tense="NONE" eventID="e110" />
<MAKEINSTANCE aspect="NONE" eiid="ei2538" tense="NONE" eventID="e111" />
<MAKEINSTANCE aspect="PERFECTIVE" eiid="ei2539" tense="NONE" eventID="e112" />
<MAKEINSTANCE aspect="NONE" eiid="ei2540" tense="NONE" eventID="e116" />
<MAKEINSTANCE aspect="PERFECTIVE" eiid="ei2541" tense="PRESENT" eventID="e117" />
<MAKEINSTANCE aspect="PERFECTIVE" eiid="ei2542" tense="PRESENT" eventID="e118" />
<TLINK relatedToTime="t129" eventInstanceID="ei2542" relType="BEFORE" />
<TLINK relatedToTime="t2443" eventInstanceID="ei2455" relType="IS_INCLUDED" />
<TLINK relatedToTime="t130" eventInstanceID="ei2458" relType="IS_INCLUDED" />
<TLINK relatedToEventInstance="ei2462" signalID="s11" eventInstanceID="ei2461" relType="IS_INCLUDED" />
<TLINK signalID="s147" relatedToTime="t133" eventInstanceID="ei2464" relType="IS_INCLUDED" />
<TLINK relatedToEventInstance="ei2466" signalID="s16" eventInstanceID="ei2465" relType="INCLUDES" />
<TLINK relatedToEventInstance="ei2466" eventInstanceID="ei2458" relType="IDENTITY" />
<TLINK signalID="s149" relatedToTime="t134" eventInstanceID="ei2466" relType="IS_INCLUDED" />
<TLINK relatedToEventInstance="ei2470" signalID="s20" eventInstanceID="ei2469" relType="INCLUDES" />
<TLINK signalID="s2331" relatedToTime="t135" eventInstanceID="ei2472" relType="IS_INCLUDED" />
<TLINK relatedToEventInstance="ei2474" signalID="s25" eventInstanceID="ei2473" relType="AFTER" />
<TLINK relatedToEventInstance="ei2466" eventInstanceID="ei2474" relType="IDENTITY" />
<TLINK relatedToEventInstance="ei2477" signalID="s29" eventInstanceID="ei2476" relType="AFTER" />
<TLINK relatedToEventInstance="ei2466" eventInstanceID="ei2477" relType="IDENTITY" />
<TLINK signalID="s153" relatedToTime="t137" eventInstanceID="ei2478" relType="IS_INCLUDED" />
<TLINK signalID="s154" relatedToTime="t136" eventInstanceID="ei2479" relType="IS_INCLUDED" />
<TLINK relatedToEventInstance="ei2477" eventInstanceID="ei2479" relType="IDENTITY" />
<TLINK signalID="s155" relatedToTime="t138" eventInstanceID="ei2480" relType="AFTER" />
<TLINK relatedToEventInstance="ei2481" eventInstanceID="ei2484" relType="IDENTITY" />
<TLINK relatedToTime="t2449" eventInstanceID="ei2493" relType="IS_INCLUDED" />
<TLINK relatedToEventInstance="ei2496" signalID="s2165" eventInstanceID="ei2495" relType="BEFORE" />
<TLINK relatedToEventInstance="ei2477" eventInstanceID="ei2497" relType="IDENTITY" />
<TLINK relatedToEventInstance="ei2499" signalID="s60" eventInstanceID="ei2498" relType="IS_INCLUDED" />
<TLINK relatedToEventInstance="ei2500" signalID="s61" eventInstanceID="ei2498" relType="BEFORE" />
<TLINK relatedToEventInstance="ei2501" signalID="s161" eventInstanceID="ei2500" relType="AFTER" />
<TLINK signalID="s2202" eventInstanceID="ei2507" relType="BEFORE" />
<TLINK relatedToEventInstance="ei2509" eventInstanceID="ei2508" relType="IDENTITY" />
<TLINK relatedToEventInstance="ei2512" signalID="s77" eventInstanceID="ei2510" relType="BEFORE" />
<TLINK relatedToTime="t2452" eventInstanceID="ei2515" relType="INCLUDES" />
<TLINK relatedToEventInstance="ei2473" eventInstanceID="ei2516" relType="IDENTITY" />
<TLINK relatedToEventInstance="ei2517" signalID="s163" eventInstanceID="ei2516" relType="AFTER" />
<TLINK signalID="s165" relatedToTime="t142" eventInstanceID="ei2523" relType="SIMULTANEOUS" />
<TLINK relatedToEventInstance="ei2523" signalID="s92" eventInstanceID="ei2522" relType="IS_INCLUDED" />
<TLINK relatedToEventInstance="ei2517" eventInstanceID="ei2524" relType="IDENTITY" />
<TLINK relatedToEventInstance="ei2497" eventInstanceID="ei2517" relType="IDENTITY" />
<TLINK signalID="s167" relatedToTime="t143" eventInstanceID="ei2525" relType="IS_INCLUDED" />
<TLINK relatedToEventInstance="ei2527" signalID="s97" eventInstanceID="ei2526" relType="AFTER" />
<TLINK signalID="s2310" relatedToTime="t2228" eventInstanceID="ei2531" relType="IS_INCLUDED" />
<TLINK signalID="s2307" relatedToTime="t169" eventInstanceID="ei2533" relType="IS_INCLUDED" />
<TLINK relatedToEventInstance="ei2534" eventInstanceID="ei2533" relType="IDENTITY" />
<TLINK relatedToTime="t130" eventInstanceID="ei2460" relType="IS_INCLUDED" />
<TLINK relatedToTime="t131" eventInstanceID="ei2501" relType="IS_INCLUDED" />
<TLINK relatedToTime="t129" eventInstanceID="ei2471" relType="BEFORE" />
<TLINK relatedToEventInstance="ei2488" eventInstanceID="ei2487" relType="IDENTITY" />
<TLINK relatedToTime="t129" eventInstanceID="ei2492" relType="BEFORE" />
<TLINK relatedToTime="t129" eventInstanceID="ei2506" relType="BEFORE" />
<TLINK relatedToEventInstance="ei2513" eventInstanceID="ei2510" relType="BEFORE" />
<TLINK signalID="s163" relatedToTime="t140" eventInstanceID="ei2517" relType="IBEFORE" />
<TLINK relatedToEventInstance="ei2521" eventInstanceID="ei2520" relType="IDENTITY" />
<TLINK relatedToEventInstance="ei2522" eventInstanceID="ei2521" relType="BEFORE" />
<TLINK relatedToEventInstance="ei2528" eventInstanceID="ei2527" relType="IBEFORE" />
<TLINK signalID="s2310" relatedToTime="t2228" eventInstanceID="ei2532" relType="IS_INCLUDED" />
<TLINK relatedToEventInstance="ei2535" eventInstanceID="ei2534" relType="BEFORE" />
<TLINK relatedToEventInstance="ei2536" eventInstanceID="ei2534" relType="BEFORE" />
<TLINK relatedToEventInstance="ei2538" eventInstanceID="ei2537" relType="SIMULTANEOUS" />
<TLINK relatedToEventInstance="ei2537" eventInstanceID="ei2539" relType="SIMULTANEOUS" />
<TLINK relatedToTime="t129" eventInstanceID="ei2540" relType="BEFORE" />
<TLINK relatedToTime="t129" eventInstanceID="ei2541" relType="BEFORE" />
<SLINK subordinatedEventInstance="ei2460" eventInstanceID="ei2459" relType="MODAL" />
<SLINK signalID="s3" subordinatedEventInstance="ei2457" eventInstanceID="ei2456" relType="MODAL" />
<SLINK signalID="s13" subordinatedEventInstance="ei2464" eventInstanceID="ei2463" relType="MODAL" />
<SLINK subordinatedEventInstance="ei2463" eventInstanceID="ei2461" relType="EVIDENTIAL" />
<SLINK subordinatedEventInstance="ei2468" eventInstanceID="ei2467" relType="MODAL" />
<SLINK subordinatedEventInstance="ei2473" eventInstanceID="ei2472" relType="MODAL" />
<SLINK subordinatedEventInstance="ei2476" eventInstanceID="ei2475" relType="EVIDENTIAL" />
<SLINK signalID="s2094" subordinatedEventInstance="ei2482" eventInstanceID="ei2481" relType="MODAL" />
<SLINK signalID="s2095" subordinatedEventInstance="ei2485" eventInstanceID="ei2484" relType="MODAL" />
<SLINK signalID="s2095" subordinatedEventInstance="ei2486" eventInstanceID="ei2484" relType="MODAL" />
<SLINK subordinatedEventInstance="ei2481" eventInstanceID="ei2487" relType="EVIDENTIAL" />
<SLINK subordinatedEventInstance="ei2484" eventInstanceID="ei2487" relType="EVIDENTIAL" />
<SLINK signalID="s54" subordinatedEventInstance="ei2495" eventInstanceID="ei2494" relType="MODAL" />
<SLINK signalID="s67" subordinatedEventInstance="ei2503" eventInstanceID="ei2502" relType="MODAL" />
<SLINK subordinatedEventInstance="ei2505" eventInstanceID="ei2504" relType="EVIDENTIAL" />
<SLINK signalID="s74" subordinatedEventInstance="ei2508" eventInstanceID="ei2507" relType="MODAL" />
<SLINK subordinatedEventInstance="ei2512" eventInstanceID="ei2511" relType="EVIDENTIAL" />
<SLINK subordinatedEventInstance="ei2516" eventInstanceID="ei2515" relType="MODAL" />
<SLINK subordinatedEventInstance="ei2515" eventInstanceID="ei2514" relType="EVIDENTIAL" />
<SLINK subordinatedEventInstance="ei2519" eventInstanceID="ei2518" relType="MODAL" />
<SLINK signalID="s46" subordinatedEventInstance="ei2491" eventInstanceID="ei2490" relType="MODAL" />
<ALINK relatedToEventInstance="ei2490" signalID="s43" eventInstanceID="ei2489" relType="CONTINUES" />
<ALINK relatedToEventInstance="ei2526" eventInstanceID="ei2525" relType="INITIATES" />
<ALINK relatedToEventInstance="ei2530" signalID="s100" eventInstanceID="ei2529" relType="CONTINUES" />
</TimeML>
