<?xml version="1.0" ?>
<TimeML xmlns:xsi="http://www.w3.org/2001/XMLSchema-instance" xsi:noNamespaceSchemaLocation="TimeML1.1.xsd" >
<DOCNO> APW19980301.0720 </DOCNO>
<DOCTYPE SOURCE="newswire"> NEWS STORY </DOCTYPE>
<DATE_TIME> <TIMEX3 tid="t122" type="TIME" temporalFunction="false" functionInDocument="CREATION_TIME" value="1998-03-01T14:11:00" >03/01/1998 14:11:00</TIMEX3> </DATE_TIME>
<HEADER>
w1219 Cx1f wstm-
u i Cx13  Cx11  BC-Israel-Lebanon     03-01 0570
</HEADER>
<BODY>
<SLUG> BC-Israel-Lebanon </SLUG>
<HEADLINE>
Political momentum gathers for Israeli pullout from Lebanon
</HEADLINE>
UR Eds: INCORPORATES Israel-Syria; ADDS background and additional
comment Sunday QL

<TEXT>
<s><ENAMEX TYPE="LOCATION">JERUSALEM</ENAMEX> (<ENAMEX TYPE="ORGANIZATION">AP</ENAMEX>) _ Top Israeli officials <EVENT eid="e1" class="OCCURRENCE" >sent</EVENT> strong new <EVENT eid="e124" class="I_ACTION" >signals</EVENT>
<TIMEX3 tid="t123" type="DATE" temporalFunction="true" functionInDocument="NONE" value="1998-03-01" anchorTimeID="t122" >Sunday</TIMEX3> that <ENAMEX TYPE="LOCATION">Israel</ENAMEX> <EVENT eid="e3" class="I_STATE" >wants</EVENT> <SIGNAL sid="s4" >to</SIGNAL> <EVENT eid="e5" class="OCCURRENCE" >withdraw</EVENT> from <ENAMEX TYPE="LOCATION">southern Lebanon</ENAMEX>, where a
costly <EVENT eid="e6" class="OCCURRENCE" >war</EVENT> of attrition has been steadily <EVENT eid="e7" class="I_ACTION" >claiming</EVENT> soldiers' lives.</s>
<s><ENAMEX TYPE="PERSON">Prime Minister Benjamin Netanyahu</ENAMEX> <EVENT eid="e8" class="REPORTING" >told</EVENT> his <ENAMEX TYPE="LOCATION">Cabinet</ENAMEX> on <TIMEX3 tid="t125" type="DATE" temporalFunction="true" functionInDocument="NONE" value="1998-03-01" anchorTimeID="t122" >Sunday</TIMEX3>
that <ENAMEX TYPE="LOCATION">Israel</ENAMEX> was <EVENT eid="e1990" class="I_STATE" >willing</EVENT> <SIGNAL sid="s9" >to</SIGNAL> <EVENT eid="e10" class="OCCURRENCE" >withdraw</EVENT> from <ENAMEX TYPE="LOCATION">southern Lebanon</ENAMEX> provided
<ENAMEX TYPE="LOCATION">Israel</ENAMEX>'s northern frontier <SIGNAL sid="s13" >could</SIGNAL> be <EVENT eid="e12" class="OCCURRENCE" >secured</EVENT>.</s>
<s>``<SIGNAL sid="s1991" >If</SIGNAL> the Lebanese government will <EVENT eid="e14" class="OCCURRENCE" >cooperate</EVENT> with us <SIGNAL sid="s15" >in</SIGNAL> <EVENT eid="e16" class="OCCURRENCE" >making</EVENT>
appropriate security arrangements in <ENAMEX TYPE="LOCATION">south Lebanon</ENAMEX>, we will be
happy <SIGNAL sid="s17" >to</SIGNAL> <EVENT eid="e18" class="OCCURRENCE" >get</EVENT> out of <ENAMEX TYPE="LOCATION">Lebanon</ENAMEX> in the framework of implementation of
<ENAMEX TYPE="ORGANIZATION">U.N. Resolution</ENAMEX> <CARDINAL>425</CARDINAL>,'' <ENAMEX TYPE="PERSON">Netanyahu</ENAMEX> <EVENT eid="e20" class="REPORTING" >told</EVENT> his ministers.</s>
<s>That <TIMEX3 tid="t128" type="DATE" temporalFunction="false" functionInDocument="NONE" value="1978" >1978</TIMEX3> <EVENT eid="e21" class="OCCURRENCE" >resolution</EVENT> <EVENT eid="e22" class="OCCURRENCE" >calls</EVENT> for <ENAMEX TYPE="LOCATION">Israel</ENAMEX>'s unconditional <EVENT eid="e23" class="OCCURRENCE" >withdrawal</EVENT>
from the self-declared security zone it <EVENT eid="e24" class="OCCURRENCE" >occupies</EVENT> in <ENAMEX TYPE="LOCATION">south Lebanon</ENAMEX>,
and for the <EVENT eid="e25" class="OCCURRENCE" >deployment</EVENT> of the Lebanese army and <ENAMEX TYPE="ORGANIZATION">U.N.</ENAMEX> forces <SIGNAL sid="s26" >to</SIGNAL> <EVENT eid="e27" class="OCCURRENCE" >ensure</EVENT> security along the Lebanese-Israeli border.</s>
<s>On <TIMEX3 tid="t127" type="DATE" temporalFunction="true" functionInDocument="NONE" value="1998-02-27" anchorTimeID="t122" >Friday</TIMEX3>, <ENAMEX TYPE="PERSON">Netanyahu</ENAMEX> <EVENT eid="e29" class="REPORTING" >said</EVENT> he <EVENT eid="e30" class="OCCURRENCE" >had</EVENT> ``<SIGNAL sid="s31" >no</SIGNAL> qualms'' about
<EVENT eid="e32" class="OCCURRENCE" >implementing</EVENT> the <ENAMEX TYPE="ORGANIZATION">U.N.</ENAMEX> resolution, as long as <ENAMEX TYPE="LOCATION">Israel</ENAMEX> <EVENT eid="e33" class="OCCURRENCE" >had</EVENT> ``the
necessary security safeguards.''</s>
<s><ENAMEX TYPE="PERSON">Cabinet minister Michael Eitan</ENAMEX> <EVENT eid="e35" class="REPORTING" >said</EVENT> <TIMEX3 tid="t129" type="DATE" temporalFunction="false" functionInDocument="NONE" value="1998-03-01" anchorTimeID="t122" >Sunday</TIMEX3> that <ENAMEX TYPE="PERSON">Netanyahu</ENAMEX>'s
<EVENT eid="e36" class="OCCURRENCE" >remarks</EVENT> <EVENT eid="e37" class="OCCURRENCE" >marked</EVENT> a substantive <EVENT eid="e38" class="OCCURRENCE" >change</EVENT> in <ENAMEX TYPE="LOCATION">Israel</ENAMEX>'s position.</s>
<s>``We will <EVENT eid="e39" class="OCCURRENCE" >defend</EVENT> our north from the international border,'' <EVENT eid="e40" class="REPORTING" >said</EVENT>
<ENAMEX TYPE="PERSON">Eitan, the science minister</ENAMEX>.</s> <s>``<SIGNAL sid="s130" >No</SIGNAL> one <EVENT eid="e41" class="I_STATE" >wants</EVENT> <SIGNAL sid="s42" >to</SIGNAL> <EVENT eid="e43" class="OCCURRENCE" >stay</EVENT> in <ENAMEX TYPE="LOCATION">Lebanon</ENAMEX>;
thus we <EVENT eid="e44" class="I_STATE" >think</EVENT> it <EVENT eid="e131" class="I_STATE" >better</EVENT> <SIGNAL sid="s45" >to</SIGNAL> <EVENT eid="e46" class="OCCURRENCE" >withdraw</EVENT>.''</s>
<s><ENAMEX TYPE="PERSON">Uri Lubrani</ENAMEX>, <ENAMEX TYPE="LOCATION">Israel</ENAMEX>'s top official for <ENAMEX TYPE="LOCATION">Lebanon</ENAMEX> affairs, also <EVENT eid="e47" class="OCCURRENCE" >suggested</EVENT> <ENAMEX TYPE="LOCATION">Israel</ENAMEX> was <EVENT eid="e132" class="I_STATE" >willing</EVENT> <SIGNAL sid="s48" >to</SIGNAL> <EVENT eid="e49" class="OCCURRENCE" >modify</EVENT> its political goals in
<ENAMEX TYPE="LOCATION">Lebanon</ENAMEX>.</s>
<s>``This is a new thing...it means that we are <EVENT eid="e133" class="I_STATE" >willing</EVENT> <SIGNAL sid="s53" >to</SIGNAL> <EVENT eid="e54" class="OCCURRENCE" >talk</EVENT>
<TIMEX3 tid="t134" type="DATE" temporalFunction="true" functionInDocument="NONE" value="1998-03-01" anchorTimeID="t122" >today</TIMEX3> _ full stop _ about security,'' <ENAMEX TYPE="PERSON">Lubrani</ENAMEX> <EVENT eid="e57" class="REPORTING" >told</EVENT> <ENAMEX TYPE="LOCATION">Israel</ENAMEX>'s <ENAMEX TYPE="LOCATION">Channel</ENAMEX>
One.</s> <s>``We have <EVENT eid="e58" class="OCCURRENCE" >gotten</EVENT> off the issue of peace, off the issue of
normalization.''</s>
<s>As the death toll in <ENAMEX TYPE="LOCATION">Lebanon</ENAMEX> has <EVENT eid="e60" class="OCCURRENCE" >mounted</EVENT>, the Israeli government
has been <EVENT eid="e61" class="OCCURRENCE" >faced</EVENT> with a growing grassroots <EVENT eid="e62" class="OCCURRENCE" >movement</EVENT> <EVENT eid="e63" class="OCCURRENCE" >calling</EVENT> for
<ENAMEX TYPE="LOCATION">Israel</ENAMEX>'s unilateral <EVENT eid="e64" class="OCCURRENCE" >withdrawal</EVENT> from <ENAMEX TYPE="LOCATION">Lebanon</ENAMEX>.</s>
<s>Since <TIMEX3 tid="t1979" type="DATE" temporalFunction="false" functionInDocument="NONE" value="1985" >1985</TIMEX3> _ <SIGNAL sid="s65" >when</SIGNAL> the Israelis <EVENT eid="e66" class="OCCURRENCE" >created</EVENT> a security buffer zone
<ENAMEX TYPE="LOCATION">southern Lebanon</ENAMEX> _ nearly <CARDINAL>200</CARDINAL> Israeli soldiers have been <EVENT eid="e67" class="OCCURRENCE" >killed</EVENT>
<EVENT eid="e68" class="OCCURRENCE" >fighting</EVENT> <ENAMEX TYPE="ORGANIZATION">Hezbollah</ENAMEX> and other guerrillas.</s> <s><TIMEX3 tid="t1980" type="DATE" temporalFunction="true" functionInDocument="NONE" value="1998-W08" anchorTimeID="t122" >Last week</TIMEX3>, <ENAMEX TYPE="ORGANIZATION">Hezbollah</ENAMEX>
fighters <EVENT eid="e69" class="OCCURRENCE" >killed</EVENT> <CARDINAL>three</CARDINAL> Israeli soldiers and seriously <EVENT eid="e70" class="OCCURRENCE" >wounded</EVENT> <CARDINAL>six</CARDINAL>
others.</s>
<s>The Israelis <EVENT eid="e71" class="OCCURRENCE" >suffered</EVENT> a record <CARDINAL>39</CARDINAL> <EVENT eid="e73" class="OCCURRENCE" >deaths</EVENT> in <ENAMEX TYPE="LOCATION">southern Lebanon</ENAMEX>
<TIMEX3 tid="t1981" type="DURATION" temporalFunction="true" functionInDocument="NONE" value="1997" anchorTimeID="t122" >last year</TIMEX3>.</s> <s>In addition, <CARDINAL>73</CARDINAL> soldiers were <EVENT eid="e75" class="OCCURRENCE" >killed</EVENT> en route to <ENAMEX TYPE="LOCATION">Lebanon</ENAMEX>
<SIGNAL sid="s76" >when</SIGNAL> <CARDINAL>two</CARDINAL> military helicopters <EVENT eid="e77" class="OCCURRENCE" >crashed</EVENT> <TIMEX3 tid="t1982" type="DATE" temporalFunction="true" functionInDocument="NONE" value="1997-02" anchorTimeID="t122" >last February</TIMEX3>.</s>
<s>The Maariv newspaper <EVENT eid="e78" class="REPORTING" >said</EVENT> <TIMEX3 tid="t1983" type="DATE" temporalFunction="true" functionInDocument="NONE" value="1998-03-01" anchorTimeID="t122" >Sunday</TIMEX3> that <ENAMEX TYPE="PERSON">Netanyahu</ENAMEX>'s <EVENT eid="e79" class="OCCURRENCE" >comments</EVENT> <TIMEX3 tid="t1985" type="DATE" temporalFunction="true" functionInDocument="NONE" value="1998-W08" anchorTimeID="t122" >last
week</TIMEX3> were in response to <EVENT eid="e80" class="OCCURRENCE" >signals</EVENT> from <ENAMEX TYPE="LOCATION">Syria</ENAMEX> that it <EVENT eid="e81" class="I_STATE" >wants</EVENT> <SIGNAL sid="s82" >to</SIGNAL> <EVENT eid="e83" class="ASPECTUAL" >renew</EVENT>
the long-stalled peace <EVENT eid="e84" class="OCCURRENCE" >talks</EVENT> between the <CARDINAL>two</CARDINAL> countries.</s>
<s>The newspaper, <EVENT eid="e85" class="OCCURRENCE" >quoting</EVENT> ``secret <EVENT eid="e86" class="OCCURRENCE" >reports</EVENT>,'' <EVENT eid="e87" class="REPORTING" >said</EVENT> <ENAMEX TYPE="LOCATION">Syria</ENAMEX> had <EVENT eid="e88" class="I_ACTION" >indicated</EVENT> its interest <SIGNAL sid="s89" >in</SIGNAL> <EVENT eid="e90" class="OCCURRENCE" >resuming</EVENT> <EVENT eid="e91" class="OCCURRENCE" >talks</EVENT> <SIGNAL sid="s93" >in</SIGNAL> <EVENT eid="e92" class="OCCURRENCE" >remarks</EVENT> <EVENT eid="e94" class="OCCURRENCE" >made</EVENT> <TIMEX3 tid="t1986" type="DATE" temporalFunction="true" functionInDocument="NONE" value="1998-W08" anchorTimeID="t122" >last week</TIMEX3>
by the <ENAMEX TYPE="PERSON">Syrian ambassador to <ENAMEX TYPE="LOCATION">Washington</ENAMEX>, Walid Mualem</ENAMEX>, <SIGNAL sid="s96" >in</SIGNAL> a <EVENT eid="e95" class="OCCURRENCE" >lecture</EVENT>
to a closed forum in <ENAMEX TYPE="LOCATION">Baltimore</ENAMEX>.</s>
<s><CARDINAL>Two</CARDINAL> top aides to <ENAMEX TYPE="PERSON">Netanyahu</ENAMEX>, political <ENAMEX TYPE="PERSON">adviser Uzi Arad</ENAMEX> and
<ENAMEX TYPE="PERSON">Cabinet Secretary Danny Naveh</ENAMEX>, <EVENT eid="e97" class="OCCURRENCE" >left</EVENT> for <ENAMEX TYPE="LOCATION">Europe</ENAMEX> on <TIMEX3 tid="t1987" type="DATE" temporalFunction="true" functionInDocument="NONE" value="1998-03-01" anchorTimeID="t122" >Sunday</TIMEX3>,
apparently to <EVENT eid="e98" class="I_ACTION" >investigate</EVENT> the Syrian issue, the newspaper <EVENT eid="e99" class="REPORTING" >said</EVENT>.</s>
<s>Israel-Syrian <EVENT eid="e100" class="OCCURRENCE" >talks</EVENT> have been <EVENT eid="e101" class="OCCURRENCE" >cut</EVENT> off for <TIMEX3 mod="EQUAL_OR_LESS" tid="t1988" type="DURATION" temporalFunction="false" functionInDocument="NONE" value="P2Y" >nearly <CARDINAL>two</CARDINAL> years</TIMEX3>.</s>
<s><ENAMEX TYPE="PERSON"><ENAMEX TYPE="ORGANIZATION">Defense</ENAMEX> Minister Yitzhak Mordechai</ENAMEX> was the first senior Israeli
official to <EVENT eid="e102" class="OCCURRENCE" >refer</EVENT> to <ENAMEX TYPE="ORGANIZATION">U.N.</ENAMEX> resolution <CARDINAL>425</CARDINAL> <SIGNAL sid="s104" >in</SIGNAL> a <EVENT eid="e103" class="OCCURRENCE" >speech</EVENT> <TIMEX3 tid="t1989" type="DATE" temporalFunction="true" functionInDocument="NONE" value="1998-W02" anchorTimeID="t122" >six weeks ago</TIMEX3>,
<EVENT eid="e105" class="REPORTING" >saying</EVENT> <SIGNAL sid="s107" >at</SIGNAL> the <TIMEX3 tid="t1993" type="DATE" temporalFunction="true" functionInDocument="NONE" value="PAST_REF" anchorTimeID="t1989" >time</TIMEX3> he was <EVENT eid="e1994" class="I_STATE" >willing</EVENT> <SIGNAL sid="s108" >to</SIGNAL> <EVENT eid="e109" class="OCCURRENCE" >withdraw</EVENT> troops <SIGNAL sid="s111" >in</SIGNAL> <EVENT eid="e110" class="OCCURRENCE" >exchange</EVENT>
for <EVENT eid="e112" class="OCCURRENCE" >guarantees</EVENT> that <ENAMEX TYPE="LOCATION">Israel</ENAMEX> <SIGNAL sid="s114" >would</SIGNAL> <SIGNAL sid="s115" >not</SIGNAL> be <EVENT eid="e113" class="OCCURRENCE" >attacked</EVENT>.</s>
</TEXT>
UR (pvs-dh-lk)
(PROFILE
(WS SL:BC-Israel-Lebanon; CT:i;
(REG:MEST;)
(REG:ENGL;)
(REG:EURO;)
(REG:BRIT;)
(REG:SCAN;)
(LANG:ENGLISH;))
)
</BODY>
<TRAILER>
<s>AP-NY-03-01-98 1411EST</s>
</TRAILER>

<MAKEINSTANCE aspect="NONE" eiid="ei1998" tense="PAST" eventID="e1" />
<MAKEINSTANCE aspect="NONE" eiid="ei1999" tense="NONE" eventID="e124" />
<MAKEINSTANCE aspect="NONE" eiid="ei2000" tense="PRESENT" eventID="e3" />
<MAKEINSTANCE aspect="NONE" eiid="ei2001" tense="NONE" eventID="e5" />
<MAKEINSTANCE aspect="NONE" eiid="ei2002" tense="NONE" eventID="e6" />
<MAKEINSTANCE aspect="PERFECTIVE_PROGRESSIVE" eiid="ei2003" tense="PRESENT" eventID="e7" />
<MAKEINSTANCE aspect="NONE" eiid="ei2004" tense="PAST" eventID="e8" />
<MAKEINSTANCE aspect="NONE" eiid="ei2005" tense="PAST" eventID="e1990" />
<MAKEINSTANCE aspect="NONE" eiid="ei2006" tense="NONE" eventID="e10" />
<MAKEINSTANCE aspect="NONE" eiid="ei2007" tense="PAST" eventID="e12" />
<MAKEINSTANCE aspect="NONE" eiid="ei2008" tense="FUTURE" eventID="e14" />
<MAKEINSTANCE aspect="PROGRESSIVE" eiid="ei2009" tense="NONE" eventID="e16" />
<MAKEINSTANCE aspect="NONE" eiid="ei2010" tense="NONE" eventID="e18" />
<MAKEINSTANCE aspect="NONE" eiid="ei2011" tense="PAST" eventID="e20" />
<MAKEINSTANCE aspect="NONE" eiid="ei2012" tense="NONE" eventID="e21" />
<MAKEINSTANCE aspect="NONE" eiid="ei2013" tense="PRESENT" eventID="e22" />
<MAKEINSTANCE aspect="NONE" eiid="ei2014" tense="NONE" eventID="e23" />
<MAKEINSTANCE aspect="NONE" eiid="ei2015" tense="PRESENT" eventID="e24" />
<MAKEINSTANCE aspect="NONE" eiid="ei2016" tense="NONE" eventID="e25" />
<MAKEINSTANCE aspect="NONE" eiid="ei2017" tense="NONE" eventID="e27" />
<MAKEINSTANCE aspect="NONE" eiid="ei2018" tense="PAST" eventID="e29" />
<MAKEINSTANCE aspect="NONE" eiid="ei2019" tense="PAST" eventID="e30" />
<MAKEINSTANCE aspect="PROGRESSIVE" eiid="ei2020" tense="NONE" eventID="e32" />
<MAKEINSTANCE aspect="NONE" eiid="ei2021" tense="PAST" eventID="e33" />
<MAKEINSTANCE aspect="NONE" eiid="ei2022" tense="PAST" eventID="e35" />
<MAKEINSTANCE aspect="NONE" eiid="ei2023" tense="NONE" eventID="e36" />
<MAKEINSTANCE aspect="NONE" eiid="ei2024" tense="PAST" eventID="e37" />
<MAKEINSTANCE aspect="NONE" eiid="ei2025" tense="NONE" eventID="e38" />
<MAKEINSTANCE aspect="NONE" eiid="ei2026" tense="FUTURE" eventID="e39" />
<MAKEINSTANCE aspect="NONE" eiid="ei2027" tense="PAST" eventID="e40" />
<MAKEINSTANCE aspect="NONE" eiid="ei2028" tense="PRESENT" eventID="e41" />
<MAKEINSTANCE aspect="NONE" eiid="ei2029" tense="NONE" eventID="e43" />
<MAKEINSTANCE aspect="NONE" eiid="ei2030" tense="PRESENT" eventID="e44" />
<MAKEINSTANCE aspect="NONE" eiid="ei2031" tense="NONE" eventID="e131" />
<MAKEINSTANCE aspect="NONE" eiid="ei2032" tense="NONE" eventID="e46" />
<MAKEINSTANCE aspect="NONE" eiid="ei2033" tense="PAST" eventID="e47" />
<MAKEINSTANCE aspect="NONE" eiid="ei2034" tense="PAST" eventID="e132" />
<MAKEINSTANCE aspect="NONE" eiid="ei2035" tense="NONE" eventID="e49" />
<MAKEINSTANCE aspect="NONE" eiid="ei2036" tense="PRESENT" eventID="e133" />
<MAKEINSTANCE aspect="NONE" eiid="ei2037" tense="NONE" eventID="e54" />
<MAKEINSTANCE aspect="NONE" eiid="ei2038" tense="PAST" eventID="e57" />
<MAKEINSTANCE aspect="PERFECTIVE" eiid="ei2039" tense="PRESENT" eventID="e58" />
<MAKEINSTANCE aspect="PERFECTIVE" eiid="ei2040" tense="PRESENT" eventID="e60" />
<MAKEINSTANCE aspect="PERFECTIVE" eiid="ei2041" tense="PRESENT" eventID="e61" />
<MAKEINSTANCE aspect="NONE" eiid="ei2042" tense="NONE" eventID="e62" />
<MAKEINSTANCE aspect="PROGRESSIVE" eiid="ei2043" tense="NONE" eventID="e63" />
<MAKEINSTANCE aspect="NONE" eiid="ei2044" tense="NONE" eventID="e64" />
<MAKEINSTANCE aspect="NONE" eiid="ei2045" tense="PAST" eventID="e66" />
<MAKEINSTANCE aspect="PERFECTIVE" eiid="ei2046" tense="PRESENT" eventID="e67" />
<MAKEINSTANCE aspect="PROGRESSIVE" eiid="ei2047" tense="NONE" eventID="e68" />
<MAKEINSTANCE aspect="NONE" eiid="ei2048" tense="PAST" eventID="e69" />
<MAKEINSTANCE aspect="PERFECTIVE" eiid="ei2049" tense="NONE" eventID="e70" />
<MAKEINSTANCE aspect="NONE" eiid="ei2050" tense="PAST" eventID="e71" />
<MAKEINSTANCE aspect="NONE" eiid="ei2051" tense="NONE" eventID="e73" />
<MAKEINSTANCE aspect="NONE" eiid="ei2052" tense="PAST" eventID="e75" />
<MAKEINSTANCE aspect="NONE" eiid="ei2053" tense="PAST" eventID="e77" />
<MAKEINSTANCE aspect="NONE" eiid="ei2054" tense="PAST" eventID="e78" />
<MAKEINSTANCE aspect="NONE" eiid="ei2055" tense="NONE" eventID="e79" />
<MAKEINSTANCE aspect="NONE" eiid="ei2056" tense="NONE" eventID="e80" />
<MAKEINSTANCE aspect="NONE" eiid="ei2057" tense="PRESENT" eventID="e81" />
<MAKEINSTANCE aspect="NONE" eiid="ei2058" tense="NONE" eventID="e83" />
<MAKEINSTANCE aspect="NONE" eiid="ei2059" tense="NONE" eventID="e84" />
<MAKEINSTANCE aspect="PROGRESSIVE" eiid="ei2060" tense="NONE" eventID="e85" />
<MAKEINSTANCE aspect="NONE" eiid="ei2061" tense="NONE" eventID="e86" />
<MAKEINSTANCE aspect="NONE" eiid="ei2062" tense="PAST" eventID="e87" />
<MAKEINSTANCE aspect="PERFECTIVE" eiid="ei2063" tense="PAST" eventID="e88" />
<MAKEINSTANCE aspect="PROGRESSIVE" eiid="ei2064" tense="NONE" eventID="e90" />
<MAKEINSTANCE aspect="NONE" eiid="ei2065" tense="NONE" eventID="e91" />
<MAKEINSTANCE aspect="NONE" eiid="ei2066" tense="NONE" eventID="e92" />
<MAKEINSTANCE aspect="NONE" eiid="ei2067" tense="PAST" eventID="e94" />
<MAKEINSTANCE aspect="NONE" eiid="ei2068" tense="NONE" eventID="e95" />
<MAKEINSTANCE aspect="PERFECTIVE" eiid="ei2069" tense="NONE" eventID="e97" />
<MAKEINSTANCE aspect="NONE" eiid="ei2070" tense="NONE" eventID="e98" />
<MAKEINSTANCE aspect="NONE" eiid="ei2071" tense="PAST" eventID="e99" />
<MAKEINSTANCE aspect="NONE" eiid="ei2072" tense="NONE" eventID="e100" />
<MAKEINSTANCE aspect="PERFECTIVE" eiid="ei2073" tense="PRESENT" eventID="e101" />
<MAKEINSTANCE aspect="NONE" eiid="ei2074" tense="PRESENT" eventID="e102" />
<MAKEINSTANCE aspect="NONE" eiid="ei2075" tense="NONE" eventID="e103" />
<MAKEINSTANCE aspect="PROGRESSIVE" eiid="ei2076" tense="NONE" eventID="e105" />
<MAKEINSTANCE aspect="NONE" eiid="ei2077" tense="PAST" eventID="e1994" />
<MAKEINSTANCE aspect="NONE" eiid="ei2078" tense="NONE" eventID="e109" />
<MAKEINSTANCE aspect="NONE" eiid="ei2079" tense="NONE" eventID="e110" />
<MAKEINSTANCE aspect="NONE" eiid="ei2080" tense="NONE" eventID="e112" />
<MAKEINSTANCE aspect="NONE" eiid="ei2081" tense="PAST" eventID="e113" />
<TLINK relatedToEventInstance="ei1998" eventInstanceID="ei1999" relType="AFTER" />
<TLINK relatedToEventInstance="ei2078" eventInstanceID="ei2080" relType="SIMULTANEOUS" />
<TLINK relatedToEventInstance="ei2078" eventInstanceID="ei2079" relType="SIMULTANEOUS" />
<TLINK relatedToTime="t1993" eventInstanceID="ei2076" relType="IS_INCLUDED" />
<TLINK relatedToEventInstance="ei2074" eventInstanceID="ei2076" relType="SIMULTANEOUS" />
<TLINK relatedToEventInstance="ei2075" timeID="t1989" relType="INCLUDES" />
<TLINK relatedToEventInstance="ei2074" eventInstanceID="ei2075" relType="INCLUDES" />
<TLINK relatedToTime="t1988" eventInstanceID="ei2073" relType="DURING" />
<TLINK relatedToEventInstance="ei2069" timeID="t1987" relType="INCLUDES" />
<TLINK relatedToEventInstance="ei2068" timeID="t1986" relType="INCLUDES" />
<TLINK relatedToEventInstance="ei2066" eventInstanceID="ei2068" relType="INCLUDES" />
<TLINK relatedToEventInstance="ei2066" timeID="t1986" relType="INCLUDES" />
<TLINK relatedToEventInstance="ei2066" eventInstanceID="ei2067" relType="SIMULTANEOUS" />
<TLINK relatedToEventInstance="ei2063" eventInstanceID="ei2066" relType="INCLUDES" />
<TLINK relatedToEventInstance="ei2063" eventInstanceID="ei2064" relType="AFTER" />
<TLINK relatedToEventInstance="ei2060" eventInstanceID="ei2061" relType="BEFORE" />
<TLINK relatedToEventInstance="ei2060" eventInstanceID="ei2062" relType="SIMULTANEOUS" />
<TLINK relatedToEventInstance="ei2056" eventInstanceID="ei2057" relType="DURING" />
<TLINK relatedToEventInstance="ei2055" eventInstanceID="ei2056" relType="BEFORE" />
<TLINK relatedToEventInstance="ei2055" timeID="t1985" relType="INCLUDES" />
<TLINK relatedToEventInstance="ei2054" timeID="t1983" relType="INCLUDES" />
<TLINK relatedToEventInstance="ei2052" timeID="t1982" relType="INCLUDES" />
<TLINK relatedToEventInstance="ei2052" eventInstanceID="ei2053" relType="SIMULTANEOUS" />
<TLINK relatedToEventInstance="ei2050" timeID="t1981" relType="INCLUDES" />
<TLINK relatedToEventInstance="ei2050" eventInstanceID="ei2051" relType="SIMULTANEOUS" />
<TLINK relatedToTime="t1980" eventInstanceID="ei2049" relType="IS_INCLUDED" />
<TLINK relatedToTime="t1980" eventInstanceID="ei2048" relType="IS_INCLUDED" />
<TLINK relatedToEventInstance="ei2046" eventInstanceID="ei2047" relType="SIMULTANEOUS" />
<TLINK relatedToTime="t1979" eventInstanceID="ei2046" relType="AFTER" />
<TLINK signalID="s65" relatedToTime="t1979" eventInstanceID="ei2045" relType="IS_INCLUDED" />
<TLINK relatedToEventInstance="ei2042" eventInstanceID="ei2043" relType="SIMULTANEOUS" />
<TLINK relatedToTime="t122" eventInstanceID="ei2042" relType="DURING" />
<TLINK relatedToEventInstance="ei2041" timeID="t122" relType="DURING" />
<TLINK relatedToEventInstance="ei2040" eventInstanceID="ei2041" relType="AFTER" />
<TLINK relatedToEventInstance="ei2040" timeID="t122" relType="AFTER" />
<TLINK relatedToEventInstance="ei2039" timeID="t122" relType="BEFORE" />
<TLINK relatedToEventInstance="ei2037" timeID="t134" relType="INCLUDES" />
<TLINK relatedToEventInstance="ei2024" eventInstanceID="ei2025" relType="SIMULTANEOUS" />
<TLINK relatedToEventInstance="ei2023" eventInstanceID="ei2024" relType="SIMULTANEOUS" />
<TLINK relatedToTime="t129" eventInstanceID="ei2022" relType="IS_INCLUDED" />
<TLINK relatedToEventInstance="ei2020" eventInstanceID="ei2021" relType="SIMULTANEOUS" />
<TLINK relatedToTime="t127" eventInstanceID="ei2018" relType="IS_INCLUDED" />
<TLINK relatedToEventInstance="ei2016" signalID="s26" eventInstanceID="ei2017" relType="AFTER" />
<TLINK relatedToTime="t122" eventInstanceID="ei2015" relType="DURING" />
<TLINK relatedToTime="t122" eventInstanceID="ei2013" relType="DURING" />
<TLINK relatedToTime="t128" eventInstanceID="ei2012" relType="IS_INCLUDED" />
<TLINK relatedToEventInstance="ei2008" signalID="s17" eventInstanceID="ei2010" relType="AFTER" />
<TLINK relatedToEventInstance="ei2008" eventInstanceID="ei2009" relType="SIMULTANEOUS" />
<TLINK relatedToEventInstance="ei2008" timeID="t122" relType="BEFORE" />
<TLINK relatedToEventInstance="ei2005" eventInstanceID="ei2007" relType="SIMULTANEOUS" />
<TLINK relatedToEventInstance="ei2004" timeID="t125" relType="INCLUDES" />
<TLINK relatedToTime="t122" eventInstanceID="ei2002" relType="INCLUDES" />
<TLINK relatedToTime="t122" eventInstanceID="ei2000" relType="DURING" />
<TLINK relatedToEventInstance="ei1998" timeID="t123" relType="INCLUDES" />
<SLINK subordinatedEventInstance="ei2078" eventInstanceID="ei2077" relType="MODAL" />
<SLINK subordinatedEventInstance="ei2077" eventInstanceID="ei2076" relType="EVIDENTIAL" />
<SLINK subordinatedEventInstance="ei2070" eventInstanceID="ei2071" relType="EVIDENTIAL" />
<SLINK subordinatedEventInstance="ei2069" eventInstanceID="ei2071" relType="EVIDENTIAL" />
<SLINK subordinatedEventInstance="ei2070" eventInstanceID="ei2069" relType="MODAL" />
<SLINK subordinatedEventInstance="ei2063" eventInstanceID="ei2062" relType="EVIDENTIAL" />
<SLINK signalID="s82" subordinatedEventInstance="ei2058" eventInstanceID="ei2057" relType="MODAL" />
<SLINK subordinatedEventInstance="ei2055" eventInstanceID="ei2054" relType="EVIDENTIAL" />
<SLINK subordinatedEventInstance="ei2044" eventInstanceID="ei2043" relType="MODAL" />
<SLINK subordinatedEventInstance="ei2036" eventInstanceID="ei2038" relType="EVIDENTIAL" />
<SLINK signalID="s53" subordinatedEventInstance="ei2036" eventInstanceID="ei2037" relType="MODAL" />
<SLINK signalID="s48" subordinatedEventInstance="ei2035" eventInstanceID="ei2034" relType="MODAL" />
<SLINK subordinatedEventInstance="ei2034" eventInstanceID="ei2033" relType="EVIDENTIAL" />
<SLINK subordinatedEventInstance="ei2030" eventInstanceID="ei2032" relType="MODAL" />
<SLINK subordinatedEventInstance="ei2030" eventInstanceID="ei2031" relType="EVIDENTIAL" />
<SLINK subordinatedEventInstance="ei2030" eventInstanceID="ei2027" relType="EVIDENTIAL" />
<SLINK subordinatedEventInstance="ei2028" eventInstanceID="ei2027" relType="EVIDENTIAL" />
<SLINK subordinatedEventInstance="ei2029" eventInstanceID="ei2028" relType="MODAL" />
<SLINK subordinatedEventInstance="ei2026" eventInstanceID="ei2027" relType="EVIDENTIAL" />
<SLINK subordinatedEventInstance="ei2024" eventInstanceID="ei2022" relType="EVIDENTIAL" />
<SLINK subordinatedEventInstance="ei2020" eventInstanceID="ei2018" relType="EVIDENTIAL" />
<SLINK subordinatedEventInstance="ei2019" eventInstanceID="ei2018" relType="EVIDENTIAL" />
<SLINK subordinatedEventInstance="ei2016" eventInstanceID="ei2013" relType="MODAL" />
<SLINK subordinatedEventInstance="ei2014" eventInstanceID="ei2013" relType="MODAL" />
<SLINK subordinatedEventInstance="ei2008" eventInstanceID="ei2004" relType="EVIDENTIAL" />
<SLINK subordinatedEventInstance="ei2010" eventInstanceID="ei2004" relType="EVIDENTIAL" />
<SLINK subordinatedEventInstance="ei2006" eventInstanceID="ei2005" relType="MODAL" />
<SLINK subordinatedEventInstance="ei2004" eventInstanceID="ei2005" relType="EVIDENTIAL" />
<SLINK signalID="s4" subordinatedEventInstance="ei2001" eventInstanceID="ei2000" relType="MODAL" />
<ALINK relatedToEventInstance="ei2072" eventInstanceID="ei2073" relType="TERMINATES" />
<ALINK relatedToEventInstance="ei2065" eventInstanceID="ei2064" relType="CONTINUES" />
<ALINK relatedToEventInstance="ei2059" eventInstanceID="ei2058" relType="CONTINUES" />
</TimeML>
