<?xml version="1.0" ?>
<TimeML xmlns:xsi="http://www.w3.org/2001/XMLSchema-instance" xsi:noNamespaceSchemaLocation="TimeML1.1.xsd" >
<DOCNO> APW19980227.0494 </DOCNO>
<DOCTYPE SOURCE="newswire"> NEWS STORY </DOCTYPE>
<DATE_TIME> <TIMEX3 tid="t142" type="DATE" temporalFunction="false" functionInDocument="CREATION_TIME" value="1998-02-27T08:17:00" >02/27/1998 08:17:00</TIMEX3> </DATE_TIME>
<HEADER>
w2399 Cx1f wstm-
r i Cx13  Cx11  BC-Russia-Ukraine 1stLd-Writethru   02-27 0647
</HEADER>
<BODY>
<SLUG> BC-Russia-Ukraine, 1st Ld-Writethru </SLUG>
<HEADLINE>
Russia, Ukraine sign plan, Yeltsin claims progress in major
</HEADLINE>
disputes QL
UR Eds: UPDATES throughout with joint statement of two presidents,
UPGRADES attribution, CORRECTS in graf 14 that An-70 is cargo
plane. QL
UR By ANNA DOLGOV QC
UR Associated Press Writer QC

<TEXT>
<s><ENAMEX TYPE="LOCATION">MOSCOW</ENAMEX> (<ENAMEX TYPE="ORGANIZATION">AP</ENAMEX>) <ENAMEX TYPE="PERSON"><ENAMEX TYPE="ORGANIZATION">_</ENAMEX> Presidents Leonid Kuchma of <ENAMEX TYPE="LOCATION">Ukraine</ENAMEX></ENAMEX> and <ENAMEX TYPE="PERSON">Boris
Yeltsin of <ENAMEX TYPE="LOCATION">Russia</ENAMEX></ENAMEX> <EVENT eid="e1" class="OCCURRENCE" >signed</EVENT> an economic cooperation plan <TIMEX3 tid="t2297" type="DATE" temporalFunction="true" functionInDocument="NONE" value="1998-02-27" anchorTimeID="t142" >Friday</TIMEX3>, and
<ENAMEX TYPE="ORGANIZATION">Yeltsin</ENAMEX> <EVENT eid="e2" class="I_ACTION" >claimed</EVENT> they <EVENT eid="e3" class="OCCURRENCE" >resolved</EVENT> even more nagging problems.</s>
<s><ENAMEX TYPE="LOCATION">Russia</ENAMEX> and <ENAMEX TYPE="LOCATION">Ukraine</ENAMEX> share similar cultures and languages, and
<ENAMEX TYPE="LOCATION">Ukraine</ENAMEX> was <EVENT eid="e4" class="OCCURRENCE" >ruled</EVENT> from <ENAMEX TYPE="LOCATION">Moscow</ENAMEX> <SIGNAL sid="s2010" >for</SIGNAL> <TIMEX3 tid="t154" type="DURATION" temporalFunction="true" functionInDocument="NONE" value="PXE" >centuries</TIMEX3>.</s> <s>But while the <CARDINAL>two</CARDINAL>
Slavic neighbors see themselves as natural partners, their
relations <SIGNAL sid="s9" >since</SIGNAL> the <EVENT eid="e8" class="OCCURRENCE" >breakup</EVENT> of the <ENAMEX TYPE="LOCATION">Soviet Union</ENAMEX> have been <EVENT eid="e10" class="OCCURRENCE" >bedeviled</EVENT>
<SIGNAL sid="s155" >by</SIGNAL> a number of <EVENT eid="e11" class="OCCURRENCE" >disputes</EVENT> _ <ENAMEX TYPE="LOCATION">Black</ENAMEX> Sea naval bases, border problems
and <ENAMEX TYPE="LOCATION">Ukraine</ENAMEX>'s natural gas debts.</s>
<s>``We have <EVENT eid="e12" class="OCCURRENCE" >covered</EVENT> the entire list of questions and <EVENT eid="e15" class="OCCURRENCE" >discussed</EVENT> how
we will be <EVENT eid="e16" class="OCCURRENCE" >tackling</EVENT> them,'' <ENAMEX TYPE="ORGANIZATION">Yeltsin</ENAMEX> was <EVENT eid="e17" class="REPORTING" >quoted</EVENT> as <EVENT eid="e18" class="REPORTING" >saying</EVENT> by the
<ENAMEX TYPE="ORGANIZATION">ITAR-Tass</ENAMEX> news agency.</s> <s>``I <SIGNAL sid="s19" >must</SIGNAL>  <EVENT eid="e20" class="REPORTING" >say</EVENT> there are no unsettled problems
any more.</s> <s>We have <EVENT eid="e22" class="OCCURRENCE" >solved</EVENT> them all.''</s>
<s>But his sweeping statement contained no details, and gave no
indication of how the <EVENT eid="e28" class="OCCURRENCE" >disputes</EVENT> <SIGNAL sid="s30" >could</SIGNAL> be <EVENT eid="e29" class="OCCURRENCE" >resolved</EVENT>.</s> <s>Their solution
<SIGNAL sid="s33" >would</SIGNAL> <EVENT eid="e32" class="I_STATE" >require</EVENT> a <EVENT eid="e34" class="OCCURRENCE" >compromise</EVENT> between the <CARDINAL>two</CARDINAL> nations' parliaments.</s>
<s>A major <EVENT eid="e37" class="OCCURRENCE" >dispute</EVENT> concerns a broad political treaty calling for
border demarcation, which the <CARDINAL>two</CARDINAL> presidents <EVENT eid="e41" class="OCCURRENCE" >signed</EVENT> <TIMEX3 tid="t143" type="DATE" temporalFunction="true" functionInDocument="NONE" value="1998-02-27" anchorTimeID="t142" >last May</TIMEX3>.</s>
<s>In effect, the treaty amounts to Russian recognition of
<ENAMEX TYPE="LOCATION">Ukraine</ENAMEX>'s sovereignty and borders, and the Ukrainian parliament has already <EVENT eid="e43" class="OCCURRENCE" >ratified</EVENT> it.</s> <s>However, <ENAMEX TYPE="LOCATION">Russia</ENAMEX> has <EVENT eid="e44" class="I_ACTION" >stalled</EVENT> <EVENT eid="e45" class="OCCURRENCE" >ratification</EVENT>,
<EVENT eid="e46" class="I_ACTION" >trying</EVENT> <SIGNAL sid="s47" >to</SIGNAL> <EVENT eid="e48" class="OCCURRENCE" >tie</EVENT> it to an <EVENT eid="e49" class="OCCURRENCE" >agreement</EVENT> that <SIGNAL sid="s51" >would</SIGNAL> <EVENT eid="e50" class="I_ACTION" >permit</EVENT> the Russian navy
<SIGNAL sid="s52" >to</SIGNAL> <EVENT eid="e53" class="OCCURRENCE" >use</EVENT> a naval base on <ENAMEX TYPE="LOCATION">Ukraine</ENAMEX>'s <ENAMEX TYPE="LOCATION">Crimean</ENAMEX> peninsula <SIGNAL sid="s2082" >for</SIGNAL> <TIMEX3 mod="EQUAL_OR_MORE" tid="t2300" type="DURATION" temporalFunction="false" functionInDocument="NONE" value="P20Y" ><CARDINAL>at least 20</CARDINAL>
more years</TIMEX3>.</s>
<s>In their joint statement <EVENT eid="e55" class="OCCURRENCE" >issued</EVENT> <SIGNAL sid="s57" >after</SIGNAL> the <EVENT eid="e56" class="OCCURRENCE" >talks</EVENT>, <ENAMEX TYPE="ORGANIZATION">Yeltsin</ENAMEX> and
<ENAMEX TYPE="PERSON">Kuchma</ENAMEX> <EVENT eid="e58" class="I_ACTION" >called</EVENT> for the fastest possible <EVENT eid="e59" class="OCCURRENCE" >ratification</EVENT> of the treaty,
<EVENT eid="e61" class="REPORTING" >saying</EVENT> it <SIGNAL sid="s63" >would</SIGNAL> <EVENT eid="e62" class="OCCURRENCE" >create</EVENT> a ``strong legal foundation'' for bilateral
ties and <EVENT eid="e64" class="OCCURRENCE" >help</EVENT> stability in <ENAMEX TYPE="LOCATION">Europe</ENAMEX>.</s>
<s><ENAMEX TYPE="PERSON">Kuchma</ENAMEX> <EVENT eid="e65" class="I_ACTION" >assured</EVENT> <ENAMEX TYPE="ORGANIZATION">Yeltsin</ENAMEX> that <ENAMEX TYPE="LOCATION">Ukraine</ENAMEX> <SIGNAL sid="s67" >would</SIGNAL> <SIGNAL sid="s68" >not</SIGNAL> <EVENT eid="e66" class="OCCURRENCE" >join</EVENT> <ENAMEX TYPE="ORGANIZATION">NATO</ENAMEX>,
<ENAMEX TYPE="PERSON"><ENAMEX TYPE="ORGANIZATION">Yeltsin</ENAMEX>'s spokesman Sergei Yastrzhembsky</ENAMEX> <EVENT eid="e69" class="REPORTING" >said</EVENT>, <EVENT eid="e156" class="REPORTING" >according</EVENT> to the
<ENAMEX TYPE="ORGANIZATION">Interfax</ENAMEX> news agency.</s> <s>The Russian leadership has staunchly <EVENT eid="e71" class="I_ACTION" >opposed</EVENT>
the western alliance's <EVENT eid="e72" class="OCCURRENCE" >expansion</EVENT> into <ENAMEX TYPE="LOCATION">Eastern Europe</ENAMEX>.</s>
<s>In their joint statement, <EVENT eid="e74" class="OCCURRENCE" >released</EVENT> by the <ENAMEX TYPE="ORGANIZATION">Kremlin</ENAMEX>, the <CARDINAL>two</CARDINAL>
leaders also <EVENT eid="e75" class="I_ACTION" >pledged</EVENT> <SIGNAL sid="s76" >to</SIGNAL> <EVENT eid="e77" class="OCCURRENCE" >consult</EVENT> each other regularly on their
approaches to relations with <ENAMEX TYPE="ORGANIZATION">NATO</ENAMEX> and, in particular, their action
within the framework of <ENAMEX TYPE="ORGANIZATION">NATO</ENAMEX>'s Partnership for Peace program.</s>
<s><TIMEX3 mod="MORE_THAN" tid="t146" type="DURATION" temporalFunction="true" functionInDocument="NONE" value="P20M" anchorTimeID="t142" >Last year</TIMEX3>, Russian officials <EVENT eid="e82" class="OCCURRENCE" >assailed</EVENT> <ENAMEX TYPE="LOCATION">Ukraine</ENAMEX> for <EVENT eid="e83" class="OCCURRENCE" >holding</EVENT> joint
naval <EVENT eid="e84" class="OCCURRENCE" >exercises</EVENT> with <ENAMEX TYPE="ORGANIZATION">NATO</ENAMEX> in the <ENAMEX TYPE="ORGANIZATION">Black Sea _</ENAMEX> an area <ENAMEX TYPE="LOCATION">Moscow</ENAMEX>
considers its own turf.</s>
<s><ENAMEX TYPE="PERSON">Kuchma</ENAMEX> has <EVENT eid="e86" class="REPORTING" >said</EVENT> repeatedly that <ENAMEX TYPE="LOCATION">Ukraine</ENAMEX> <SIGNAL sid="s88" >would</SIGNAL> <EVENT eid="e87" class="STATE" >remain</EVENT> neutral for
the foreseeable future.</s>
<s><ENAMEX TYPE="ORGANIZATION">Yeltsin</ENAMEX> and <ENAMEX TYPE="PERSON">Kuchma</ENAMEX> also <EVENT eid="e89" class="I_ACTION" >called</EVENT> for <EVENT eid="e90" class="OCCURRENCE" >developing</EVENT> the stagnant
relations between the members of the <ENAMEX TYPE="ORGANIZATION">Commonwealth</ENAMEX> of <ENAMEX TYPE="LOCATION">Independent
States</ENAMEX>, a loose coalition of former Soviet republics.</s> <s>In <TIMEX3 tid="t149" type="DATE" temporalFunction="true" functionInDocument="NONE" value="PAST_REF" anchorTimeID="t142" >the past</TIMEX3>,
<ENAMEX TYPE="LOCATION">Russia</ENAMEX> has often <EVENT eid="e92" class="I_ACTION" >claimed</EVENT> that <ENAMEX TYPE="LOCATION">Ukraine</ENAMEX> was <EVENT eid="e93" class="OCCURRENCE" >undermining</EVENT> efforts at
closer cooperation within the <ENAMEX TYPE="ORGANIZATION">CIS</ENAMEX>.</s>
<s>A major goal of <ENAMEX TYPE="PERSON">Kuchma</ENAMEX>'s <TIMEX3 tid="t150" type="DURATION" temporalFunction="true" functionInDocument="NONE" value="P4D" >four-day</TIMEX3> state <EVENT eid="e98" class="OCCURRENCE" >visit</EVENT> was the <EVENT eid="e158" class="OCCURRENCE" >signing</EVENT> of
a 10-year economic program <EVENT eid="e99" class="I_ACTION" >aimed</EVENT> <SIGNAL sid="s100" >at</SIGNAL> <EVENT eid="e101" class="OCCURRENCE" >doubling</EVENT> the <CARDINAL>two</CARDINAL> nations' trade
turnover, which <EVENT eid="e102" class="OCCURRENCE" >fell</EVENT> to dlrs <CARDINAL>14 billion</CARDINAL> <TIMEX3 tid="t2303" type="DATE" temporalFunction="true" functionInDocument="NONE" value="1997" anchorTimeID="t142" >last year</TIMEX3>, down dlrs <CARDINAL>2.5
billion</CARDINAL> <SIGNAL sid="s2177" >from</SIGNAL> <TIMEX3 tid="t152" type="DATE" temporalFunction="false" functionInDocument="NONE" value="1996" >1996</TIMEX3>.</s>
<s>The <CARDINAL>two</CARDINAL> presidents <SIGNAL sid="s159" >on</SIGNAL> <TIMEX3 tid="t151" type="DATE" temporalFunction="true" functionInDocument="NONE" value="1997" anchorTimeID="t142" >Friday</TIMEX3> <EVENT eid="e105" class="OCCURRENCE" >signed</EVENT> the plan, which <EVENT eid="e106" class="I_ACTION" >calls</EVENT> <SIGNAL sid="s2202" >for</SIGNAL>
<EVENT eid="e107" class="OCCURRENCE" >cooperation</EVENT> in the metallurgy, fuel, energy, aircraft building,
missile, space and chemical industries.</s> <s>A major project is joint
<EVENT eid="e111" class="OCCURRENCE" >manufacturing</EVENT> of An-70 cargo planes, the <ENAMEX TYPE="ORGANIZATION">Kremlin</ENAMEX> statement <EVENT eid="e112" class="REPORTING" >said</EVENT>.</s>
<s>The program also <EVENT eid="e113" class="I_ACTION" >calls</EVENT> <SIGNAL sid="s2209" >for</SIGNAL> <EVENT eid="e114" class="OCCURRENCE" >coordination</EVENT> of economic reforms and
joint <EVENT eid="e116" class="OCCURRENCE" >improvement</EVENT> of social programs in the <CARDINAL>two</CARDINAL> countries, where
many people have become <EVENT eid="e118" class="OCCURRENCE" >impoverished</EVENT> <SIGNAL sid="s120" >during</SIGNAL> the chaotic post-Soviet
<EVENT eid="e119" class="OCCURRENCE" >transition</EVENT> to capitalism.</s>
<s><ENAMEX TYPE="PERSON">Kuchma</ENAMEX> also <EVENT eid="e121" class="I_STATE" >planned</EVENT> <SIGNAL sid="s122" >to</SIGNAL> <EVENT eid="e123" class="OCCURRENCE" >visit</EVENT> Russian gas giant <ENAMEX TYPE="ORGANIZATION">Gazprom</ENAMEX>, most
<SIGNAL sid="s2288" >likely</SIGNAL> to <EVENT eid="e125" class="OCCURRENCE" >discuss</EVENT> <ENAMEX TYPE="LOCATION">Ukraine</ENAMEX>'s dlrs <CARDINAL>1.2 billion</CARDINAL> debt to the company.</s>
<s>(pvs/<ENAMEX TYPE="PERSON">vi</ENAMEX>/<ENAMEX TYPE="PERSON">ji</ENAMEX>)</s>
</TEXT>
(PROFILE
(WS SL:BC-Russia-Ukraine, 1st Ld-Writethru; CT:i;
(REG:EURO;)
(REG:BRIT;)
(REG:SCAN;)
(REG:MEST;)
(REG:AFRI;)
(REG:INDI;)
(REG:ENGL;)
(REG:ASIA;)
(LANG:ENGLISH;))
)
</BODY>
<TRAILER>
<s>AP-NY-02-27-98 0817EST</s>
</TRAILER>

<MAKEINSTANCE aspect="NONE" eiid="ei2306" tense="PAST" eventID="e1" />
<MAKEINSTANCE aspect="NONE" eiid="ei2307" tense="PAST" eventID="e2" />
<MAKEINSTANCE aspect="NONE" eiid="ei2308" tense="PAST" eventID="e3" />
<MAKEINSTANCE aspect="NONE" eiid="ei2309" tense="PAST" eventID="e4" />
<MAKEINSTANCE aspect="NONE" eiid="ei2310" tense="NONE" eventID="e8" />
<MAKEINSTANCE aspect="PERFECTIVE" eiid="ei2311" tense="PRESENT" eventID="e10" />
<MAKEINSTANCE aspect="NONE" eiid="ei2312" tense="NONE" eventID="e11" />
<MAKEINSTANCE aspect="PERFECTIVE" eiid="ei2313" tense="PRESENT" eventID="e12" />
<MAKEINSTANCE aspect="NONE" eiid="ei2314" tense="PAST" eventID="e15" />
<MAKEINSTANCE aspect="PROGRESSIVE" eiid="ei2315" tense="FUTURE" eventID="e16" />
<MAKEINSTANCE aspect="NONE" eiid="ei2316" tense="PAST" eventID="e17" />
<MAKEINSTANCE aspect="PROGRESSIVE" eiid="ei2317" tense="NONE" eventID="e18" />
<MAKEINSTANCE aspect="NONE" eiid="ei2318" tense="PAST" eventID="e20" />
<MAKEINSTANCE aspect="PERFECTIVE" eiid="ei2319" tense="PRESENT" eventID="e22" />
<MAKEINSTANCE aspect="NONE" eiid="ei2320" tense="NONE" eventID="e28" />
<MAKEINSTANCE aspect="NONE" eiid="ei2321" tense="PAST" eventID="e29" />
<MAKEINSTANCE aspect="NONE" eiid="ei2322" tense="PAST" eventID="e32" />
<MAKEINSTANCE aspect="NONE" eiid="ei2323" tense="NONE" eventID="e34" />
<MAKEINSTANCE aspect="NONE" eiid="ei2324" tense="NONE" eventID="e37" />
<MAKEINSTANCE aspect="NONE" eiid="ei2325" tense="PAST" eventID="e41" />
<MAKEINSTANCE aspect="PERFECTIVE" eiid="ei2326" tense="PRESENT" eventID="e43" />
<MAKEINSTANCE aspect="PERFECTIVE" eiid="ei2327" tense="PRESENT" eventID="e44" />
<MAKEINSTANCE aspect="NONE" eiid="ei2328" tense="NONE" eventID="e45" />
<MAKEINSTANCE aspect="PROGRESSIVE" eiid="ei2329" tense="NONE" eventID="e46" />
<MAKEINSTANCE aspect="NONE" eiid="ei2330" tense="NONE" eventID="e48" />
<MAKEINSTANCE aspect="NONE" eiid="ei2331" tense="NONE" eventID="e49" />
<MAKEINSTANCE aspect="NONE" eiid="ei2332" tense="PAST" eventID="e50" />
<MAKEINSTANCE aspect="NONE" eiid="ei2333" tense="NONE" eventID="e53" />
<MAKEINSTANCE aspect="PERFECTIVE" eiid="ei2334" tense="NONE" eventID="e55" />
<MAKEINSTANCE aspect="NONE" eiid="ei2335" tense="NONE" eventID="e56" />
<MAKEINSTANCE aspect="NONE" eiid="ei2336" tense="PAST" eventID="e58" />
<MAKEINSTANCE aspect="NONE" eiid="ei2337" tense="NONE" eventID="e59" />
<MAKEINSTANCE aspect="PROGRESSIVE" eiid="ei2338" tense="NONE" eventID="e61" />
<MAKEINSTANCE aspect="NONE" eiid="ei2339" tense="PAST" eventID="e62" />
<MAKEINSTANCE aspect="NONE" eiid="ei2340" tense="NONE" eventID="e64" />
<MAKEINSTANCE aspect="PERFECTIVE" eiid="ei2341" tense="NONE" eventID="e65" />
<MAKEINSTANCE aspect="NONE" eiid="ei2342" tense="PAST" eventID="e66" />
<MAKEINSTANCE aspect="NONE" eiid="ei2343" tense="PAST" eventID="e69" />
<MAKEINSTANCE aspect="NONE" eiid="ei2344" tense="NONE" eventID="e156" />
<MAKEINSTANCE aspect="PERFECTIVE" eiid="ei2345" tense="PRESENT" eventID="e71" />
<MAKEINSTANCE aspect="NONE" eiid="ei2346" tense="NONE" eventID="e72" />
<MAKEINSTANCE aspect="PERFECTIVE" eiid="ei2347" tense="NONE" eventID="e74" />
<MAKEINSTANCE aspect="NONE" eiid="ei2348" tense="PAST" eventID="e75" />
<MAKEINSTANCE aspect="NONE" eiid="ei2349" tense="NONE" eventID="e77" />
<MAKEINSTANCE aspect="NONE" eiid="ei2350" tense="PAST" eventID="e82" />
<MAKEINSTANCE aspect="PROGRESSIVE" eiid="ei2351" tense="NONE" eventID="e83" />
<MAKEINSTANCE aspect="NONE" eiid="ei2352" tense="NONE" eventID="e84" />
<MAKEINSTANCE aspect="NONE" eiid="ei2353" cardinality="PLURAL" tense="PRESENT" eventID="e86" />
<MAKEINSTANCE aspect="NONE" eiid="ei2354" tense="PAST" eventID="e87" />
<MAKEINSTANCE aspect="NONE" eiid="ei2355" tense="PAST" eventID="e89" />
<MAKEINSTANCE aspect="PROGRESSIVE" eiid="ei2356" tense="NONE" eventID="e90" />
<MAKEINSTANCE aspect="PERFECTIVE" eiid="ei2357" cardinality="PLURAL" tense="PRESENT" eventID="e92" />
<MAKEINSTANCE aspect="NONE" eiid="ei2358" tense="PAST" eventID="e93" />
<MAKEINSTANCE aspect="NONE" eiid="ei2359" tense="NONE" eventID="e98" />
<MAKEINSTANCE aspect="NONE" eiid="ei2360" tense="NONE" eventID="e158" />
<MAKEINSTANCE aspect="PERFECTIVE" eiid="ei2361" tense="NONE" eventID="e99" />
<MAKEINSTANCE aspect="PROGRESSIVE" eiid="ei2362" tense="NONE" eventID="e101" />
<MAKEINSTANCE aspect="NONE" eiid="ei2363" tense="PAST" eventID="e102" />
<MAKEINSTANCE aspect="NONE" eiid="ei2364" tense="PAST" eventID="e105" />
<MAKEINSTANCE aspect="NONE" eiid="ei2365" tense="PRESENT" eventID="e106" />
<MAKEINSTANCE aspect="NONE" eiid="ei2366" tense="NONE" eventID="e107" />
<MAKEINSTANCE aspect="NONE" eiid="ei2367" tense="PRESENT" eventID="e111" />
<MAKEINSTANCE aspect="NONE" eiid="ei2368" tense="PAST" eventID="e112" />
<MAKEINSTANCE aspect="NONE" eiid="ei2369" tense="PRESENT" eventID="e113" />
<MAKEINSTANCE aspect="NONE" eiid="ei2370" tense="NONE" eventID="e114" />
<MAKEINSTANCE aspect="NONE" eiid="ei2371" tense="NONE" eventID="e116" />
<MAKEINSTANCE aspect="PERFECTIVE" eiid="ei2372" tense="NONE" eventID="e118" />
<MAKEINSTANCE aspect="NONE" eiid="ei2373" tense="NONE" eventID="e119" />
<MAKEINSTANCE aspect="PERFECTIVE" eiid="ei2374" tense="NONE" eventID="e121" />
<MAKEINSTANCE aspect="NONE" eiid="ei2375" tense="NONE" eventID="e123" />
<MAKEINSTANCE aspect="NONE" eiid="ei2376" tense="NONE" eventID="e125" />
<TLINK relatedToEventInstance="ei2376" eventInstanceID="ei2375" relType="INCLUDES" />
<TLINK relatedToTime="t2297" eventInstanceID="ei2306" relType="IS_INCLUDED" />
<TLINK signalID="s2010" relatedToTime="t154" eventInstanceID="ei2309" relType="SIMULTANEOUS" />
<TLINK relatedToEventInstance="ei2310" signalID="s9" eventInstanceID="ei2311" relType="AFTER" />
<TLINK relatedToEventInstance="ei2312" signalID="s155" eventInstanceID="ei2311" relType="AFTER" />
<TLINK relatedToTime="t143" eventInstanceID="ei2325" relType="IS_INCLUDED" />
<TLINK signalID="s2082" relatedToTime="t2300" eventInstanceID="ei2333" relType="SIMULTANEOUS" />
<TLINK relatedToEventInstance="ei2335" signalID="s57" eventInstanceID="ei2334" relType="AFTER" />
<TLINK relatedToTime="t149" eventInstanceID="ei2357" relType="IS_INCLUDED" />
<TLINK relatedToTime="t150" eventInstanceID="ei2359" relType="SIMULTANEOUS" />
<TLINK relatedToTime="t2303" eventInstanceID="ei2363" relType="IS_INCLUDED" />
<TLINK signalID="s2177" relatedToTime="t152" eventInstanceID="ei2363" relType="AFTER" />
<TLINK signalID="s159" relatedToTime="t151" eventInstanceID="ei2364" relType="IS_INCLUDED" />
<TLINK relatedToEventInstance="ei2364" eventInstanceID="ei2360" relType="IDENTITY" />
<TLINK relatedToEventInstance="ei2364" eventInstanceID="ei2306" relType="IDENTITY" />
<TLINK relatedToEventInstance="ei2373" signalID="s120" eventInstanceID="ei2372" relType="IS_INCLUDED" />
<TLINK relatedToEventInstance="ei2312" eventInstanceID="ei2320" relType="IDENTITY" />
<TLINK relatedToEventInstance="ei2320" eventInstanceID="ei2324" relType="IS_INCLUDED" />
<TLINK relatedToTime="t142" eventInstanceID="ei2326" relType="BEFORE" />
<TLINK relatedToEventInstance="ei2332" eventInstanceID="ei2331" relType="IDENTITY" />
<TLINK relatedToTime="t142" eventInstanceID="ei2347" relType="BEFORE" />
<TLINK relatedToTime="t146" eventInstanceID="ei2350" relType="IS_INCLUDED" />
<TLINK relatedToEventInstance="ei2352" eventInstanceID="ei2351" relType="IDENTITY" />
<SLINK subordinatedEventInstance="ei2308" eventInstanceID="ei2307" relType="MODAL" />
<SLINK subordinatedEventInstance="ei2317" eventInstanceID="ei2316" relType="EVIDENTIAL" />
<SLINK subordinatedEventInstance="ei2313" eventInstanceID="ei2317" relType="EVIDENTIAL" />
<SLINK subordinatedEventInstance="ei2314" eventInstanceID="ei2317" relType="EVIDENTIAL" />
<SLINK subordinatedEventInstance="ei2315" eventInstanceID="ei2317" relType="EVIDENTIAL" />
<SLINK subordinatedEventInstance="ei2323" eventInstanceID="ei2322" relType="MODAL" />
<SLINK subordinatedEventInstance="ei2328" eventInstanceID="ei2327" relType="MODAL" />
<SLINK signalID="s47" subordinatedEventInstance="ei2330" eventInstanceID="ei2329" relType="MODAL" />
<SLINK signalID="s52" subordinatedEventInstance="ei2333" eventInstanceID="ei2332" relType="MODAL" />
<SLINK subordinatedEventInstance="ei2337" eventInstanceID="ei2336" relType="MODAL" />
<SLINK subordinatedEventInstance="ei2339" eventInstanceID="ei2338" relType="EVIDENTIAL" />
<SLINK subordinatedEventInstance="ei2340" eventInstanceID="ei2338" relType="EVIDENTIAL" />
<SLINK subordinatedEventInstance="ei2342" eventInstanceID="ei2341" relType="MODAL" />
<SLINK subordinatedEventInstance="ei2341" eventInstanceID="ei2343" relType="EVIDENTIAL" />
<SLINK subordinatedEventInstance="ei2343" eventInstanceID="ei2344" relType="EVIDENTIAL" />
<SLINK subordinatedEventInstance="ei2346" eventInstanceID="ei2345" relType="MODAL" />
<SLINK signalID="s76" subordinatedEventInstance="ei2349" eventInstanceID="ei2348" relType="MODAL" />
<SLINK subordinatedEventInstance="ei2356" eventInstanceID="ei2355" relType="MODAL" />
<SLINK subordinatedEventInstance="ei2358" eventInstanceID="ei2357" relType="MODAL" />
<SLINK signalID="s2202" subordinatedEventInstance="ei2366" eventInstanceID="ei2365" relType="MODAL" />
<SLINK signalID="s2209" subordinatedEventInstance="ei2370" eventInstanceID="ei2369" relType="MODAL" />
<SLINK signalID="s2209" subordinatedEventInstance="ei2371" eventInstanceID="ei2369" relType="MODAL" />
<SLINK signalID="s122" subordinatedEventInstance="ei2375" eventInstanceID="ei2374" relType="MODAL" />
<SLINK subordinatedEventInstance="ei2319" eventInstanceID="ei2318" relType="EVIDENTIAL" />
<SLINK subordinatedEventInstance="ei2354" eventInstanceID="ei2353" relType="EVIDENTIAL" />
<SLINK signalID="s100" subordinatedEventInstance="ei2362" eventInstanceID="ei2361" relType="MODAL" />
<SLINK subordinatedEventInstance="ei2367" eventInstanceID="ei2368" relType="EVIDENTIAL" />
</TimeML>
