<?xml version="1.0" ?>
<TimeML xmlns:xsi="http://www.w3.org/2001/XMLSchema-instance" xsi:noNamespaceSchemaLocation="TimeML1.1.xsd" >
<DOCNO> APW19980501.0480 </DOCNO>
<DOCTYPE SOURCE="newswire"> NEWS STORY </DOCTYPE>
<DATE_TIME> <TIMEX3 tid="t136" type="DATE" temporalFunction="false" functionInDocument="CREATION_TIME" value="1998-05-01T09:13:00" >05/01/1998 09:13:00</TIMEX3> </DATE_TIME>
<HEADER>
w2844 Cx1f wstm-
r w Cx13  Cx11  SETTING-THE-STAGEsked     05-01 0665
</HEADER>
<BODY>
<SLUG> SETTING-THE-STAGE sked </SLUG>
<HEADLINE>
MALAYSIA
Setting the stage for Net convergence, NEW STRAITS TIMES-MANAGEMENT TIMES </HEADLINE>
QL
xfdws SETTING-THE-STAGE sked
Emerging Markets Datafile
April 30, 1998
NEW STRAITS TIMES-MANAGEMENT TIMES
ENGLISH
COPYRIGHT 1998 BY WORLDSOURCES, INC., A JOINT VENTURE OF FDCH,
INC. AND WORLD TIMES, INC. NO PORTION OF THE MATERIALS CONTAINED
HEREIN MAY BE USED
IN ANY MEDIA WITHOUT ATTRIBUTION TO WORLDSOURCES, INC.
<TEXT>
<s>MALAYSIA'S aggressive <EVENT eid="e1" class="OCCURRENCE" >move</EVENT> into <TIMEX3 tid="t137" type="DURATION" temporalFunction="false" functionInDocument="NONE" value="PRESENT_REF" >the information age</TIMEX3> <SIGNAL sid="s4" >could</SIGNAL> <SIGNAL sid="s5" >not</SIGNAL> <EVENT eid="e3" class="OCCURRENCE" >come</EVENT> <SIGNAL sid="s7" >in</SIGNAL> a more opportune <TIMEX3 tid="t138" type="DATE" temporalFunction="true" functionInDocument="NONE" value="PRESENT_REF" anchorTimeID="t136" >time</TIMEX3>.</s>
<s>With the <EVENT eid="e8" class="OCCURRENCE" >convergence</EVENT> of communications and information
technologies (IT) coupled with the <EVENT eid="e139" class="OCCURRENCE" >coming</EVENT> of age for the Internet
and its related technologies, the stage is <EVENT eid="e13" class="OCCURRENCE" >set</EVENT> for Malaysians <SIGNAL sid="s14" >to</SIGNAL> <EVENT eid="e15" class="OCCURRENCE" >seize</EVENT> the chance <SIGNAL sid="s16" >to</SIGNAL> <EVENT eid="e17" class="OCCURRENCE" >transform</EVENT> into a knowledge society and <EVENT eid="e18" class="ASPECTUAL" >become</EVENT>
<EVENT eid="e140" class="STATE" >worthy</EVENT> opponents/players in the global market space.</s>
<s>The Internet, the global network of computers, is now far <EVENT eid="e20" class="OCCURRENCE" >reaching</EVENT> into the country - <EVENT eid="e21" class="OCCURRENCE" >extending</EVENT> its embrace to <EVENT eid="e24" class="OCCURRENCE" >include</EVENT> every
nook and cranny of the nation - <EVENT eid="e154" class="OCCURRENCE" >opening</EVENT> doors to not only a diverse
range of information sources but also an exhaustive list of
possibilities <SIGNAL sid="s27" >to</SIGNAL> <EVENT eid="e28" class="OCCURRENCE" >create</EVENT> new applications which <EVENT eid="e30" class="OCCURRENCE" >add</EVENT> value to
people's lives.</s>
<s>In the business world, the Internet - through intranet and
extranet solutions - has <EVENT eid="e32" class="ASPECTUAL" >become</EVENT> an invaluable <EVENT eid="e33" class="STATE" >tool</EVENT> for companies to
harness so as <SIGNAL sid="s34" >to</SIGNAL> <EVENT eid="e35" class="OCCURRENCE" >gain</EVENT> a competitive edge.</s>
<s>The solutions are also vital components <SIGNAL sid="s37" >in</SIGNAL> <EVENT eid="e38" class="OCCURRENCE" >developing</EVENT> the
borderless marketing flagship application which is a vital element
for <EVENT eid="e40" class="OCCURRENCE" >spearheading</EVENT> the <EVENT eid="e41" class="OCCURRENCE" >development</EVENT> of the Multimedia Super Corridor
(<ENAMEX TYPE="ORGANIZATION">MSC</ENAMEX>) project.</s>
<s>The application will <EVENT eid="e44" class="OCCURRENCE" >create</EVENT> the necessary framework and
infrastructure <SIGNAL sid="s45" >to</SIGNAL> <EVENT eid="e46" class="OCCURRENCE" >support</EVENT> electronic commerce (e-commerce)
<EVENT eid="e48" class="OCCURRENCE" >initiatives</EVENT> in the country.</s>
<s>However, it is important to note that <EVENT eid="e51" class="OCCURRENCE" >installing</EVENT> or <EVENT eid="e52" class="OCCURRENCE" >implementing</EVENT>
Internet technologies for technology's sake <SIGNAL sid="s56" >would</SIGNAL> <SIGNAL sid="s57" >not</SIGNAL> <EVENT eid="e55" class="OCCURRENCE" >ensure</EVENT>
instant <EVENT eid="e58" class="OCCURRENCE" >success</EVENT>.</s>
<s>For e-commerce to <EVENT eid="e157" class="OCCURRENCE" >flourish</EVENT> with full-blown end-to-end business
<EVENT eid="e155" class="OCCURRENCE" >transactions</EVENT>, strategic <EVENT eid="e156" class="OCCURRENCE" >planning</EVENT> which incorporates both business
and technology plans that are complementary is <EVENT eid="e158" class="I_STATE" >necessary</EVENT> for an
organisation to <EVENT eid="e159" class="PERCEPTION" >see</EVENT> feasible returns on investment.</s>
<s>Intranets, through the use of Internet technology, are <EVENT eid="e142" class="STATE" >positioned</EVENT> as a platform for companies to <EVENT eid="e143" class="OCCURRENCE" >optimise</EVENT>, <EVENT eid="e144" class="OCCURRENCE" >expand</EVENT> and
<EVENT eid="e145" class="OCCURRENCE" >transform</EVENT> new channels of business.</s>
<s>When strategically <EVENT eid="e146" class="OCCURRENCE" >implemented</EVENT>, an intranet solution will <EVENT eid="e147" class="OCCURRENCE" >provide</EVENT> the ability to <EVENT eid="e149" class="OCCURRENCE" >mediate</EVENT> mission-critical, decision support
functions in organisations.</s> <s>It will also <EVENT eid="e86" class="OCCURRENCE" >help</EVENT> further <EVENT eid="e150" class="OCCURRENCE" >improve</EVENT>
<EVENT eid="e87" class="OCCURRENCE" >communications</EVENT> and <EVENT eid="e88" class="OCCURRENCE" >collaboration</EVENT> at all levels in an organisation.</s>
<s>With intranets in <EVENT eid="e90" class="STATE" >place</EVENT>, it is only logical for organisations to
respectively <EVENT eid="e151" class="OCCURRENCE" >link</EVENT> the network to other companies' for extended
business purposes through extranets.</s>
<s>While this will <EVENT eid="e91" class="OCCURRENCE" >enable</EVENT> the sharing of information among
enterprises, security issues such as firewalls and encryption as
well as access and control procedures, and the trust levels that
enterprises have with each other will <EVENT eid="e99" class="OCCURRENCE" >emerge</EVENT> and there will be a
<EVENT eid="e152" class="I_STATE" >need</EVENT> <SIGNAL sid="s100" >to</SIGNAL> <EVENT eid="e101" class="OCCURRENCE" >address</EVENT> them.</s>
<s>Other than <EVENT eid="e102" class="OCCURRENCE" >usage</EVENT> in business, Internet technology is also <EVENT eid="e105" class="I_ACTION" >beginning</EVENT> <SIGNAL sid="s106" >to</SIGNAL> <EVENT eid="e107" class="OCCURRENCE" >infiltrate</EVENT> the lifestyle domain.</s> <s>``Smart homes'' have <EVENT eid="e108" class="OCCURRENCE" >emerged</EVENT> <EVENT eid="e109" class="OCCURRENCE" >bringing</EVENT> a wealth of information and entertainment to
families over telecommunications lines.</s>
<s>The art of socialising is also <EVENT eid="e114" class="OCCURRENCE" >experiencing</EVENT> a <EVENT eid="e115" class="OCCURRENCE" >change</EVENT> where
Net/virtual relationships are fast <EVENT eid="e116" class="OCCURRENCE" >overtaking</EVENT> or <EVENT eid="e117" class="OCCURRENCE" >becoming</EVENT> parallel
with the normal human relationships.</s>
<s>Whether this <SIGNAL sid="s119" >would</SIGNAL> <EVENT eid="e118" class="OCCURRENCE" >prove</EVENT> positive or otherwise towards society
<SIGNAL sid="s120" >in</SIGNAL> the <TIMEX3 tid="t153" type="DATE" temporalFunction="false" functionInDocument="NONE" value="FUTURE_REF" >future</TIMEX3> is yet to be <EVENT eid="e121" class="PERCEPTION" >seen</EVENT>.</s>
<s>All in all, the Internet <EVENT eid="e122" class="OCCURRENCE" >has</EVENT> a lot to <EVENT eid="e123" class="OCCURRENCE" >offer</EVENT>.</s> <s>However, its value
and benefits are only as good as how we <EVENT eid="e124" class="OCCURRENCE" >use</EVENT> it.</s>

</TEXT>
Copyright 1998 NEW STRAITS TIMES-MANAGEMENT TIMES all rights
reserved as distributed by WorldSources, Inc.
(PROFILE
(WS SL:SETTING-THE-STAGE sked; CT:w;
(REG:ENGL;)
(LANG:ENGLISH;))
)
</BODY>
<TRAILER>
<s>AP-NY-05-01-98 0913EDT</s>
</TRAILER>

<MAKEINSTANCE aspect="NONE" eiid="ei243" tense="NONE" eventID="e1" />
<MAKEINSTANCE aspect="NONE" eiid="ei244" tense="PAST" eventID="e3" />
<MAKEINSTANCE aspect="NONE" eiid="ei245" tense="NONE" eventID="e8" />
<MAKEINSTANCE aspect="PROGRESSIVE" eiid="ei246" tense="NONE" eventID="e139" />
<MAKEINSTANCE aspect="NONE" eiid="ei247" tense="PRESENT" eventID="e13" />
<MAKEINSTANCE aspect="NONE" eiid="ei248" tense="NONE" eventID="e15" />
<MAKEINSTANCE aspect="NONE" eiid="ei249" tense="NONE" eventID="e17" />
<MAKEINSTANCE aspect="NONE" eiid="ei250" tense="NONE" eventID="e18" />
<MAKEINSTANCE aspect="NONE" eiid="ei251" tense="NONE" eventID="e140" />
<MAKEINSTANCE aspect="PROGRESSIVE" eiid="ei252" tense="PRESENT" eventID="e20" />
<MAKEINSTANCE aspect="PROGRESSIVE" eiid="ei253" tense="NONE" eventID="e21" />
<MAKEINSTANCE aspect="NONE" eiid="ei254" tense="NONE" eventID="e24" />
<MAKEINSTANCE aspect="PROGRESSIVE" eiid="ei255" tense="NONE" eventID="e154" />
<MAKEINSTANCE aspect="NONE" eiid="ei256" tense="NONE" eventID="e28" />
<MAKEINSTANCE aspect="NONE" eiid="ei257" tense="PRESENT" eventID="e30" />
<MAKEINSTANCE aspect="PERFECTIVE" eiid="ei258" tense="PRESENT" eventID="e32" />
<MAKEINSTANCE aspect="NONE" eiid="ei259" tense="NONE" eventID="e33" />
<MAKEINSTANCE aspect="NONE" eiid="ei260" tense="NONE" eventID="e35" />
<MAKEINSTANCE aspect="PROGRESSIVE" eiid="ei261" tense="NONE" eventID="e38" />
<MAKEINSTANCE aspect="PROGRESSIVE" eiid="ei262" tense="NONE" eventID="e40" />
<MAKEINSTANCE aspect="NONE" eiid="ei263" tense="NONE" eventID="e41" />
<MAKEINSTANCE aspect="NONE" eiid="ei264" tense="FUTURE" eventID="e44" />
<MAKEINSTANCE aspect="NONE" eiid="ei265" tense="NONE" eventID="e46" />
<MAKEINSTANCE aspect="NONE" eiid="ei266" tense="NONE" eventID="e48" />
<MAKEINSTANCE aspect="PROGRESSIVE" eiid="ei267" tense="NONE" eventID="e51" />
<MAKEINSTANCE aspect="PROGRESSIVE" eiid="ei268" tense="NONE" eventID="e52" />
<MAKEINSTANCE aspect="NONE" eiid="ei269" tense="PAST" eventID="e55" />
<MAKEINSTANCE aspect="NONE" eiid="ei270" tense="NONE" eventID="e58" />
<MAKEINSTANCE aspect="NONE" eiid="ei271" tense="NONE" eventID="e157" />
<MAKEINSTANCE aspect="NONE" eiid="ei272" tense="NONE" eventID="e155" />
<MAKEINSTANCE aspect="NONE" eiid="ei273" tense="NONE" eventID="e156" />
<MAKEINSTANCE aspect="NONE" eiid="ei274" tense="PRESENT" eventID="e158" />
<MAKEINSTANCE aspect="NONE" eiid="ei275" tense="NONE" eventID="e159" />
<MAKEINSTANCE aspect="NONE" eiid="ei276" tense="PAST" eventID="e142" />
<MAKEINSTANCE aspect="NONE" eiid="ei277" tense="NONE" eventID="e143" />
<MAKEINSTANCE aspect="NONE" eiid="ei278" tense="NONE" eventID="e144" />
<MAKEINSTANCE aspect="NONE" eiid="ei279" tense="NONE" eventID="e145" />
<MAKEINSTANCE aspect="NONE" eiid="ei280" tense="PAST" eventID="e146" />
<MAKEINSTANCE aspect="NONE" eiid="ei281" tense="FUTURE" eventID="e147" />
<MAKEINSTANCE aspect="NONE" eiid="ei282" tense="NONE" eventID="e149" />
<MAKEINSTANCE aspect="NONE" eiid="ei283" tense="FUTURE" eventID="e86" />
<MAKEINSTANCE aspect="NONE" eiid="ei284" tense="NONE" eventID="e150" />
<MAKEINSTANCE aspect="NONE" eiid="ei285" tense="NONE" eventID="e87" />
<MAKEINSTANCE aspect="NONE" eiid="ei286" tense="NONE" eventID="e88" />
<MAKEINSTANCE aspect="NONE" eiid="ei287" tense="PRESENT" eventID="e90" />
<MAKEINSTANCE aspect="NONE" eiid="ei288" tense="NONE" eventID="e151" />
<MAKEINSTANCE aspect="NONE" eiid="ei289" tense="FUTURE" eventID="e91" />
<MAKEINSTANCE aspect="NONE" eiid="ei290" tense="FUTURE" eventID="e99" />
<MAKEINSTANCE aspect="NONE" eiid="ei291" tense="FUTURE" eventID="e152" />
<MAKEINSTANCE aspect="NONE" eiid="ei292" tense="NONE" eventID="e101" />
<MAKEINSTANCE aspect="NONE" eiid="ei293" tense="NONE" eventID="e102" />
<MAKEINSTANCE aspect="PROGRESSIVE" eiid="ei294" tense="PRESENT" eventID="e105" />
<MAKEINSTANCE aspect="NONE" eiid="ei295" tense="NONE" eventID="e107" />
<MAKEINSTANCE aspect="NONE" eiid="ei296" tense="PRESENT" eventID="e108" />
<MAKEINSTANCE aspect="PROGRESSIVE" eiid="ei297" tense="NONE" eventID="e109" />
<MAKEINSTANCE aspect="PROGRESSIVE" eiid="ei298" tense="PRESENT" eventID="e114" />
<MAKEINSTANCE aspect="NONE" eiid="ei299" tense="NONE" eventID="e115" />
<MAKEINSTANCE aspect="PROGRESSIVE" eiid="ei300" tense="PRESENT" eventID="e116" />
<MAKEINSTANCE aspect="PROGRESSIVE" eiid="ei301" tense="NONE" eventID="e117" />
<MAKEINSTANCE aspect="NONE" eiid="ei302" tense="PAST" eventID="e118" />
<MAKEINSTANCE aspect="NONE" eiid="ei303" tense="NONE" eventID="e121" />
<MAKEINSTANCE aspect="NONE" eiid="ei304" tense="PRESENT" eventID="e122" />
<MAKEINSTANCE aspect="NONE" eiid="ei305" tense="NONE" eventID="e123" />
<MAKEINSTANCE aspect="NONE" eiid="ei306" tense="PRESENT" eventID="e124" />
<TLINK relatedToEventInstance="ei243" timeID="t136" relType="AFTER" />
<TLINK relatedToTime="t136" timeID="t137" relType="INCLUDES" />
<TLINK relatedToTime="t138" timeID="t136" relType="DURING" />
<TLINK relatedToEventInstance="ei243" eventInstanceID="ei244" relType="BEGINS" />
<TLINK relatedToEventInstance="ei247" eventInstanceID="ei246" relType="BEFORE" />
<TLINK relatedToEventInstance="ei247" eventInstanceID="ei245" relType="BEFORE" />
<TLINK relatedToEventInstance="ei248" eventInstanceID="ei249" relType="AFTER" />
<TLINK relatedToEventInstance="ei249" eventInstanceID="ei250" relType="AFTER" />
<TLINK relatedToTime="t136" eventInstanceID="ei252" relType="DURING" />
<TLINK relatedToEventInstance="ei252" eventInstanceID="ei253" relType="SIMULTANEOUS" />
<TLINK relatedToEventInstance="ei253" eventInstanceID="ei254" relType="SIMULTANEOUS" />
<TLINK relatedToEventInstance="ei254" eventInstanceID="ei255" relType="SIMULTANEOUS" />
<TLINK relatedToEventInstance="ei254" eventInstanceID="ei256" relType="AFTER" />
<TLINK relatedToEventInstance="ei257" eventInstanceID="ei256" relType="DURING" />
<TLINK relatedToTime="t136" eventInstanceID="ei261" relType="DURING" />
<TLINK relatedToEventInstance="ei261" eventInstanceID="ei262" relType="AFTER" />
<TLINK relatedToEventInstance="ei262" eventInstanceID="ei263" relType="BEGUN_BY" />
<TLINK relatedToEventInstance="ei264" timeID="t136" relType="BEFORE" />
<TLINK relatedToTime="t136" eventInstanceID="ei306" relType="AFTER" />
<TLINK relatedToEventInstance="ei304" eventInstanceID="ei305" relType="DURING" />
<TLINK relatedToTime="t136" eventInstanceID="ei304" relType="DURING" />
<TLINK relatedToTime="t136" eventInstanceID="ei303" relType="AFTER" />
<TLINK relatedToEventInstance="ei302" timeID="t153" relType="INCLUDES" />
<TLINK relatedToTime="t136" eventInstanceID="ei301" relType="DURING" />
<TLINK relatedToTime="t136" eventInstanceID="ei300" relType="DURING" />
<TLINK relatedToEventInstance="ei298" eventInstanceID="ei299" relType="SIMULTANEOUS" />
<TLINK relatedToTime="t136" eventInstanceID="ei298" relType="DURING" />
<TLINK relatedToEventInstance="ei296" eventInstanceID="ei297" relType="SIMULTANEOUS" />
<TLINK relatedToEventInstance="ei296" timeID="t136" relType="BEFORE" />
<TLINK relatedToTime="t136" eventInstanceID="ei294" relType="DURING" />
<TLINK relatedToTime="t136" eventInstanceID="ei293" relType="DURING" />
<TLINK relatedToEventInstance="ei290" eventInstanceID="ei292" relType="AFTER" />
<TLINK relatedToEventInstance="ei290" eventInstanceID="ei291" relType="AFTER" />
<TLINK relatedToEventInstance="ei289" eventInstanceID="ei290" relType="AFTER" />
<TLINK relatedToEventInstance="ei287" eventInstanceID="ei288" relType="AFTER" />
<TLINK relatedToEventInstance="ei284" eventInstanceID="ei286" relType="DURING" />
<TLINK relatedToEventInstance="ei284" eventInstanceID="ei285" relType="DURING" />
<TLINK relatedToEventInstance="ei280" eventInstanceID="ei281" relType="AFTER" />
<TLINK relatedToEventInstance="ei276" eventInstanceID="ei279" relType="AFTER" />
<TLINK relatedToEventInstance="ei276" eventInstanceID="ei278" relType="AFTER" />
<TLINK relatedToEventInstance="ei276" eventInstanceID="ei277" relType="AFTER" />
<TLINK relatedToEventInstance="ei273" eventInstanceID="ei274" relType="SIMULTANEOUS" />
<TLINK relatedToEventInstance="ei271" eventInstanceID="ei272" relType="IS_INCLUDED" />
<TLINK relatedToEventInstance="ei264" eventInstanceID="ei266" relType="DURING" />
<SLINK subordinatedEventInstance="ei248" eventInstanceID="ei247" relType="MODAL" />
<SLINK subordinatedEventInstance="ei260" eventInstanceID="ei258" relType="MODAL" />
<SLINK subordinatedEventInstance="ei284" eventInstanceID="ei283" relType="MODAL" />
<SLINK subordinatedEventInstance="ei282" eventInstanceID="ei281" relType="MODAL" />
<SLINK subordinatedEventInstance="ei275" eventInstanceID="ei274" relType="MODAL" />
<SLINK subordinatedEventInstance="ei270" eventInstanceID="ei269" relType="MODAL" />
<SLINK subordinatedEventInstance="ei269" eventInstanceID="ei268" relType="MODAL" />
<SLINK subordinatedEventInstance="ei269" eventInstanceID="ei267" relType="MODAL" />
<SLINK subordinatedEventInstance="ei265" eventInstanceID="ei264" relType="MODAL" />
<ALINK relatedToEventInstance="ei251" eventInstanceID="ei250" relType="INITIATES" />
<ALINK relatedToEventInstance="ei259" eventInstanceID="ei258" relType="INITIATES" />
<ALINK relatedToEventInstance="ei295" eventInstanceID="ei294" relType="INITIATES" />
</TimeML>
