<?xml version="1.0" ?><TimeML xmlns:xsi="http://www.w3.org/2001/XMLSchema-instance" xsi:noNamespaceSchemaLocation="TimeML1.1.xsd" >
<DOCNO> APW19980227.0487 </DOCNO>
<DOCTYPE SOURCE="newswire"> NEWS STORY </DOCTYPE>
<DATE_TIME> <TIMEX3 tid="t69" type="TIME" temporalFunction="false" functionInDocument="CREATION_TIME" value="1998-02-27T08:09:00" >02/27/1998 08:09:00</TIMEX3> </DATE_TIME>
<HEADER>
w2392 Cx1f wstm-
u i Cx13  Cx11  BC-Israel-Rabin     02-27 0300
</HEADER>
<BODY>
<SLUG> BC-Israel-Rabin,0300 </SLUG>
<HEADLINE>
Friend of Rabin's assassin regretted praying for Rabin's death
</HEADLINE>
UR By DANNA HARMAN QC
UR Associated Press Writer QC

<TEXT>
<s><NG><HEAD><ENAMEX TYPE="LOCATION">JERUSALEM</ENAMEX></HEAD></NG> (<NG><HEAD><ENAMEX TYPE="ORGANIZATION">AP</ENAMEX></HEAD></NG>) <NG><HEAD>_</HEAD></NG> <VG-VBG><EVENT eid="e1" class="OCCURRENCE" >Taking</EVENT></VG-VBG> <NG>the <HEAD>stand</HEAD></NG> <PG>in</PG> <NG>her own <HEAD>defense</HEAD></NG>, <NG>a <HEAD>friend</HEAD></NG>
<PG>of</PG> <NG><HEAD><ENAMEX TYPE="PERSON">Yitzhak Rabin</ENAMEX></HEAD></NG>'s <NG><HEAD>assassin</HEAD></NG> <VG><EVENT eid="e2" class="REPORTING" >said</EVENT></VG> <NG><TIMEX3 tid="t70" type="DATE" temporalFunction="true" functionInDocument="NONE" value="1998-02-27" anchorTimeID="t69" ><TIMEX TYPE="DATE">Friday</TIMEX></TIMEX3></NG> that <NG>she</NG> <VG-VBN><EVENT eid="e3" class="I_STATE" >regretted</EVENT></VG-VBN> <VG-VBG><EVENT eid="e4" class="I_ACTION" >calling</EVENT></VG-VBG>
<NG>the <HEAD>prime minister</HEAD></NG> <NG>a <HEAD><EVENT eid="e7" class="STATE" >traitor</EVENT></HEAD></NG> and <VG-VBG><EVENT eid="e8" class="I_ACTION" >praying</EVENT></VG-VBG> <PG>for</PG> <NG>his <HEAD><EVENT eid="e9" class="OCCURRENCE" >death</EVENT></HEAD></NG>.</s>
<s><NG><HEAD><ENAMEX TYPE="PERSON">Margalit Har-Shefi, <CARDINAL>22</CARDINAL></ENAMEX></HEAD></NG>, <VG>has <EVENT eid="e10" class="I_ACTION" >pleaded</EVENT></VG> <JG><EVENT eid="e11" class="STATE" >innocent</EVENT></JG> <PG>to</PG> <NG><HEAD><EVENT eid="e12" class="I_ACTION" >charges</EVENT></HEAD></NG> that <NG>she</NG>
<VG><EVENT eid="e13" class="I_ACTION" >failed</EVENT></VG> <VG-INF>to <EVENT eid="e15" class="REPORTING" >report</EVENT></VG-INF> <NG><HEAD><ENAMEX TYPE="ORGANIZATION">Yigal</ENAMEX> Amir</HEAD></NG>'s <NG><HEAD><EVENT eid="e16" class="I_STATE" >plan</EVENT></HEAD></NG> <VG-INF><SIGNAL sid="s75" >to</SIGNAL> <EVENT eid="e17" class="OCCURRENCE" >kill</EVENT></VG-INF> <NG><HEAD><ENAMEX TYPE="PERSON">Rabin</ENAMEX></HEAD></NG>.</s> <s><NG>She</NG> <VG><EVENT eid="e18" class="OCCURRENCE" >took</EVENT></VG> <NG>the
<HEAD>stand</HEAD></NG> <PG><SIGNAL sid="s76" >for</SIGNAL></PG> <NG><TIMEX3 mod="MORE_THAN" tid="t71" type="DURATION" temporalFunction="false" functionInDocument="NONE" value="PT4H" ><CARDINAL>more than four</CARDINAL> <HEAD>hours</HEAD></TIMEX3></NG> <NG><TIMEX3 tid="t72" type="DATE" temporalFunction="true" functionInDocument="NONE" value="1998-02-27" anchorTimeID="t69" ><TIMEX TYPE="DATE">Friday</TIMEX></TIMEX3></NG> <PG>in</PG> <NG>a <ENAMEX TYPE="LOCATION">Tel Aviv</ENAMEX> <HEAD>magistrate</HEAD></NG>'s
<NG><HEAD>court</HEAD></NG>.</s>
<s><NG><HEAD>Amir</HEAD></NG>, <CARDINAL>27</CARDINAL>, <VG>is <EVENT eid="e19" class="STATE" >serving</EVENT></VG> <NG>a life <HEAD>sentence</HEAD></NG> <PG>for</PG> <NG>the <TIMEX3 tid="t73" type="DATE" temporalFunction="false" functionInDocument="NONE" value="1995-11" ><TIMEX TYPE="DATE">November 1995</TIMEX></TIMEX3>
<HEAD><EVENT eid="e20" class="OCCURRENCE" >assassination</EVENT></HEAD></NG> <PG>of</PG> <NG><HEAD><ENAMEX TYPE="PERSON">Rabin</ENAMEX></HEAD></NG> <PG>at</PG> <NG>a <ENAMEX TYPE="LOCATION">Tel Aviv</ENAMEX> peace <HEAD><EVENT eid="e21" class="OCCURRENCE" >rally</EVENT></HEAD></NG>.</s> <s><NG>Newspaper <HEAD>reports</HEAD></NG>
<VG>have <EVENT eid="e22" class="REPORTING" >said</EVENT></VG> <NG><HEAD>Amir</HEAD></NG> <VG>was <EVENT eid="e23" class="I_STATE" >infatuated</EVENT></VG> <PG>with</PG> <NG><HEAD><ENAMEX TYPE="PERSON">Har-Shefi</ENAMEX></HEAD></NG> and <VG>may</VG> <VG>have been
<EVENT eid="e24" class="I_ACTION" >trying</EVENT></VG> <VG-INF><SIGNAL sid="s77" >to</SIGNAL> <EVENT eid="e25" class="OCCURRENCE" >impress</EVENT></VG-INF> <NG>her</NG> <PG>by</PG> <VG-VBG><EVENT eid="e26" class="OCCURRENCE" >killing</EVENT></VG-VBG> <NG>the <HEAD>prime minister</HEAD></NG>.</s>
<s><NG><HEAD><ENAMEX TYPE="PERSON">Har-Shefi</ENAMEX></HEAD></NG> <VG><EVENT eid="e27" class="I_ACTION" >acknowledged</EVENT></VG> <NG>she</NG> <VG><EVENT eid="e28" class="I_ACTION" >told</EVENT></VG> <NG>police <HEAD>interrogators</HEAD></NG> that <NG><HEAD><ENAMEX TYPE="PERSON">Rabin</ENAMEX></HEAD></NG>
<VG>was</VG> <NG>a <HEAD><EVENT eid="e29" class="STATE" >traitor</EVENT></HEAD></NG> and that <NG>she</NG> <VG><EVENT eid="e30" class="I_ACTION" >prayed</EVENT></VG> <PG>for</PG> <NG>him</NG> <PG>to</PG> <VG>have</VG> <NG>a heart <HEAD><EVENT eid="e33" class="OCCURRENCE" >attack</EVENT></HEAD></NG>
and <VG><EVENT eid="e34" class="OCCURRENCE" >die</EVENT></VG>.</s> <s><NG>She</NG> <VG><EVENT eid="e35" class="REPORTING" >said</EVENT></VG> <NG><HEAD><ENAMEX TYPE="PERSON">Rabin</ENAMEX></HEAD></NG>'s <NG><HEAD><EVENT eid="e36" class="OCCURRENCE" >murder</EVENT></HEAD></NG> <VG>was</VG> ``<NG>a black <HEAD>stain</HEAD></NG> <PG>on</PG> <NG><HEAD><ENAMEX TYPE="LOCATION">Israel</ENAMEX></HEAD></NG>,''
<NG><ENAMEX TYPE="LOCATION">Israel</ENAMEX> <HEAD>radio</HEAD></NG> and <NG><ENAMEX TYPE="LOCATION">Israel</ENAMEX> army <HEAD>radio</HEAD></NG> <VG><EVENT eid="e37" class="REPORTING" >reported</EVENT></VG>.</s>
<s><NG><HEAD><ENAMEX TYPE="PERSON">Har-Shefi</ENAMEX></HEAD></NG> <VG><EVENT eid="e38" class="REPORTING" >said</EVENT></VG> <NG>she</NG> <VG><EVENT eid="e39" class="PERCEPTION" >heard</EVENT></VG> <NG><HEAD>Amir</HEAD></NG> <VG><EVENT eid="e40" class="OCCURRENCE" >talk</EVENT></VG> <PG>about</PG> <VG-VBG><EVENT eid="e41" class="OCCURRENCE" >killing</EVENT></VG-VBG> <NG><HEAD><ENAMEX TYPE="PERSON">Rabin</ENAMEX></HEAD></NG> but <VG>did
not <EVENT eid="e42" class="REPORTING" >tell</EVENT></VG> <NG>the <HEAD>police</HEAD></NG> <PG>because</PG> <NG>she</NG> <VG>did not <EVENT eid="e43" class="I_STATE" >believe</EVENT></VG> <NG>he</NG> <VG>was</VG> <JG><EVENT eid="e44" class="STATE" >serious</EVENT></JG>.</s>
<s><RG>Instead</RG>, <NG>she</NG> <VG><EVENT eid="e45" class="OCCURRENCE" >turned</EVENT></VG> <PG>to</PG> <NG>her community <HEAD>rabbi</HEAD></NG> <PG>in</PG> <NG>the <ENAMEX TYPE="ORGANIZATION">Jewish West Bank</ENAMEX>
<HEAD>settlement</HEAD></NG> <PG>of</PG> <NG><HEAD><ENAMEX TYPE="LOCATION">Beit El</ENAMEX></HEAD></NG> and <VG><EVENT eid="e46" class="REPORTING" ><SIGNAL sid="s298" >told</SIGNAL></EVENT></VG> <NG>him</NG> <PG>about</PG> <NG><HEAD>Amir</HEAD></NG>'s <NG><HEAD><EVENT eid="e47" class="OCCURRENCE" >statements</EVENT></HEAD></NG>.</s> <s><NG>The
<HEAD>rabbi</HEAD></NG> <VG><EVENT eid="e48" class="REPORTING" >said</EVENT></VG> <VG><EVENT eid="e49" class="I_ACTION" >called</EVENT></VG> <NG>the <EVENT eid="e50" class="OCCURRENCE" >talk</EVENT></NG> <PG>about</PG> <VG-VBG><EVENT eid="e51" class="OCCURRENCE" >killing</EVENT></VG-VBG> <NG><HEAD><ENAMEX TYPE="PERSON">Rabin</ENAMEX></HEAD></NG> ``<NG><HEAD><EVENT eid="e52" class="STATE" >nonsense</EVENT></HEAD></NG>,'' and
<VG><EVENT eid="e53" class="REPORTING" >said</EVENT></VG> <NG><HEAD><ENAMEX TYPE="PERSON">Jews</ENAMEX></HEAD></NG> <VG>are <EVENT eid="e54" class="I_STATE" >prohibited</EVENT></VG> <PG>from</PG> <VG-VBG>killing</VG-VBG> <NG>one</NG> another, <NG>the radio
<HEAD>reports</HEAD></NG> <VG><EVENT eid="e56" class="REPORTING" >said</EVENT></VG>.</s>
<s><NG><HEAD><ENAMEX TYPE="PERSON">Har-Shefi</ENAMEX></HEAD></NG> <VG><EVENT eid="e57" class="OCCURRENCE" >described</EVENT></VG> <NG><HEAD>Amir</HEAD></NG> <PG>as</PG> an ``<NG>original <HEAD>thinker</HEAD></NG>,'' <PG>as</PG> <PG>well as</PG>
<NG>delusional</NG> and <NG>a <HEAD>liar</HEAD></NG>.</s>
<s><NG>She</NG> <VG>also <EVENT eid="e58" class="I_ACTION" >denied</EVENT></VG> <NG><HEAD><EVENT eid="e59" class="I_ACTION" >accusations</EVENT></HEAD></NG> <VG-VBN><EVENT eid="e60" class="I_ACTION" >made</EVENT></VG-VBN> <PG>by</PG> <NG><HEAD>Amir</HEAD></NG>'s <NG><HEAD>brother</HEAD></NG>, <NG><HEAD><ENAMEX TYPE="PERSON">Hagai</ENAMEX></HEAD></NG>, that
<NG>she</NG> <VG><EVENT eid="e61" class="OCCURRENCE" >joined</EVENT></VG> <NG>an anti-</NG><NG>Arab underground <HEAD>movement</HEAD></NG>.</s> <s><NG>She</NG> <VG><EVENT eid="e62" class="REPORTING" >said</EVENT></VG> <NG>she</NG> <VG><EVENT eid="e63" class="OCCURRENCE" >gave</EVENT></VG> <NG>the
<HEAD>Amir</HEAD> <HEAD>brothers</HEAD> false <HEAD>information</HEAD></NG> <VG-VBG>regarding</VG-VBG> <NG>the <HEAD>location</HEAD></NG> <PG>of</PG> <NG>a <HEAD>weapons</HEAD></NG>
and <NG>ammunition <HEAD>cache</HEAD></NG> <SIGNAL sid="s371" >when</SIGNAL> <NG>they</NG> <VG><EVENT eid="e64" class="I_ACTION" >asked</EVENT></VG> <NG>her</NG> <VG-INF><SIGNAL sid="s80" >to</SIGNAL> <EVENT eid="e65" class="I_ACTION" >help</EVENT></VG-INF> <VG><EVENT eid="e66" class="OCCURRENCE" >organize</EVENT></VG> such <NG>a
<HEAD>movement</HEAD></NG>.</s>
</TEXT>
(PROFILE
(WS SL:BC-Israel-Rabin; CT:i;
(REG:MEST;)
(REG:INDI;)
(REG:ENGL;)
(REG:AFRI;)
(REG:ASIA;)
(LANG:ENGLISH;))
)
</BODY>
<TRAILER>
<s><NG><HEAD>AP-NY-02-27-98</HEAD></NG> <NG><TIMEX TYPE="TIME">0809EST</TIMEX></NG></s>
</TRAILER>

<MAKEINSTANCE aspect="PROGRESSIVE" eiid="ei388" tense="NONE" eventID="e1" />
<MAKEINSTANCE aspect="NONE" eiid="ei389" tense="PAST" eventID="e2" />
<MAKEINSTANCE aspect="NONE" eiid="ei390" tense="PAST" eventID="e3" />
<MAKEINSTANCE aspect="PROGRESSIVE" eiid="ei391" tense="NONE" eventID="e4" />
<MAKEINSTANCE aspect="NONE" eiid="ei392" tense="NONE" eventID="e7" />
<MAKEINSTANCE aspect="PROGRESSIVE" eiid="ei393" tense="NONE" eventID="e8" />
<MAKEINSTANCE aspect="NONE" eiid="ei394" tense="NONE" eventID="e9" />
<MAKEINSTANCE aspect="PERFECTIVE" eiid="ei395" tense="PRESENT" eventID="e10" />
<MAKEINSTANCE aspect="NONE" eiid="ei396" tense="NONE" eventID="e11" />
<MAKEINSTANCE aspect="NONE" eiid="ei397" tense="NONE" eventID="e12" />
<MAKEINSTANCE aspect="NONE" eiid="ei398" tense="PAST" eventID="e13" />
<MAKEINSTANCE aspect="NONE" eiid="ei399" tense="NONE" eventID="e15" />
<MAKEINSTANCE aspect="NONE" eiid="ei400" tense="NONE" eventID="e16" />
<MAKEINSTANCE aspect="NONE" eiid="ei401" tense="NONE" eventID="e17" />
<MAKEINSTANCE aspect="NONE" eiid="ei402" tense="PAST" eventID="e18" />
<MAKEINSTANCE aspect="PROGRESSIVE" eiid="ei403" tense="PRESENT" eventID="e19" />
<MAKEINSTANCE aspect="NONE" eiid="ei404" tense="NONE" eventID="e20" />
<MAKEINSTANCE aspect="NONE" eiid="ei405" tense="NONE" eventID="e21" />
<MAKEINSTANCE aspect="PERFECTIVE" eiid="ei406" tense="PRESENT" eventID="e22" />
<MAKEINSTANCE aspect="NONE" eiid="ei407" tense="PAST" eventID="e23" />
<MAKEINSTANCE aspect="PERFECTIVE_PROGRESSIVE" modality="may" eiid="ei408" tense="PRESENT" eventID="e24" />
<MAKEINSTANCE aspect="NONE" eiid="ei409" tense="NONE" eventID="e25" />
<MAKEINSTANCE aspect="NONE" eiid="ei410" tense="NONE" eventID="e26" />
<MAKEINSTANCE aspect="NONE" eiid="ei411" tense="PAST" eventID="e27" />
<MAKEINSTANCE aspect="NONE" eiid="ei412" tense="PAST" eventID="e28" />
<MAKEINSTANCE aspect="NONE" eiid="ei413" tense="NONE" eventID="e29" />
<MAKEINSTANCE aspect="NONE" eiid="ei414" tense="PAST" eventID="e30" />
<MAKEINSTANCE aspect="NONE" eiid="ei415" tense="NONE" eventID="e33" />
<MAKEINSTANCE aspect="NONE" eiid="ei416" tense="NONE" eventID="e34" />
<MAKEINSTANCE aspect="NONE" eiid="ei417" tense="PAST" eventID="e35" />
<MAKEINSTANCE aspect="NONE" eiid="ei418" tense="NONE" eventID="e36" />
<MAKEINSTANCE aspect="NONE" eiid="ei419" tense="PAST" eventID="e37" />
<MAKEINSTANCE aspect="NONE" eiid="ei420" tense="PAST" eventID="e38" />
<MAKEINSTANCE aspect="NONE" eiid="ei421" tense="PAST" eventID="e39" />
<MAKEINSTANCE aspect="NONE" eiid="ei422" tense="NONE" eventID="e40" />
<MAKEINSTANCE aspect="NONE" eiid="ei423" tense="NONE" eventID="e41" />
<MAKEINSTANCE aspect="NONE" eiid="ei424" polarity="NEG" tense="PAST" eventID="e42" />
<MAKEINSTANCE aspect="NONE" eiid="ei425" polarity="NEG" tense="PAST" eventID="e43" />
<MAKEINSTANCE aspect="NONE" eiid="ei426" tense="PAST" eventID="e44" />
<MAKEINSTANCE aspect="NONE" eiid="ei427" tense="PAST" eventID="e45" />
<MAKEINSTANCE aspect="NONE" eiid="ei428" tense="PAST" eventID="e46" />
<MAKEINSTANCE aspect="NONE" eiid="ei429" tense="NONE" eventID="e47" />
<MAKEINSTANCE aspect="NONE" eiid="ei430" tense="PAST" eventID="e48" />
<MAKEINSTANCE aspect="NONE" eiid="ei431" tense="PAST" eventID="e49" />
<MAKEINSTANCE aspect="NONE" eiid="ei432" tense="NONE" eventID="e50" />
<MAKEINSTANCE aspect="NONE" eiid="ei433" tense="NONE" eventID="e51" />
<MAKEINSTANCE aspect="NONE" eiid="ei434" tense="NONE" eventID="e52" />
<MAKEINSTANCE aspect="NONE" eiid="ei435" tense="PAST" eventID="e53" />
<MAKEINSTANCE aspect="NONE" eiid="ei436" tense="PRESENT" eventID="e54" />
<MAKEINSTANCE aspect="NONE" eiid="ei437" tense="PAST" eventID="e56" />
<MAKEINSTANCE aspect="NONE" eiid="ei438" tense="PAST" eventID="e57" />
<MAKEINSTANCE aspect="NONE" eiid="ei439" tense="PAST" eventID="e58" />
<MAKEINSTANCE aspect="NONE" eiid="ei440" tense="NONE" eventID="e59" />
<MAKEINSTANCE aspect="NONE" eiid="ei441" tense="PAST" eventID="e60" />
<MAKEINSTANCE aspect="NONE" eiid="ei442" tense="PAST" eventID="e61" />
<MAKEINSTANCE aspect="NONE" eiid="ei443" tense="PAST" eventID="e62" />
<MAKEINSTANCE aspect="NONE" eiid="ei444" tense="PAST" eventID="e63" />
<MAKEINSTANCE aspect="NONE" eiid="ei445" tense="PAST" eventID="e64" />
<MAKEINSTANCE aspect="NONE" eiid="ei446" tense="NONE" eventID="e65" />
<MAKEINSTANCE aspect="NONE" eiid="ei447" tense="NONE" eventID="e66" />
<TLINK relatedToEventInstance="ei445" signalID="s371" eventInstanceID="ei443" relType="AFTER" />
<TLINK relatedToEventInstance="ei388" eventInstanceID="ei443" relType="IS_INCLUDED" />
<TLINK relatedToEventInstance="ei441" eventInstanceID="ei440" relType="IDENTITY" />
<TLINK relatedToEventInstance="ei388" eventInstanceID="ei439" relType="IS_INCLUDED" />
<TLINK relatedToEventInstance="ei388" eventInstanceID="ei438" relType="IS_INCLUDED" />
<TLINK relatedToEventInstance="ei437" eventInstanceID="ei419" relType="IDENTITY" />
<TLINK relatedToEventInstance="ei430" eventInstanceID="ei435" relType="IDENTITY" />
<TLINK relatedToEventInstance="ei423" eventInstanceID="ei433" relType="IDENTITY" />
<TLINK relatedToEventInstance="ei422" eventInstanceID="ei432" relType="IDENTITY" />
<TLINK relatedToEventInstance="ei389" eventInstanceID="ei388" relType="INCLUDES" />
<TLINK relatedToTime="t70" eventInstanceID="ei389" relType="IS_INCLUDED" />
<TLINK relatedToEventInstance="ei427" eventInstanceID="ei428" relType="AFTER" />
<TLINK relatedToEventInstance="ei388" eventInstanceID="ei402" relType="IDENTITY" />
<TLINK signalID="s76" relatedToTime="t71" eventInstanceID="ei402" relType="DURING" />
<TLINK relatedToTime="t72" eventInstanceID="ei402" relType="IS_INCLUDED" />
<TLINK relatedToTime="t69" eventInstanceID="ei403" relType="INCLUDES" />
<TLINK relatedToTime="t73" eventInstanceID="ei404" relType="IS_INCLUDED" />
<TLINK relatedToEventInstance="ei403" eventInstanceID="ei404" relType="BEFORE" />
<TLINK relatedToEventInstance="ei404" eventInstanceID="ei405" relType="INCLUDES" />
<TLINK relatedToEventInstance="ei410" eventInstanceID="ei409" relType="IAFTER" />
<TLINK relatedToEventInstance="ei388" eventInstanceID="ei411" relType="IS_INCLUDED" />
<TLINK relatedToEventInstance="ei421" eventInstanceID="ei427" relType="AFTER" />
<TLINK relatedToEventInstance="ei415" eventInstanceID="ei416" relType="AFTER" />
<TLINK relatedToEventInstance="ei388" eventInstanceID="ei417" relType="IS_INCLUDED" />
<TLINK relatedToEventInstance="ei404" eventInstanceID="ei418" relType="IDENTITY" />
<TLINK relatedToEventInstance="ei422" eventInstanceID="ei426" relType="SIMULTANEOUS" />
<SLINK subordinatedEventInstance="ei423" eventInstanceID="ei422" relType="MODAL" />
<SLINK subordinatedEventInstance="ei425" eventInstanceID="ei420" relType="EVIDENTIAL" />
<SLINK subordinatedEventInstance="ei422" eventInstanceID="ei421" relType="EVIDENTIAL" />
<SLINK subordinatedEventInstance="ei447" eventInstanceID="ei446" relType="MODAL" />
<SLINK signalID="s80" subordinatedEventInstance="ei446" eventInstanceID="ei445" relType="MODAL" />
<SLINK subordinatedEventInstance="ei444" eventInstanceID="ei443" relType="EVIDENTIAL" />
<SLINK subordinatedEventInstance="ei442" eventInstanceID="ei440" relType="MODAL" />
<SLINK subordinatedEventInstance="ei440" eventInstanceID="ei439" relType="NEG_EVIDENTIAL" />
<SLINK subordinatedEventInstance="ei435" eventInstanceID="ei437" relType="EVIDENTIAL" />
<SLINK subordinatedEventInstance="ei436" eventInstanceID="ei435" relType="EVIDENTIAL" />
<SLINK subordinatedEventInstance="ei390" eventInstanceID="ei389" relType="EVIDENTIAL" />
<SLINK subordinatedEventInstance="ei391" eventInstanceID="ei390" relType="FACTIVE" />
<SLINK subordinatedEventInstance="ei432" eventInstanceID="ei431" relType="FACTIVE" />
<SLINK subordinatedEventInstance="ei434" eventInstanceID="ei431" relType="EVIDENTIAL" />
<SLINK subordinatedEventInstance="ei431" eventInstanceID="ei430" relType="EVIDENTIAL" />
<SLINK subordinatedEventInstance="ei392" eventInstanceID="ei391" relType="EVIDENTIAL" />
<SLINK subordinatedEventInstance="ei393" eventInstanceID="ei390" relType="FACTIVE" />
<SLINK subordinatedEventInstance="ei394" eventInstanceID="ei393" relType="MODAL" />
<SLINK subordinatedEventInstance="ei396" eventInstanceID="ei395" relType="MODAL" />
<SLINK subordinatedEventInstance="ei398" eventInstanceID="ei397" relType="MODAL" />
<SLINK subordinatedEventInstance="ei399" eventInstanceID="ei398" relType="COUNTER_FACTIVE" />
<SLINK subordinatedEventInstance="ei400" eventInstanceID="ei399" relType="EVIDENTIAL" />
<SLINK subordinatedEventInstance="ei429" eventInstanceID="ei428" relType="EVIDENTIAL" />
<SLINK signalID="s75" subordinatedEventInstance="ei401" eventInstanceID="ei400" relType="MODAL" />
<SLINK subordinatedEventInstance="ei407" eventInstanceID="ei406" relType="EVIDENTIAL" />
<SLINK subordinatedEventInstance="ei408" eventInstanceID="ei406" relType="EVIDENTIAL" />
<SLINK signalID="s77" subordinatedEventInstance="ei409" eventInstanceID="ei408" relType="MODAL" />
<SLINK subordinatedEventInstance="ei424" eventInstanceID="ei420" relType="EVIDENTIAL" />
<SLINK subordinatedEventInstance="ei412" eventInstanceID="ei411" relType="FACTIVE" />
<SLINK subordinatedEventInstance="ei413" eventInstanceID="ei412" relType="EVIDENTIAL" />
<SLINK subordinatedEventInstance="ei414" eventInstanceID="ei412" relType="EVIDENTIAL" />
<SLINK subordinatedEventInstance="ei415" eventInstanceID="ei414" relType="MODAL" />
<SLINK subordinatedEventInstance="ei418" eventInstanceID="ei417" relType="EVIDENTIAL" />
<SLINK subordinatedEventInstance="ei417" eventInstanceID="ei419" relType="EVIDENTIAL" />
<SLINK subordinatedEventInstance="ei426" eventInstanceID="ei425" relType="MODAL" />
<SLINK subordinatedEventInstance="ei421" eventInstanceID="ei420" relType="EVIDENTIAL" />
</TimeML>
