<?xml version="1.0" ?>
<TimeML xmlns:xsi="http://www.w3.org/2001/XMLSchema-instance" xsi:noNamespaceSchemaLocation="TimeML1.1.xsd" >
<DOCNO> APW19980306.1001 </DOCNO>
<DOCTYPE SOURCE="newswire"> NEWS STORY </DOCTYPE>
<DATE_TIME> <TIMEX3 tid="t137" type="DATE" temporalFunction="false" functionInDocument="CREATION_TIME" value="1998-03-06T13:19:00" >03/06/1998 13:19:00</TIMEX3> </DATE_TIME>
<HEADER>
w2188 Cx1f wstm-
u i Cx13  Cx11  BC-Iraq 3rdLd-Writethru   03-06 0642
</HEADER>
<BODY>
<SLUG> BC-Iraq, 3rd Ld-Writethru </SLUG>
<HEADLINE>
American Ritter resumes inspections in Iraq
</HEADLINE>
UR Eds: AMs; RECASTS throughout with Ritter inspecting three sensitive
sites; UN quotes QL
UR By LEON BARKHO QC
UR Associated Press Writer QC

<TEXT>
<s><ENAMEX TYPE="LOCATION">BAGHDAD</ENAMEX>, <ENAMEX TYPE="LOCATION">Iraq</ENAMEX> (<ENAMEX TYPE="ORGANIZATION">AP</ENAMEX>) _ An American leader of a <ENAMEX TYPE="ORGANIZATION">U.N.</ENAMEX> weapons
inspection team <EVENT eid="e1" class="ASPECTUAL" >resumed</EVENT> <EVENT eid="e2" class="OCCURRENCE" >work</EVENT> in <ENAMEX TYPE="LOCATION">Iraq</ENAMEX> <TIMEX3 tid="t138" type="DATE" temporalFunction="true" functionInDocument="NONE" value="1998-03-06" anchorTimeID="t137" >Friday</TIMEX3>, <TIMEX3 mod="APPROX" endPoint="t138" tid="t139" temporalFunction="true" type="DURATION" functionInDocument="NONE" value="P2M" anchorTimeID="t4" >nearly <CARDINAL>two</CARDINAL> months</TIMEX3>
<SIGNAL sid="s3" >after</SIGNAL> his team was effectively <EVENT eid="e4" class="OCCURRENCE" >blocked</EVENT>.</s>
<s><ENAMEX TYPE="PERSON">Scott Ritter</ENAMEX> <EVENT eid="e5" class="OCCURRENCE" >led</EVENT> his team <SIGNAL sid="s7" >on</SIGNAL> a <TIMEX3 tid="t140" type="DURATION" temporalFunction="true" functionInDocument="NONE" value="PT10H" >10-hour</TIMEX3> <EVENT eid="e6" class="OCCURRENCE" >tour</EVENT> of <CARDINAL>three</CARDINAL> suspected
weapons sites classified as ``sensitive'' by the Iraqi authorities,
<ENAMEX TYPE="PERSON"><ENAMEX TYPE="ORGANIZATION">U.N.</ENAMEX> spokesman Alan Dacey</ENAMEX> <EVENT eid="e9" class="REPORTING" >said</EVENT>.</s>
<s>``All sites were <EVENT eid="e10" class="OCCURRENCE" >inspected</EVENT> to the satisfaction of the inspection
team and with full <EVENT eid="e11" class="OCCURRENCE" >cooperation</EVENT> of Iraqi authorities,'' <ENAMEX TYPE="PERSON">Dacey</ENAMEX> <EVENT eid="e12" class="REPORTING" >said</EVENT>.</s>
<s><CARDINAL>At least one</CARDINAL> of the sensitive sites was a barracks of the elite
<ENAMEX TYPE="ORGANIZATION">Republican Guard</ENAMEX>, a well-placed source told The <ENAMEX TYPE="ORGANIZATION">Associated Press</ENAMEX>.</s>
<s><TIMEX3 tid="t1191" type="DATE" temporalFunction="true" functionInDocument="NONE" value="PAST_REF" anchorTimeID="t137" >Previously</TIMEX3> the Iraqis have <EVENT eid="e14" class="I_ACTION" >resisted</EVENT> <EVENT eid="e15" class="I_ACTION" >attempts</EVENT> <SIGNAL sid="s16" >to</SIGNAL> <EVENT eid="e17" class="OCCURRENCE" >inspect</EVENT> such
quarters.</s>
<s>The <ENAMEX TYPE="ORGANIZATION">U.N. Security Council</ENAMEX> has <EVENT eid="e18" class="I_ACTION" >charged</EVENT> the inspectors with
<EVENT eid="e19" class="I_ACTION" >verifying</EVENT> that <ENAMEX TYPE="LOCATION">Iraq</ENAMEX> has <EVENT eid="e20" class="OCCURRENCE" >destroyed</EVENT> its long-range missiles and
weapons of mass destruction.</s>
<s>It was <COMMENT NOTE="Not sure how to  capture this">the first time</COMMENT> that <ENAMEX TYPE="PERSON">Ritter</ENAMEX>, who <EVENT eid="e24" class="OCCURRENCE" >arrived</EVENT> <TIMEX3 tid="t141" type="DATE" temporalFunction="true" functionInDocument="NONE" value="1998-03-05" anchorTimeID="t137" >Thursday</TIMEX3> with
some 50 inspectors for a <EVENT eid="e25" class="OCCURRENCE" >tour</EVENT> likely <SIGNAL sid="s26" >to</SIGNAL> <EVENT eid="e27" class="OCCURRENCE" >last</EVENT> <TIMEX3 mod="MORE_THAN" tid="t143" type="DURATION" temporalFunction="true" functionInDocument="NONE" value="P1W" >over a week</TIMEX3>, had been <EVENT eid="e28" class="I_STATE" >allowed</EVENT> <SIGNAL sid="s29" >to</SIGNAL> <EVENT eid="e30" class="OCCURRENCE" >carry</EVENT> out an <EVENT eid="e31" class="OCCURRENCE" >inspection</EVENT> <SIGNAL sid="s254" >since</SIGNAL> <TIMEX3 tid="t1192" type="DATE" temporalFunction="true" functionInDocument="NONE" value="1998-01-13" anchorTimeID="t137" >Jan. 13</TIMEX3>.</s>
<s>Then the <ENAMEX TYPE="LOCATION">Baghdad</ENAMEX> government <EVENT eid="e32" class="ASPECTUAL" >stopped</EVENT> <EVENT eid="e33" class="OCCURRENCE" >providing</EVENT> <ENAMEX TYPE="PERSON">Ritter</ENAMEX>'s team with
escorts, <EVENT eid="e35" class="I_ACTION" >making</EVENT> it <SIGNAL sid="s269" >impossible</SIGNAL> for him to <EVENT eid="e37" class="OCCURRENCE" >enter</EVENT> any site.</s> <s><ENAMEX TYPE="LOCATION">Iraq</ENAMEX>
<EVENT eid="e38" class="I_ACTION" >alleged</EVENT> <ENAMEX TYPE="PERSON">Ritter</ENAMEX> was an American spy whose team had a
disproportionately high number of Americans and Britons.</s>
<s>The official <ENAMEX TYPE="ORGANIZATION">Iraqi News Agency</ENAMEX>, which gives the daily tally of
inspections, did <SIGNAL sid="s43" >not</SIGNAL> <EVENT eid="e42" class="OCCURRENCE" >mention</EVENT> <ENAMEX TYPE="PERSON">Ritter</ENAMEX> by name, but <EVENT eid="e45" class="REPORTING" >said</EVENT> <TIMEX3 tid="t144" type="DATE" temporalFunction="true" functionInDocument="NONE" value="1998-03-06" anchorTimeID="t137" >Friday</TIMEX3> that
team no. 225 _ which <ENAMEX TYPE="PERSON">Ritter</ENAMEX> heads _ <EVENT eid="e48" class="OCCURRENCE" >made</EVENT> surprise <EVENT eid="e49" class="OCCURRENCE" >visits</EVENT> to a
number of sites and was <EVENT eid="e50" class="OCCURRENCE" >assisted</EVENT> by aerial surveillance.</s>
<s><CARDINAL>Five</CARDINAL> other <ENAMEX TYPE="ORGANIZATION">U.N.</ENAMEX> inspection teams <EVENT eid="e52" class="OCCURRENCE" >visited</EVENT> a total of <CARDINAL>nine</CARDINAL> other
sites, the agency <EVENT eid="e53" class="REPORTING" >reported</EVENT>.</s>
<s>An Iraqi official, <EVENT eid="e54" class="OCCURRENCE" >speaking</EVENT> on customary condition of anonymity,
<EVENT eid="e56" class="REPORTING" >said</EVENT> <ENAMEX TYPE="PERSON">Ritter</ENAMEX> <SIGNAL sid="s58" >would</SIGNAL> <SIGNAL sid="s59" >not</SIGNAL> <EVENT eid="e57" class="I_ACTION" >try</EVENT> <SIGNAL sid="s60" >to</SIGNAL> <EVENT eid="e61" class="OCCURRENCE" >visit</EVENT> any of the <CARDINAL>eight</CARDINAL> presidential
sites that <ENAMEX TYPE="LOCATION">Baghdad</ENAMEX> had <EVENT eid="e62" class="OCCURRENCE" >placed</EVENT> off-limits to <ENAMEX TYPE="ORGANIZATION">U.N.</ENAMEX> weapons
inspectors.</s>
<s>The official <EVENT eid="e63" class="REPORTING" >said</EVENT> these sites <SIGNAL sid="s65" >could</SIGNAL> only be <EVENT eid="e64" class="OCCURRENCE" >visited</EVENT> by a special
team of <ENAMEX TYPE="ORGANIZATION">U.N.</ENAMEX> monitors and diplomats as <EVENT eid="e67" class="OCCURRENCE" >laid</EVENT> down by the <TIMEX3 tid="t1193" type="DATE" temporalFunction="true" functionInDocument="NONE" value="1998-02-23" anchorTimeID="t137" >Feb. 23</TIMEX3>
accord <EVENT eid="e68" class="OCCURRENCE" >signed</EVENT> by <ENAMEX TYPE="PERSON"><ENAMEX TYPE="ORGANIZATION">U.N.</ENAMEX> Secretary-General Kofi Annan</ENAMEX> and <ENAMEX TYPE="PERSON">Iraqi Deputy
Prime Minister Tariq Aziz</ENAMEX>.</s>
<s><ENAMEX TYPE="PERSON">Ritter</ENAMEX>'s <EVENT eid="e69" class="OCCURRENCE" >return</EVENT> is <EVENT eid="e70" class="I_STATE" >seen</EVENT> as something of a <EVENT eid="e71" class="OCCURRENCE" >test</EVENT> of that
agreement, under which <ENAMEX TYPE="LOCATION">Iraq</ENAMEX> <EVENT eid="e73" class="I_ACTION" >agreed</EVENT> <SIGNAL sid="s74" >to</SIGNAL> <EVENT eid="e75" class="OCCURRENCE" >give</EVENT> inspectors full access
to <CARDINAL>eight</CARDINAL> of <ENAMEX TYPE="PERSON">Saddam Hussein</ENAMEX>'s presidential palaces.</s>
<s>The <ENAMEX TYPE="LOCATION">United States</ENAMEX> had <EVENT eid="e76" class="OCCURRENCE" >moved</EVENT> additional troops and a naval armada
into the <ENAMEX TYPE="LOCATION">Gulf</ENAMEX> and <EVENT eid="e77" class="REPORTING" >said</EVENT> it <SIGNAL sid="s153" >would</SIGNAL> <EVENT eid="e78" class="OCCURRENCE" >strike</EVENT> <ENAMEX TYPE="LOCATION">Iraq</ENAMEX> <COMMENT NOTE="I don't think we can capture this kind of construction">unless it gave </COMMENT>the <ENAMEX TYPE="ORGANIZATION">U.N.</ENAMEX>
arms inspectors unfettered access to all potential weapons sites,
including <ENAMEX TYPE="PERSON">Saddam</ENAMEX>'s palaces.</s> <s><ENAMEX TYPE="LOCATION">Iraq</ENAMEX> had <EVENT eid="e80" class="I_ACTION" >argued</EVENT> the presidential sites
should be <EVENT eid="e155" class="STATE" >off limits</EVENT> as symbols of sovereignty.</s>
<s>A <ENAMEX TYPE="ORGANIZATION">Pentagon</ENAMEX> spokesman <EVENT eid="e83" class="REPORTING" >said</EVENT> <TIMEX3 tid="t146" type="DATE" temporalFunction="true" functionInDocument="NONE" value="1998-03-05" anchorTimeID="t137" >Thursday</TIMEX3> that the <CARDINAL>38,000</CARDINAL> <ENAMEX TYPE="LOCATION">U.S.</ENAMEX> troops
in the <ENAMEX TYPE="LOCATION">Gulf</ENAMEX> will <EVENT eid="e84" class="STATE" >remain</EVENT> <SIGNAL sid="s156" >until</SIGNAL> <ENAMEX TYPE="LOCATION">Iraq</ENAMEX> <EVENT eid="e157" class="OCCURRENCE" >complies</EVENT> with the <ENAMEX TYPE="ORGANIZATION">U.N. Security
Council</ENAMEX> agreement over weapons inspections.</s>
<s>``We are going to <EVENT eid="e88" class="STATE" >maintain</EVENT> our forces in the region for the
foreseeable future,'' <EVENT eid="e89" class="REPORTING" >said</EVENT> <ENAMEX TYPE="PERSON">spokesman Kenneth Bacon</ENAMEX>.</s>
<s>The U.N.-Iraq accord was <EVENT eid="e90" class="OCCURRENCE" >worked</EVENT> out by <ENAMEX TYPE="PERSON"><ENAMEX TYPE="ORGANIZATION">U.N.</ENAMEX> Secretary-General
Kofi Annan</ENAMEX>, who <EVENT eid="e91" class="OCCURRENCE" >appointed</EVENT> a retired Indian diplomat <SIGNAL sid="s158" >on</SIGNAL> <TIMEX3 tid="t1194" type="DATE" temporalFunction="true" functionInDocument="NONE" value="1998-03-05" anchorTimeID="t137" >Thursday</TIMEX3> as
his special representative to <ENAMEX TYPE="LOCATION">Iraq</ENAMEX>.</s> <s><ENAMEX TYPE="PERSON">Prakash Shah, <CARDINAL>58</CARDINAL></ENAMEX>, a former
Indian ambassador to the <ENAMEX TYPE="ORGANIZATION">United Nations</ENAMEX>, is part of an <EVENT eid="e159" class="I_ACTION" >effort</EVENT> by
<ENAMEX TYPE="PERSON">Annan</ENAMEX> <SIGNAL sid="s93" >to</SIGNAL> <EVENT eid="e94" class="OCCURRENCE" >expand</EVENT> contacts with the Iraqi leadership.</s>
<s>Palace <EVENT eid="e97" class="OCCURRENCE" >inspections</EVENT> are <SIGNAL sid="s99" >not</SIGNAL> <EVENT eid="e98" class="I_STATE" >expected</EVENT> <SIGNAL sid="s100" >to</SIGNAL> <EVENT eid="e101" class="ASPECTUAL" >start</EVENT> <SIGNAL sid="s103" >until</SIGNAL> the new
agreement's procedures are in <EVENT eid="e161" class="STATE" >place</EVENT>.</s> <s><ENAMEX TYPE="ORGANIZATION">U.N.</ENAMEX> officials in <ENAMEX TYPE="LOCATION">New York</ENAMEX> <SIGNAL sid="s397" >on</SIGNAL>
<TIMEX3 tid="t148" type="DATE" temporalFunction="true" functionInDocument="NONE" value="1998-03-06" anchorTimeID="t137" >Friday</TIMEX3> <EVENT eid="e106" class="ASPECTUAL" >finished</EVENT> <EVENT eid="e107" class="OCCURRENCE" >drafting</EVENT> the rules, <SIGNAL sid="s109" >in</SIGNAL> <EVENT eid="e108" class="OCCURRENCE" >consultation</EVENT> with Iraqi
diplomats.</s> <s>The procedures are due to <EVENT eid="e112" class="OCCURRENCE" >go</EVENT> before the <ENAMEX TYPE="ORGANIZATION">Security Council</ENAMEX>
<TIMEX3 tid="t150" type="DATE" temporalFunction="true" functionInDocument="NONE" value="1998-W11" anchorTimeID="t137" >next week</TIMEX3>.</s>
<s>The <ENAMEX TYPE="ORGANIZATION">Security Council</ENAMEX> has <EVENT eid="e113" class="REPORTING" >said</EVENT> it will <SIGNAL sid="s115" >not</SIGNAL> <EVENT eid="e114" class="OCCURRENCE" >lift</EVENT> the sweeping
sanctions <EVENT eid="e117" class="OCCURRENCE" >imposed</EVENT> on <ENAMEX TYPE="LOCATION">Iraq</ENAMEX> <SIGNAL sid="s119" >after</SIGNAL> its <TIMEX3 tid="t151" type="DATE" temporalFunction="true" functionInDocument="NONE" value="1190" >1990</TIMEX3> <EVENT eid="e118" class="OCCURRENCE" >invasion</EVENT> of <ENAMEX TYPE="LOCATION">Kuwait</ENAMEX> <SIGNAL sid="s120" >until</SIGNAL>
the <ENAMEX TYPE="ORGANIZATION">U.N.</ENAMEX> inspectors <EVENT eid="e121" class="OCCURRENCE" >certify</EVENT> that <ENAMEX TYPE="LOCATION">Baghdad</ENAMEX> has <EVENT eid="e122" class="OCCURRENCE" >eliminated</EVENT> its weapons
of mass destruction.</s>
</TEXT>
UR lb-jbm
(PROFILE
(WS SL:BC-Iraq, 3rd Ld-Writethru; CT:i;
(REG:MEST;)
(REG:ENGL;)
(REG:EURO;)
(REG:BRIT;)
(REG:SCAN;)
(LANG:ENGLISH;))
)
</BODY>
<TRAILER>
<s>AP-NY-03-06-98 1319EST</s>
</TRAILER>

<MAKEINSTANCE aspect="NONE" eiid="ei1233" tense="PAST" eventID="e1" />
<MAKEINSTANCE aspect="NONE" eiid="ei1234" tense="NONE" eventID="e2" />
<MAKEINSTANCE aspect="NONE" eiid="ei1235" tense="PAST" eventID="e4" />
<MAKEINSTANCE aspect="NONE" eiid="ei1236" tense="PAST" eventID="e5" />
<MAKEINSTANCE aspect="NONE" eiid="ei1237" tense="NONE" eventID="e6" />
<MAKEINSTANCE aspect="NONE" eiid="ei1238" tense="PAST" eventID="e9" />
<MAKEINSTANCE aspect="NONE" eiid="ei1239" tense="PAST" eventID="e10" />
<MAKEINSTANCE aspect="NONE" eiid="ei1240" tense="NONE" eventID="e11" />
<MAKEINSTANCE aspect="NONE" eiid="ei1241" tense="PAST" eventID="e12" />
<MAKEINSTANCE aspect="PERFECTIVE" eiid="ei1242" tense="PRESENT" eventID="e14" />
<MAKEINSTANCE aspect="NONE" eiid="ei1243" cardinality="PLURAL" tense="NONE" eventID="e15" />
<MAKEINSTANCE aspect="NONE" eiid="ei1244" tense="NONE" eventID="e17" />
<MAKEINSTANCE aspect="PERFECTIVE" eiid="ei1245" tense="PRESENT" eventID="e18" />
<MAKEINSTANCE aspect="PROGRESSIVE" eiid="ei1246" tense="NONE" eventID="e19" />
<MAKEINSTANCE aspect="PERFECTIVE" eiid="ei1247" tense="PRESENT" eventID="e20" />
<MAKEINSTANCE aspect="NONE" eiid="ei1248" tense="PAST" eventID="e24" />
<MAKEINSTANCE aspect="NONE" eiid="ei1249" tense="NONE" eventID="e25" />
<MAKEINSTANCE aspect="NONE" eiid="ei1250" tense="NONE" eventID="e27" />
<MAKEINSTANCE aspect="PERFECTIVE" eiid="ei1251" tense="PAST" eventID="e28" />
<MAKEINSTANCE aspect="NONE" eiid="ei1252" tense="NONE" eventID="e30" />
<MAKEINSTANCE aspect="NONE" eiid="ei1253" tense="NONE" eventID="e31" />
<MAKEINSTANCE aspect="NONE" eiid="ei1254" tense="PAST" eventID="e32" />
<MAKEINSTANCE aspect="PROGRESSIVE" eiid="ei1255" tense="NONE" eventID="e33" />
<MAKEINSTANCE aspect="PROGRESSIVE" eiid="ei1256" tense="NONE" eventID="e35" />
<MAKEINSTANCE aspect="NONE" eiid="ei1257" tense="NONE" eventID="e37" />
<MAKEINSTANCE aspect="PERFECTIVE" eiid="ei1258" tense="NONE" eventID="e38" />
<MAKEINSTANCE aspect="NONE" eiid="ei1259" tense="PAST" eventID="e42" />
<MAKEINSTANCE aspect="NONE" eiid="ei1260" tense="PAST" eventID="e45" />
<MAKEINSTANCE aspect="NONE" eiid="ei1261" tense="PAST" eventID="e48" />
<MAKEINSTANCE aspect="NONE" eiid="ei1262" tense="NONE" eventID="e49" />
<MAKEINSTANCE aspect="NONE" eiid="ei1263" tense="PAST" eventID="e50" />
<MAKEINSTANCE aspect="NONE" eiid="ei1264" tense="PAST" eventID="e52" />
<MAKEINSTANCE aspect="NONE" eiid="ei1265" tense="PAST" eventID="e53" />
<MAKEINSTANCE aspect="PROGRESSIVE" eiid="ei1266" tense="NONE" eventID="e54" />
<MAKEINSTANCE aspect="NONE" eiid="ei1267" tense="PAST" eventID="e56" />
<MAKEINSTANCE aspect="NONE" eiid="ei1268" tense="PAST" eventID="e57" />
<MAKEINSTANCE aspect="NONE" eiid="ei1269" tense="NONE" eventID="e61" />
<MAKEINSTANCE aspect="PERFECTIVE" eiid="ei1270" tense="PAST" eventID="e62" />
<MAKEINSTANCE aspect="NONE" eiid="ei1271" tense="PAST" eventID="e63" />
<MAKEINSTANCE aspect="NONE" eiid="ei1272" tense="PAST" eventID="e64" />
<MAKEINSTANCE aspect="PERFECTIVE" eiid="ei1273" tense="NONE" eventID="e67" />
<MAKEINSTANCE aspect="NONE" eiid="ei1274" tense="PAST" eventID="e68" />
<MAKEINSTANCE aspect="NONE" eiid="ei1275" tense="NONE" eventID="e69" />
<MAKEINSTANCE aspect="NONE" eiid="ei1276" tense="PRESENT" eventID="e70" />
<MAKEINSTANCE aspect="NONE" eiid="ei1277" tense="NONE" eventID="e71" />
<MAKEINSTANCE aspect="NONE" eiid="ei1278" tense="PAST" eventID="e73" />
<MAKEINSTANCE aspect="NONE" eiid="ei1279" tense="NONE" eventID="e75" />
<MAKEINSTANCE aspect="PERFECTIVE" eiid="ei1280" tense="PAST" eventID="e76" />
<MAKEINSTANCE aspect="NONE" eiid="ei1281" tense="PAST" eventID="e77" />
<MAKEINSTANCE aspect="NONE" eiid="ei1282" tense="NONE" eventID="e78" />
<MAKEINSTANCE aspect="PERFECTIVE" eiid="ei1283" tense="PAST" eventID="e80" />
<MAKEINSTANCE aspect="NONE" modality="should" eiid="ei1284" tense="NONE" eventID="e155" />
<MAKEINSTANCE aspect="NONE" eiid="ei1285" tense="PAST" eventID="e83" />
<MAKEINSTANCE aspect="NONE" eiid="ei1286" tense="FUTURE" eventID="e84" />
<MAKEINSTANCE aspect="NONE" eiid="ei1287" tense="NONE" eventID="e157" />
<MAKEINSTANCE aspect="NONE" eiid="ei1288" tense="NONE" eventID="e88" />
<MAKEINSTANCE aspect="NONE" eiid="ei1289" tense="PAST" eventID="e89" />
<MAKEINSTANCE aspect="NONE" eiid="ei1290" tense="PAST" eventID="e90" />
<MAKEINSTANCE aspect="NONE" eiid="ei1291" tense="PAST" eventID="e91" />
<MAKEINSTANCE aspect="NONE" eiid="ei1292" tense="NONE" eventID="e159" />
<MAKEINSTANCE aspect="NONE" eiid="ei1293" tense="NONE" eventID="e94" />
<MAKEINSTANCE aspect="NONE" eiid="ei1294" tense="NONE" eventID="e97" />
<MAKEINSTANCE aspect="NONE" eiid="ei1295" tense="PRESENT" eventID="e98" />
<MAKEINSTANCE aspect="NONE" eiid="ei1296" tense="NONE" eventID="e101" />
<MAKEINSTANCE aspect="NONE" eiid="ei1297" tense="NONE" eventID="e161" />
<MAKEINSTANCE aspect="NONE" eiid="ei1298" tense="PAST" eventID="e106" />
<MAKEINSTANCE aspect="PROGRESSIVE" eiid="ei1299" tense="NONE" eventID="e107" />
<MAKEINSTANCE aspect="NONE" eiid="ei1300" tense="NONE" eventID="e108" />
<MAKEINSTANCE aspect="NONE" eiid="ei1301" tense="NONE" eventID="e112" />
<MAKEINSTANCE aspect="NONE" eiid="ei1302" tense="PRESENT" eventID="e113" />
<MAKEINSTANCE aspect="NONE" eiid="ei1303" tense="FUTURE" eventID="e114" />
<MAKEINSTANCE aspect="PERFECTIVE" eiid="ei1304" tense="NONE" eventID="e117" />
<MAKEINSTANCE aspect="NONE" eiid="ei1305" tense="NONE" eventID="e118" />
<MAKEINSTANCE aspect="NONE" eiid="ei1306" tense="NONE" eventID="e121" />
<MAKEINSTANCE aspect="PERFECTIVE" eiid="ei1307" tense="PRESENT" eventID="e122" />
<TLINK relatedToTime="t138" eventInstanceID="ei1233" relType="IS_INCLUDED" />
<TLINK relatedToEventInstance="ei1235" signalID="s3" eventInstanceID="ei1233" relType="AFTER" />
<TLINK relatedToTime="t140" eventInstanceID="ei1237" relType="SIMULTANEOUS" />
<TLINK relatedToEventInstance="ei1237" signalID="s7" eventInstanceID="ei1236" relType="SIMULTANEOUS" />
<TLINK relatedToEventInstance="ei1243" eventInstanceID="ei1242" relType="IS_INCLUDED" />
<TLINK relatedToTime="t141" eventInstanceID="ei1248" relType="IS_INCLUDED" />
<TLINK relatedToEventInstance="ei1250" signalID="s26" eventInstanceID="ei1249" relType="IDENTITY" />
<TLINK relatedToTime="t143" eventInstanceID="ei1250" relType="SIMULTANEOUS" />
<TLINK relatedToEventInstance="ei1253" eventInstanceID="ei1252" relType="IDENTITY" />
<TLINK signalID="s254" relatedToTime="t1192" eventInstanceID="ei1253" relType="AFTER" />
<TLINK relatedToTime="t144" eventInstanceID="ei1260" relType="IS_INCLUDED" />
<TLINK relatedToEventInstance="ei1262" eventInstanceID="ei1261" relType="IDENTITY" />
<TLINK relatedToEventInstance="ei1267" eventInstanceID="ei1266" relType="INCLUDES" />
<TLINK relatedToTime="t1193" eventInstanceID="ei1273" relType="IS_INCLUDED" />
<TLINK relatedToTime="t146" eventInstanceID="ei1285" relType="IS_INCLUDED" />
<TLINK relatedToEventInstance="ei1287" signalID="s156" eventInstanceID="ei1286" relType="ENDED_BY" />
<TLINK signalID="s158" relatedToTime="t1194" eventInstanceID="ei1291" relType="IS_INCLUDED" />
<TLINK relatedToEventInstance="ei1297" signalID="s103" eventInstanceID="ei1296" relType="IAFTER" />
<TLINK signalID="s397" relatedToTime="t148" eventInstanceID="ei1298" relType="IS_INCLUDED" />
<TLINK relatedToEventInstance="ei1300" signalID="s109" eventInstanceID="ei1299" relType="SIMULTANEOUS" />
<TLINK relatedToTime="t150" eventInstanceID="ei1301" relType="IS_INCLUDED" />
<TLINK relatedToEventInstance="ei1305" signalID="s119" eventInstanceID="ei1304" relType="AFTER" />
<TLINK relatedToTime="t151" eventInstanceID="ei1305" relType="IS_INCLUDED" />
<TLINK relatedToEventInstance="ei1306" signalID="s120" eventInstanceID="ei1303" relType="AFTER" />
<TLINK relatedToTime="t1191" eventInstanceID="ei1242" relType="IS_INCLUDED" />
<TLINK relatedToTime="t137" eventInstanceID="ei1258" relType="BEFORE" />
<TLINK relatedToTime="t137" eventInstanceID="ei1270" relType="BEFORE" />
<TLINK relatedToTime="t1193" eventInstanceID="ei1274" relType="IS_INCLUDED" />
<TLINK relatedToTime="t137" eventInstanceID="ei1275" relType="BEFORE" />
<TLINK relatedToTime="t137" eventInstanceID="ei1280" relType="BEFORE" />
<TLINK relatedToTime="t137" eventInstanceID="ei1290" relType="BEFORE" />
<TLINK signalID="s3" relatedToTime="t139" eventInstanceID="ei1235" relType="BEGINS" />
<TLINK signalID="s3" relatedToTime="t139" eventInstanceID="ei1233" relType="ENDS" />
<SLINK subordinatedEventInstance="ei1236" eventInstanceID="ei1238" relType="EVIDENTIAL" />
<SLINK subordinatedEventInstance="ei1237" eventInstanceID="ei1238" relType="EVIDENTIAL" />
<SLINK subordinatedEventInstance="ei1239" eventInstanceID="ei1241" relType="EVIDENTIAL" />
<SLINK subordinatedEventInstance="ei1240" eventInstanceID="ei1241" relType="EVIDENTIAL" />
<SLINK signalID="s16" subordinatedEventInstance="ei1244" eventInstanceID="ei1243" relType="MODAL" />
<SLINK subordinatedEventInstance="ei1246" eventInstanceID="ei1245" relType="MODAL" />
<SLINK subordinatedEventInstance="ei1247" eventInstanceID="ei1246" relType="MODAL" />
<SLINK signalID="s29" subordinatedEventInstance="ei1252" eventInstanceID="ei1251" relType="MODAL" />
<SLINK subordinatedEventInstance="ei1257" eventInstanceID="ei1256" relType="MODAL" />
<SLINK subordinatedEventInstance="ei1262" eventInstanceID="ei1260" relType="EVIDENTIAL" />
<SLINK subordinatedEventInstance="ei1263" eventInstanceID="ei1260" relType="EVIDENTIAL" />
<SLINK subordinatedEventInstance="ei1264" eventInstanceID="ei1265" relType="EVIDENTIAL" />
<SLINK subordinatedEventInstance="ei1268" eventInstanceID="ei1267" relType="EVIDENTIAL" />
<SLINK signalID="s60" subordinatedEventInstance="ei1269" eventInstanceID="ei1268" relType="MODAL" />
<SLINK subordinatedEventInstance="ei1272" eventInstanceID="ei1271" relType="EVIDENTIAL" />
<SLINK subordinatedEventInstance="ei1277" eventInstanceID="ei1276" relType="MODAL" />
<SLINK signalID="s74" subordinatedEventInstance="ei1279" eventInstanceID="ei1278" relType="MODAL" />
<SLINK subordinatedEventInstance="ei1282" eventInstanceID="ei1281" relType="EVIDENTIAL" />
<SLINK subordinatedEventInstance="ei1284" eventInstanceID="ei1283" relType="MODAL" />
<SLINK subordinatedEventInstance="ei1286" eventInstanceID="ei1285" relType="EVIDENTIAL" />
<SLINK subordinatedEventInstance="ei1288" eventInstanceID="ei1289" relType="EVIDENTIAL" />
<SLINK signalID="s93" subordinatedEventInstance="ei1293" eventInstanceID="ei1292" relType="MODAL" />
<SLINK signalID="s100" subordinatedEventInstance="ei1296" eventInstanceID="ei1294" relType="MODAL" />
<SLINK subordinatedEventInstance="ei1294" eventInstanceID="ei1295" relType="MODAL" />
<SLINK subordinatedEventInstance="ei1303" eventInstanceID="ei1302" relType="EVIDENTIAL" />
<SLINK subordinatedEventInstance="ei1307" eventInstanceID="ei1306" relType="MODAL" />
<ALINK relatedToEventInstance="ei1234" eventInstanceID="ei1233" relType="REINITIATES" />
<ALINK relatedToEventInstance="ei1255" eventInstanceID="ei1254" relType="TERMINATES" />
<ALINK relatedToEventInstance="ei1299" eventInstanceID="ei1298" relType="CULMINATES" />
</TimeML>
