<?xml version="1.0" ?>
<TimeML xmlns:xsi="http://www.w3.org/2001/XMLSchema-instance" xsi:noNamespaceSchemaLocation="TimeML1.1.xsd" >
<DOCNO> APW19980213.1310 </DOCNO>
<DOCTYPE SOURCE="newswire"> NEWS STORY </DOCTYPE>
<DATE_TIME> <TIMEX3 tid="t109" type="DATE" temporalFunction="false" functionInDocument="CREATION_TIME" value="1998-02-13T14:26:00" >02/13/1998 14:26:00</TIMEX3> </DATE_TIME>
<HEADER>
w2112 Cx1f wstm-
r i Cx13  Cx11  BC-Australia-Republic 4thLd-Writethru   02-13 0603
</HEADER>
<BODY>
<SLUG> BC-Australia-Republic, 4th Ld-Writethru,0602 </SLUG>
<HEADLINE>
Constitutional convention votes for republic, against links to
</HEADLINE>
British monarchy QL
UR Eds: ADDS 2 grafs at end with reaction from former prime minister
Paul Keating QL
UR AP Photo CANB101,102,103 QL
UR By ALAN THORNHILL QC
UR Associated Press Writer QC

<TEXT>
<s><ENAMEX TYPE="LOCATION">CANBERRA</ENAMEX>, <ENAMEX TYPE="LOCATION">Australia</ENAMEX> (<ENAMEX TYPE="ORGANIZATION">AP</ENAMEX>) _ <EVENT eid="e1" class="OCCURRENCE" >Turning</EVENT> its back on <TIMEX3 tid="t110" type="DURATION" temporalFunction="false" functionInDocument="NONE" value="P210Y" ><CARDINAL>210</CARDINAL> years</TIMEX3> of
loyalty to the British royal family, a constitutional convention
<EVENT eid="e2" class="OCCURRENCE" >voted</EVENT> overwhelmingly <TIMEX3 tid="t111" type="DATE" temporalFunction="true" functionInDocument="NONE" value="1998-02-13" anchorTimeID="t109" >Friday</TIMEX3> <SIGNAL sid="s3" >to</SIGNAL> <EVENT eid="e4" class="OCCURRENCE" >make</EVENT> <ENAMEX TYPE="LOCATION">Australia</ENAMEX> a republic under its
own president.</s>
<s><ENAMEX TYPE="PERSON">Prime Minister John Howard</ENAMEX>, a monarchist himself, <EVENT eid="e5" class="I_ACTION" >promised</EVENT> <SIGNAL sid="s6" >to</SIGNAL> <EVENT eid="e7" class="OCCURRENCE" >put</EVENT> the <EVENT eid="e8" class="OCCURRENCE" >question</EVENT> to a national <EVENT eid="e9" class="OCCURRENCE" >referendum</EVENT> <TIMEX3 tid="t112" type="DATE" temporalFunction="true" functionInDocument="NONE" value="1999" anchorTimeID="t109" >next year</TIMEX3> <SIGNAL sid="s113" >after</SIGNAL>
convention delegates <EVENT eid="e10" class="OCCURRENCE" >voted</EVENT> 89-52 for a republic, with <CARDINAL>11</CARDINAL>
abstentions.</s>
<s>Spontaneous <EVENT eid="e11" class="OCCURRENCE" >applause</EVENT> <EVENT eid="e12" class="OCCURRENCE" >echoed</EVENT> through the chamber and public
galleries as the crucial <EVENT eid="e13" class="OCCURRENCE" >vote</EVENT> <EVENT eid="e14" class="OCCURRENCE" >passed</EVENT> by a wide margin.</s>
<s>``I <EVENT eid="e15" class="I_STATE" >want</EVENT> a <EVENT eid="e16" class="OCCURRENCE" >referendum</EVENT>,'' <ENAMEX TYPE="ORGANIZATION">Howard</ENAMEX> <EVENT eid="e17" class="REPORTING" >said</EVENT>.</s> <s>``The Australian people
are <EVENT eid="e18" class="I_STATE" >owed</EVENT> the opportunity of <EVENT eid="e19" class="OCCURRENCE" >expressing</EVENT> an opinion on this.''</s>
<s>``It <SIGNAL sid="s20" >would</SIGNAL> be a <EVENT eid="e21" class="OCCURRENCE" >travesty</EVENT> in common sense terms of Australian
democracy for that <EVENT eid="e23" class="OCCURRENCE" >proposition</EVENT> <SIGNAL sid="s199" >not</SIGNAL> to be <EVENT eid="e24" class="OCCURRENCE" >put</EVENT> to the Australian
people,'' <ENAMEX TYPE="ORGANIZATION">Howard</ENAMEX> <EVENT eid="e25" class="REPORTING" >said</EVENT>.</s>
<s>Even in his own <ENAMEX TYPE="LOCATION">Cabinet</ENAMEX>, <ENAMEX TYPE="ORGANIZATION">Howard</ENAMEX> is <EVENT eid="e26" class="ASPECTUAL" >becoming</EVENT> increasingly <EVENT eid="e27" class="OCCURRENCE" >isolated</EVENT> with his monarchist stance.</s> <s><ENAMEX TYPE="PERSON">Treasurer Peter Costello</ENAMEX>,
<ENAMEX TYPE="PERSON"><ENAMEX TYPE="ORGANIZATION">Environment</ENAMEX> Minister Robert Hill</ENAMEX> and <ENAMEX TYPE="PERSON">Attorney General Daryl
Williams</ENAMEX> all <EVENT eid="e28" class="OCCURRENCE" >voted</EVENT> <SIGNAL sid="s29" >to</SIGNAL> <EVENT eid="e30" class="OCCURRENCE" >support</EVENT> the republic <TIMEX3 tid="t114" type="DATE" temporalFunction="true" functionInDocument="NONE" value="1998-02-13" anchorTimeID="t111" >Friday</TIMEX3>.</s>
<s>``This convention will be <EVENT eid="e31" class="PERCEPTION" >seen</EVENT> as a turning point in our
history,'' <ENAMEX TYPE="PERSON"><ENAMEX TYPE="ORGANIZATION">Australian Republican Movement</ENAMEX> spokeswoman Mary
Delahunty</ENAMEX> <EVENT eid="e32" class="REPORTING" >said</EVENT>.</s>
<s>Pro-republicans <EVENT eid="e33" class="I_STATE" >hope</EVENT> <SIGNAL sid="s34" >to</SIGNAL> <EVENT eid="e35" class="OCCURRENCE" >have</EVENT> an Australian president <SIGNAL sid="s250" >by</SIGNAL> the
<EVENT eid="e36" class="OCCURRENCE" >opening</EVENT> of the 2000 Olympics and the 100th anniversary of
Australian federation.</s>
<s><EVENT eid="e37" class="I_ACTION" >Calling</EVENT> for an <EVENT eid="e257" class="OCCURRENCE" >amended</EVENT> constitution with a new preamble, to be <EVENT eid="e41" class="OCCURRENCE" >written</EVENT> by Australian poets, <ENAMEX TYPE="ORGANIZATION">republican Janet Holmes</ENAMEX> a <ENAMEX TYPE="ORGANIZATION">Court</ENAMEX> <EVENT eid="e115" class="REPORTING" >said</EVENT>,
``We <EVENT eid="e42" class="OCCURRENCE" >need</EVENT> the smell of eucalyptus in this, and the feel of red
dust.''</s>
<s>Monarchists <EVENT eid="e43" class="I_STATE" >hope</EVENT> <SIGNAL sid="s44" >to</SIGNAL> <EVENT eid="e45" class="OCCURRENCE" >defeat</EVENT> the republic <SIGNAL sid="s47" >at</SIGNAL> the <EVENT eid="e46" class="OCCURRENCE" >referendum</EVENT>.</s>
<s>``The phony <EVENT eid="e48" class="OCCURRENCE" >war</EVENT> has <EVENT eid="e49" class="ASPECTUAL" >finished</EVENT> and the real referendum <EVENT eid="e50" class="OCCURRENCE" >campaign</EVENT>
has clearly <EVENT eid="e51" class="I_ACTION" >begun</EVENT>,'' Australians for a <ENAMEX TYPE="PERSON"><ENAMEX TYPE="ORGANIZATION">Constitutional Monarchy</ENAMEX>
executive director Kerry Jones</ENAMEX> <EVENT eid="e52" class="REPORTING" >said</EVENT>.</s>
<s>``Well <SIGNAL sid="s54" >may</SIGNAL>  we <EVENT eid="e53" class="OCCURRENCE" >say</EVENT>  `God <EVENT eid="e56" class="OCCURRENCE" >save</EVENT> the Queen,' for <SIGNAL sid="s308" >nothing</SIGNAL> will <EVENT eid="e57" class="OCCURRENCE" >save</EVENT>
the republic,'' outraged monarchist delegate <ENAMEX TYPE="PERSON">David Mitchell</ENAMEX> <EVENT eid="e58" class="REPORTING" >said</EVENT>.</s>
<s>``The idea of a republic will <EVENT eid="e319" class="OCCURRENCE" >fall</EVENT> <SIGNAL sid="s59" >to</SIGNAL> <EVENT eid="e60" class="STATE" >dust</EVENT> through the grace of
almighty God.''</s>
<s>Polls have <EVENT eid="e62" class="REPORTING" >shown</EVENT> public <EVENT eid="e63" class="OCCURRENCE" >support</EVENT> for a republic <EVENT eid="e64" class="OCCURRENCE" >increasing</EVENT>,
<EVENT eid="e65" class="OCCURRENCE" >rising</EVENT> <SIGNAL sid="s352" >from</SIGNAL> about <EVENT eid="e344" class="STATE" ><NUMEX TYPE="PERCENT">35 percent</NUMEX></EVENT> <TIMEX3 tid="t117" type="DATE" temporalFunction="true" functionInDocument="NONE" value="PAST_REF" anchorTimeID="t109" >several years ago</TIMEX3> <SIGNAL sid="s353" >to</SIGNAL> about <EVENT eid="e345" class="STATE" ><NUMEX TYPE="PERCENT">51 percent</NUMEX></EVENT>
<TIMEX3 tid="t358" type="DATE" temporalFunction="true" functionInDocument="NONE" value="1998" anchorTimeID="t109" >this year</TIMEX3>, <SIGNAL sid="s369" >as</SIGNAL> pro-monarchist sentiment <EVENT eid="e66" class="OCCURRENCE" >diminishes</EVENT>.</s>
<s><ENAMEX TYPE="LOCATION">Australia</ENAMEX> has been <EVENT eid="e374" class="STATE" >independent</EVENT> since <TIMEX3 tid="t118" type="DATE" temporalFunction="false" functionInDocument="NONE" value="1901" >1901</TIMEX3>, but like many
<ENAMEX TYPE="LOCATION">Commonwealth</ENAMEX> nations it still <EVENT eid="e67" class="OCCURRENCE" >recognizes</EVENT> the British monarch as its
head of state.</s>
<s><ENAMEX TYPE="ORGANIZATION">Howard</ENAMEX> <EVENT eid="e68" class="REPORTING" >said</EVENT> <ENAMEX TYPE="PERSON">Queen Elizabeth II</ENAMEX> is <EVENT eid="e69" class="OCCURRENCE" >taking</EVENT> a great interest in the
<EVENT eid="e387" class="OCCURRENCE" >convention</EVENT>.</s>
<s>``She is, I <SIGNAL sid="s71" >can</SIGNAL> <EVENT eid="e70" class="I_ACTION" >assure</EVENT> you, from what I've been <EVENT eid="e72" class="REPORTING" >told</EVENT>, she's <EVENT eid="e73" class="OCCURRENCE" >following</EVENT> the <EVENT eid="e74" class="OCCURRENCE" >thing</EVENT> very closely and <EVENT eid="e75" class="OCCURRENCE" >taking</EVENT> the view it's our
<EVENT eid="e76" class="OCCURRENCE" >business</EVENT>.</s>
<s>``It's no secret that she's <EVENT eid="e78" class="I_ACTION" >indicated</EVENT> to me ... she <EVENT eid="e422" class="STATE" >is</EVENT> a 20th
century democrat, <EVENT eid="e79" class="I_STATE" >understands</EVENT> that the role of the crown in
<ENAMEX TYPE="LOCATION">Australia</ENAMEX> <EVENT eid="e82" class="OCCURRENCE" >rests</EVENT> in the hands of the Australian people as it <EVENT eid="e85" class="STATE" >has</EVENT> for
<TIMEX3 mod="LESS_THAN" tid="t119" type="DURATION" temporalFunction="false" functionInDocument="NONE" value="P100Y" >almost a <CARDINAL>hundred</CARDINAL> years</TIMEX3>.''</s>
<s>The model for a republic, <EVENT eid="e86" class="OCCURRENCE" >adopted</EVENT> over bitter <EVENT eid="e87" class="OCCURRENCE" >objections</EVENT> from
those <EVENT eid="e88" class="OCCURRENCE" >advocating</EVENT> direct election of a president, <EVENT eid="e459" class="STATE" >is</EVENT> for
presidential nominations to be made with public input and the
winning candidate decided by a two-thirds majority of <ENAMEX TYPE="ORGANIZATION">Parliament</ENAMEX>.</s>
<s><ENAMEX TYPE="PERSON">Former prime minister Paul Keating</ENAMEX>, who <EVENT eid="e95" class="OCCURRENCE" >put</EVENT> the republic issue
in the spotlight in his unsuccessful <TIMEX3 tid="t120" type="DATE" temporalFunction="false" functionInDocument="NONE" value="1996" >1996</TIMEX3> <EVENT eid="e97" class="OCCURRENCE" >campaign</EVENT> for re-election,
<EVENT eid="e98" class="OCCURRENCE" >welcomed</EVENT> the <EVENT eid="e99" class="OCCURRENCE" >result</EVENT>.</s>
<s>``This is an important step along the path towards <ENAMEX TYPE="LOCATION">Australia</ENAMEX>
claiming its full sovereignty, and due recognition that the
monarchy can no longer serve us appropriately,'' <ENAMEX TYPE="PERSON">Keating</ENAMEX> said.</s>
</TEXT>
(PROFILE
(WS SL:BC-Australia-Republic, 4th Ld-Writethru; CT:i;
(REG:EURO;)
(REG:BRIT;)
(REG:SCAN;)
(REG:MEST;)
(REG:AFRI;)
(REG:INDI;)
(REG:ENGL;)
(LANG:ENGLISH;))
)
</BODY>
<TRAILER>
<s>AP-NY-02-13-98 1426EST</s>
</TRAILER>

<MAKEINSTANCE aspect="PROGRESSIVE" eiid="ei2000" tense="NONE" eventID="e1" />
<MAKEINSTANCE aspect="NONE" eiid="ei2001" tense="PAST" eventID="e2" />
<MAKEINSTANCE aspect="NONE" eiid="ei2002" tense="NONE" eventID="e4" />
<MAKEINSTANCE aspect="PERFECTIVE" eiid="ei2003" tense="NONE" eventID="e5" />
<MAKEINSTANCE aspect="NONE" eiid="ei2004" tense="NONE" eventID="e7" />
<MAKEINSTANCE aspect="NONE" eiid="ei2005" tense="NONE" eventID="e8" />
<MAKEINSTANCE aspect="NONE" eiid="ei2006" tense="NONE" eventID="e9" />
<MAKEINSTANCE aspect="NONE" eiid="ei2007" tense="PAST" eventID="e10" />
<MAKEINSTANCE aspect="NONE" eiid="ei2008" tense="NONE" eventID="e11" />
<MAKEINSTANCE aspect="PERFECTIVE" eiid="ei2009" tense="NONE" eventID="e12" />
<MAKEINSTANCE aspect="NONE" eiid="ei2010" tense="NONE" eventID="e13" />
<MAKEINSTANCE aspect="PERFECTIVE" eiid="ei2011" tense="NONE" eventID="e14" />
<MAKEINSTANCE aspect="NONE" eiid="ei2012" tense="PRESENT" eventID="e15" />
<MAKEINSTANCE aspect="NONE" eiid="ei2013" tense="NONE" eventID="e16" />
<MAKEINSTANCE aspect="NONE" eiid="ei2014" tense="PAST" eventID="e17" />
<MAKEINSTANCE aspect="NONE" eiid="ei2015" tense="PRESENT" eventID="e18" />
<MAKEINSTANCE aspect="PROGRESSIVE" eiid="ei2016" tense="NONE" eventID="e19" />
<MAKEINSTANCE aspect="NONE" eiid="ei2017" tense="PAST" eventID="e21" />
<MAKEINSTANCE aspect="NONE" eiid="ei2018" tense="NONE" eventID="e23" />
<MAKEINSTANCE aspect="NONE" eiid="ei2019" tense="NONE" eventID="e24" />
<MAKEINSTANCE aspect="NONE" eiid="ei2020" tense="PAST" eventID="e25" />
<MAKEINSTANCE aspect="PROGRESSIVE" eiid="ei2021" tense="PRESENT" eventID="e26" />
<MAKEINSTANCE aspect="PERFECTIVE" eiid="ei2022" tense="NONE" eventID="e27" />
<MAKEINSTANCE aspect="NONE" eiid="ei2023" tense="PAST" eventID="e28" />
<MAKEINSTANCE aspect="NONE" eiid="ei2024" tense="NONE" eventID="e30" />
<MAKEINSTANCE aspect="NONE" eiid="ei2025" tense="FUTURE" eventID="e31" />
<MAKEINSTANCE aspect="NONE" eiid="ei2026" tense="PAST" eventID="e32" />
<MAKEINSTANCE aspect="NONE" eiid="ei2027" tense="PRESENT" eventID="e33" />
<MAKEINSTANCE aspect="NONE" eiid="ei2028" tense="NONE" eventID="e35" />
<MAKEINSTANCE aspect="NONE" eiid="ei2029" tense="NONE" eventID="e36" />
<MAKEINSTANCE aspect="PROGRESSIVE" eiid="ei2030" tense="NONE" eventID="e37" />
<MAKEINSTANCE aspect="PERFECTIVE" eiid="ei2031" tense="NONE" eventID="e257" />
<MAKEINSTANCE aspect="NONE" eiid="ei2032" tense="NONE" eventID="e41" />
<MAKEINSTANCE aspect="NONE" eiid="ei2033" tense="PAST" eventID="e115" />
<MAKEINSTANCE aspect="NONE" eiid="ei2034" tense="PRESENT" eventID="e42" />
<MAKEINSTANCE aspect="NONE" eiid="ei2035" tense="PRESENT" eventID="e43" />
<MAKEINSTANCE aspect="NONE" eiid="ei2036" tense="NONE" eventID="e45" />
<MAKEINSTANCE aspect="NONE" eiid="ei2037" tense="NONE" eventID="e46" />
<MAKEINSTANCE aspect="NONE" eiid="ei2038" tense="NONE" eventID="e48" />
<MAKEINSTANCE aspect="PERFECTIVE" eiid="ei2039" tense="PRESENT" eventID="e49" />
<MAKEINSTANCE aspect="NONE" eiid="ei2040" tense="NONE" eventID="e50" />
<MAKEINSTANCE aspect="PERFECTIVE" eiid="ei2041" tense="PRESENT" eventID="e51" />
<MAKEINSTANCE aspect="NONE" eiid="ei2042" tense="PAST" eventID="e52" />
<MAKEINSTANCE aspect="NONE" eiid="ei2043" tense="PRESENT" eventID="e53" />
<MAKEINSTANCE aspect="NONE" eiid="ei2044" tense="PAST" eventID="e56" />
<MAKEINSTANCE aspect="NONE" eiid="ei2045" tense="FUTURE" eventID="e57" />
<MAKEINSTANCE aspect="NONE" eiid="ei2046" tense="PAST" eventID="e58" />
<MAKEINSTANCE aspect="NONE" eiid="ei2047" tense="FUTURE" eventID="e319" />
<MAKEINSTANCE aspect="NONE" eiid="ei2048" tense="NONE" eventID="e60" />
<MAKEINSTANCE aspect="PERFECTIVE" eiid="ei2049" tense="PRESENT" eventID="e62" />
<MAKEINSTANCE aspect="NONE" eiid="ei2050" tense="NONE" eventID="e63" />
<MAKEINSTANCE aspect="PROGRESSIVE" eiid="ei2051" tense="NONE" eventID="e64" />
<MAKEINSTANCE aspect="PROGRESSIVE" eiid="ei2052" tense="NONE" eventID="e65" />
<MAKEINSTANCE aspect="NONE" eiid="ei2053" tense="NONE" eventID="e344" />
<MAKEINSTANCE aspect="NONE" eiid="ei2054" tense="NONE" eventID="e345" />
<MAKEINSTANCE aspect="NONE" eiid="ei2055" tense="PRESENT" eventID="e66" />
<MAKEINSTANCE aspect="PERFECTIVE" eiid="ei2056" tense="NONE" eventID="e374" />
<MAKEINSTANCE aspect="NONE" eiid="ei2057" tense="PRESENT" eventID="e67" />
<MAKEINSTANCE aspect="NONE" eiid="ei2058" tense="PAST" eventID="e68" />
<MAKEINSTANCE aspect="PROGRESSIVE" eiid="ei2059" tense="PRESENT" eventID="e69" />
<MAKEINSTANCE aspect="NONE" eiid="ei2060" tense="NONE" eventID="e387" />
<MAKEINSTANCE aspect="NONE" eiid="ei2061" tense="PRESENT" eventID="e70" />
<MAKEINSTANCE aspect="NONE" eiid="ei2062" tense="PRESENT" eventID="e72" />
<MAKEINSTANCE aspect="PROGRESSIVE" eiid="ei2063" tense="PRESENT" eventID="e73" />
<MAKEINSTANCE aspect="NONE" eiid="ei2064" tense="NONE" eventID="e74" />
<MAKEINSTANCE aspect="PROGRESSIVE" eiid="ei2065" tense="NONE" eventID="e75" />
<MAKEINSTANCE aspect="NONE" eiid="ei2066" tense="PRESENT" eventID="e76" />
<MAKEINSTANCE aspect="NONE" eiid="ei2067" tense="PRESENT" eventID="e78" />
<MAKEINSTANCE aspect="NONE" eiid="ei2068" tense="PRESENT" eventID="e422" />
<MAKEINSTANCE aspect="NONE" eiid="ei2069" tense="PRESENT" eventID="e79" />
<MAKEINSTANCE aspect="NONE" eiid="ei2070" tense="PRESENT" eventID="e82" />
<MAKEINSTANCE aspect="NONE" eiid="ei2071" tense="PRESENT" eventID="e85" />
<MAKEINSTANCE aspect="PERFECTIVE" eiid="ei2072" tense="NONE" eventID="e86" />
<MAKEINSTANCE aspect="NONE" eiid="ei2073" tense="NONE" eventID="e87" />
<MAKEINSTANCE aspect="PROGRESSIVE" eiid="ei2074" tense="NONE" eventID="e88" />
<MAKEINSTANCE aspect="NONE" eiid="ei2075" tense="PRESENT" eventID="e459" />
<MAKEINSTANCE aspect="NONE" eiid="ei2076" tense="PAST" eventID="e95" />
<MAKEINSTANCE aspect="NONE" eiid="ei2077" tense="NONE" eventID="e97" />
<MAKEINSTANCE aspect="NONE" eiid="ei2078" tense="PAST" eventID="e98" />
<MAKEINSTANCE aspect="NONE" eiid="ei2079" tense="NONE" eventID="e99" />
<TLINK relatedToEventInstance="ei2001" eventInstanceID="ei2079" relType="IDENTITY" />
<TLINK relatedToEventInstance="ei2000" timeID="t109" relType="AFTER" />
<TLINK relatedToEventInstance="ei2001" timeID="t110" relType="ENDED_BY" />
<TLINK relatedToTime="t111" eventInstanceID="ei2001" relType="IS_INCLUDED" />
<TLINK relatedToEventInstance="ei2002" signalID="s3" eventInstanceID="ei2001" relType="BEFORE" />
<TLINK relatedToEventInstance="ei2004" signalID="s6" eventInstanceID="ei2003" relType="BEFORE" />
<TLINK relatedToEventInstance="ei2005" eventInstanceID="ei2004" relType="SIMULTANEOUS" />
<TLINK relatedToTime="t112" eventInstanceID="ei2006" relType="IS_INCLUDED" />
<TLINK relatedToEventInstance="ei2007" signalID="s113" eventInstanceID="ei2003" relType="AFTER" />
<TLINK relatedToEventInstance="ei2009" eventInstanceID="ei2008" relType="BEFORE" />
<TLINK relatedToEventInstance="ei2008" eventInstanceID="ei2010" relType="BEFORE" />
<TLINK relatedToEventInstance="ei2011" eventInstanceID="ei2010" relType="SIMULTANEOUS" />
<TLINK relatedToEventInstance="ei2014" eventInstanceID="ei2012" relType="DURING" />
<TLINK relatedToEventInstance="ei2017" eventInstanceID="ei2019" relType="BEFORE" />
<TLINK relatedToEventInstance="ei2019" eventInstanceID="ei2018" relType="SIMULTANEOUS" />
<TLINK relatedToEventInstance="ei2024" signalID="s29" eventInstanceID="ei2023" relType="BEFORE" />
<TLINK relatedToTime="t114" eventInstanceID="ei2023" relType="IS_INCLUDED" />
<TLINK relatedToTime="t109" eventInstanceID="ei2025" relType="AFTER" />
<TLINK relatedToEventInstance="ei2029" signalID="s250" eventInstanceID="ei2028" relType="BEFORE" />
<TLINK relatedToEventInstance="ei2032" eventInstanceID="ei2031" relType="SIMULTANEOUS" />
<TLINK relatedToEventInstance="ei2037" signalID="s47" eventInstanceID="ei2036" relType="IS_INCLUDED" />
<TLINK relatedToEventInstance="ei2041" eventInstanceID="ei2039" relType="SIMULTANEOUS" />
<TLINK relatedToEventInstance="ei2048" signalID="s59" eventInstanceID="ei2047" relType="BEFORE" />
<TLINK relatedToTime="t109" eventInstanceID="ei2049" relType="BEFORE" />
<TLINK relatedToTime="t109" eventInstanceID="ei2051" relType="DURING" />
<TLINK relatedToEventInstance="ei2051" eventInstanceID="ei2052" relType="IDENTITY" />
<TLINK relatedToEventInstance="ei2053" signalID="s352" eventInstanceID="ei2052" relType="AFTER" />
<TLINK relatedToEventInstance="ei2054" signalID="s353" eventInstanceID="ei2052" relType="BEFORE" />
<TLINK relatedToTime="t117" eventInstanceID="ei2053" relType="IS_INCLUDED" />
<TLINK relatedToTime="t358" eventInstanceID="ei2054" relType="IS_INCLUDED" />
<TLINK relatedToEventInstance="ei2051" signalID="s369" eventInstanceID="ei2055" relType="SIMULTANEOUS" />
<TLINK relatedToTime="t118" eventInstanceID="ei2056" relType="AFTER" />
<TLINK relatedToTime="t109" eventInstanceID="ei2057" relType="DURING" />
<TLINK relatedToEventInstance="ei2059" eventInstanceID="ei2060" relType="SIMULTANEOUS" />
<TLINK relatedToEventInstance="ei2061" eventInstanceID="ei2062" relType="BEFORE" />
<TLINK relatedToEventInstance="ei2061" eventInstanceID="ei2063" relType="DURING" />
<TLINK relatedToEventInstance="ei2064" eventInstanceID="ei2063" relType="SIMULTANEOUS" />
<TLINK relatedToEventInstance="ei2060" eventInstanceID="ei2064" relType="IDENTITY" />
<TLINK relatedToEventInstance="ei2064" eventInstanceID="ei2065" relType="SIMULTANEOUS" />
<TLINK relatedToEventInstance="ei2066" eventInstanceID="ei2065" relType="SIMULTANEOUS" />
<TLINK relatedToEventInstance="ei2068" eventInstanceID="ei2069" relType="SIMULTANEOUS" />
<TLINK relatedToTime="t119" eventInstanceID="ei2071" relType="DURING" />
<TLINK relatedToEventInstance="ei2071" eventInstanceID="ei2070" relType="SIMULTANEOUS" />
<TLINK relatedToTime="t109" eventInstanceID="ei2070" relType="DURING" />
<TLINK relatedToEventInstance="ei2073" eventInstanceID="ei2072" relType="AFTER" />
<TLINK relatedToEventInstance="ei2073" eventInstanceID="ei2074" relType="SIMULTANEOUS" />
<TLINK relatedToTime="t109" eventInstanceID="ei2075" relType="DURING" />
<TLINK relatedToEventInstance="ei2077" eventInstanceID="ei2076" relType="IS_INCLUDED" />
<TLINK relatedToEventInstance="ei2077" timeID="t120" relType="INCLUDES" />
<TLINK relatedToTime="t109" eventInstanceID="ei2078" relType="BEFORE" />
<SLINK subordinatedEventInstance="ei2013" eventInstanceID="ei2012" relType="MODAL" />
<SLINK subordinatedEventInstance="ei2012" eventInstanceID="ei2014" relType="EVIDENTIAL" />
<SLINK subordinatedEventInstance="ei2016" eventInstanceID="ei2015" relType="MODAL" />
<SLINK subordinatedEventInstance="ei2017" eventInstanceID="ei2020" relType="EVIDENTIAL" />
<SLINK subordinatedEventInstance="ei2025" eventInstanceID="ei2026" relType="EVIDENTIAL" />
<SLINK signalID="s34" subordinatedEventInstance="ei2028" eventInstanceID="ei2027" relType="MODAL" />
<SLINK subordinatedEventInstance="ei2031" eventInstanceID="ei2030" relType="MODAL" />
<SLINK subordinatedEventInstance="ei2034" eventInstanceID="ei2033" relType="EVIDENTIAL" />
<SLINK signalID="s44" subordinatedEventInstance="ei2036" eventInstanceID="ei2035" relType="MODAL" />
<SLINK subordinatedEventInstance="ei2039" eventInstanceID="ei2042" relType="EVIDENTIAL" />
<SLINK subordinatedEventInstance="ei2041" eventInstanceID="ei2042" relType="EVIDENTIAL" />
<SLINK subordinatedEventInstance="ei2044" eventInstanceID="ei2043" relType="EVIDENTIAL" />
<SLINK subordinatedEventInstance="ei2043" eventInstanceID="ei2046" relType="EVIDENTIAL" />
<SLINK subordinatedEventInstance="ei2045" eventInstanceID="ei2046" relType="EVIDENTIAL" />
<SLINK subordinatedEventInstance="ei2050" eventInstanceID="ei2049" relType="EVIDENTIAL" />
<SLINK subordinatedEventInstance="ei2059" eventInstanceID="ei2058" relType="EVIDENTIAL" />
<SLINK subordinatedEventInstance="ei2068" eventInstanceID="ei2067" relType="EVIDENTIAL" />
<SLINK subordinatedEventInstance="ei2067" eventInstanceID="ei2058" relType="EVIDENTIAL" />
<SLINK subordinatedEventInstance="ei2070" eventInstanceID="ei2069" relType="FACTIVE" />
<ALINK relatedToEventInstance="ei2022" eventInstanceID="ei2021" relType="INITIATES" />
<ALINK relatedToEventInstance="ei2038" eventInstanceID="ei2039" relType="TERMINATES" />
<ALINK relatedToEventInstance="ei2040" eventInstanceID="ei2041" relType="INITIATES" />
</TimeML>
