<?xml version="1.0" ?>
<TimeML xmlns:xsi="http://www.w3.org/2001/XMLSchema-instance" xsi:noNamespaceSchemaLocation="TimeML1.1.xsd" >
<DOCNO> PRI<TIMEX3 tid="t17" type="DATE" temporalFunction="false" functionInDocument="PUBLICATION_TIME" value="1998-03-06" >19980306</TIMEX3>.2000.1675 </DOCNO>
<DOCTYPE SOURCE="broadcast news"> NEWS STORY </DOCTYPE>
<BODY>
<bn_episode_trans program="PRI_The_World" air_date="19980306:2000">
<section startTime="1675.29" type="report" endTime="1728.02">
<TEXT>
<turn startTime="1675.29" speaker="unknown" endTime="1691.963" spkrType="unknown">
 <s>For The World, this is <ENAMEX TYPE="PERSON">Pamela McCall</ENAMEX> in the <ENAMEX TYPE="ORGANIZATION">BBC</ENAMEX> news room in <ENAMEX TYPE="LOCATION">London</ENAMEX>.</s>
 <s>More heavy <EVENT eid="e20" class="OCCURRENCE" >gunfire</EVENT> in the Serbian province of <ENAMEX TYPE="LOCATION">Kosovo</ENAMEX>.</s> <s>It's<TIMEX3 tid="t31" type="DATE" temporalFunction="true" functionInDocument="NONE" value="1998-03-06" anchorTimeID="t17" > the second day</TIMEX3>
 of an <EVENT eid="e21" class="OCCURRENCE" >offensive</EVENT> by the security forces against villages populated by ethnic
 Albanians.</s> <s><ENAMEX TYPE="PERSON"><ENAMEX TYPE="ORGANIZATION">BBC</ENAMEX> correspondent Karyn Coleman</ENAMEX> <EVENT eid="e22" class="REPORTING" >reports</EVENT> from <ENAMEX TYPE="LOCATION">Kosovo</ENAMEX>.</s>
</turn>
<turn startTime="1691.963" speaker="unknown" endTime="1728.02" spkrType="unknown">
 <s>There were more <EVENT eid="e2" class="REPORTING" >accounts</EVENT> of people <EVENT eid="e3" class="OCCURRENCE" >fleeing</EVENT> from the villages near where the
 <EVENT eid="e23" class="OCCURRENCE" >offensive</EVENT>  was <EVENT eid="e5" class="OCCURRENCE" >taking</EVENT> place.</s> <s>They were too <EVENT eid="e24" class="I_STATE" >afraid</EVENT>  to <EVENT eid="e6" class="I_STATE" >stay</EVENT>, <EVENT eid="e7" class="I_STATE" >fearing</EVENT> the
 forces <SIGNAL sid="s9" >may</SIGNAL>  also <EVENT eid="e8" class="ASPECTUAL" >move</EVENT> their <EVENT eid="e25" class="OCCURRENCE" >operations</EVENT> further afield.</s> <s><SIGNAL sid="s29" >By</SIGNAL> <TIMEX3 mod="MID" tid="t18" type="DATE" temporalFunction="true" functionInDocument="NONE" value="1998-03-06TAF" anchorTimeID="t17" >mid afternoon</TIMEX3>,
 official Serb sources  were <EVENT eid="e10" class="REPORTING" >saying</EVENT> the <EVENT eid="e30" class="OCCURRENCE" >operation</EVENT> was <EVENT eid="e26" class="ASPECTUAL" >over</EVENT>, but
 that has <SIGNAL sid="s12" >not</SIGNAL>  yet been <EVENT eid="e11" class="REPORTING" >confirmed</EVENT> from <ENAMEX TYPE="LOCATION">Belgrade</ENAMEX>, the capital of <ENAMEX TYPE="LOCATION">Serbia</ENAMEX>,
 which is where the whole <EVENT eid="e27" class="OCCURRENCE" >attack</EVENT>  is <EVENT eid="e13" class="I_STATE" >thought</EVENT>  to  have been <EVENT eid="e14" class="I_STATE" >planned</EVENT>.</s> <s>The ethnic
 Albanians here in <ENAMEX TYPE="LOCATION">Kosovo</ENAMEX>  are  considerably <EVENT eid="e32" class="I_STATE" >worried</EVENT> <SIGNAL sid="s34" >about</SIGNAL> <TIMEX3 tid="t19" type="DATE" temporalFunction="true" functionInDocument="NONE" value="FUTURE_REF" anchorTimeID="t17" >the future</TIMEX3> and
 <EVENT eid="e35" class="I_STATE" >fear</EVENT> they  are <EVENT eid="e16" class="PERCEPTION" >witnessing</EVENT> the <EVENT eid="e36" class="ASPECTUAL" >beginnings</EVENT> of a much wider <EVENT eid="e37" class="OCCURRENCE" >conflict</EVENT>.</s>
 <s><ENAMEX TYPE="PERSON">Karyn Coleman</ENAMEX>, <ENAMEX TYPE="ORGANIZATION">BBC</ENAMEX> news, <ENAMEX TYPE="LOCATION">Pristina</ENAMEX>.</s>
</turn>
</TEXT>
</section>
</bn_episode_trans>
</BODY>

<MAKEINSTANCE aspect="NONE" eiid="ei194" tense="NONE" eventID="e20" />
<MAKEINSTANCE aspect="NONE" eiid="ei195" tense="NONE" eventID="e21" />
<MAKEINSTANCE aspect="NONE" eiid="ei196" tense="PRESENT" eventID="e22" />
<MAKEINSTANCE aspect="NONE" eiid="ei197" tense="NONE" eventID="e2" />
<MAKEINSTANCE aspect="PROGRESSIVE" eiid="ei198" tense="NONE" eventID="e3" />
<MAKEINSTANCE aspect="NONE" eiid="ei199" tense="NONE" eventID="e23" />
<MAKEINSTANCE aspect="PROGRESSIVE" eiid="ei200" tense="PAST" eventID="e5" />
<MAKEINSTANCE aspect="NONE" eiid="ei201" tense="PAST" eventID="e24" />
<MAKEINSTANCE aspect="NONE" eiid="ei202" tense="NONE" eventID="e6" />
<MAKEINSTANCE aspect="PROGRESSIVE" eiid="ei203" tense="NONE" eventID="e7" />
<MAKEINSTANCE aspect="NONE" eiid="ei204" tense="NONE" eventID="e8" />
<MAKEINSTANCE aspect="NONE" eiid="ei205" tense="NONE" eventID="e25" />
<MAKEINSTANCE aspect="PROGRESSIVE" eiid="ei206" tense="PAST" eventID="e10" />
<MAKEINSTANCE aspect="NONE" eiid="ei207" tense="NONE" eventID="e30" />
<MAKEINSTANCE aspect="NONE" eiid="ei208" tense="PAST" eventID="e26" />
<MAKEINSTANCE aspect="PERFECTIVE" eiid="ei209" tense="PRESENT" eventID="e11" />
<MAKEINSTANCE aspect="NONE" eiid="ei210" tense="NONE" eventID="e27" />
<MAKEINSTANCE aspect="NONE" eiid="ei211" tense="PRESENT" eventID="e13" />
<MAKEINSTANCE aspect="PERFECTIVE" eiid="ei212" tense="NONE" eventID="e14" />
<MAKEINSTANCE aspect="NONE" eiid="ei213" tense="PRESENT" eventID="e32" />
<MAKEINSTANCE aspect="NONE" eiid="ei214" tense="PRESENT" eventID="e35" />
<MAKEINSTANCE aspect="PROGRESSIVE" eiid="ei215" tense="PRESENT" eventID="e16" />
<MAKEINSTANCE aspect="NONE" eiid="ei216" tense="NONE" eventID="e36" />
<MAKEINSTANCE aspect="NONE" eiid="ei217" tense="NONE" eventID="e37" />
<TLINK relatedToTime="t17" eventInstanceID="ei216" relType="AFTER" />
<TLINK signalID="s29" relatedToTime="t18" eventInstanceID="ei206" relType="IS_INCLUDED" />
<TLINK relatedToEventInstance="ei213" eventInstanceID="ei214" relType="IS_INCLUDED" />
<TLINK relatedToTime="t17" eventInstanceID="ei213" relType="INCLUDES" />
<TLINK relatedToTime="t17" eventInstanceID="ei212" relType="BEFORE" />
<TLINK relatedToEventInstance="ei199" eventInstanceID="ei210" relType="IDENTITY" />
<TLINK relatedToTime="t17" timeID="t18" relType="IS_INCLUDED" />
<TLINK relatedToTime="t31" timeID="t17" relType="IDENTITY" />
<TLINK relatedToTime="t17" eventInstanceID="ei194" relType="IS_INCLUDED" />
<TLINK relatedToTime="t17" eventInstanceID="ei195" relType="INCLUDES" />
<TLINK relatedToTime="t17" eventInstanceID="ei196" relType="IS_INCLUDED" />
<TLINK relatedToTime="t17" eventInstanceID="ei197" relType="BEFORE" />
<TLINK relatedToEventInstance="ei194" eventInstanceID="ei195" relType="INCLUDES" />
<TLINK relatedToEventInstance="ei199" eventInstanceID="ei198" relType="SIMULTANEOUS" />
<TLINK relatedToEventInstance="ei200" eventInstanceID="ei199" relType="IDENTITY" />
<TLINK relatedToEventInstance="ei203" eventInstanceID="ei201" relType="INCLUDES" />
<TLINK relatedToTime="t17" eventInstanceID="ei201" relType="BEFORE" />
<SLINK subordinatedEventInstance="ei208" eventInstanceID="ei206" relType="EVIDENTIAL" />
<SLINK subordinatedEventInstance="ei216" eventInstanceID="ei215" relType="EVIDENTIAL" />
<SLINK subordinatedEventInstance="ei215" eventInstanceID="ei214" relType="MODAL" />
<SLINK subordinatedEventInstance="ei212" eventInstanceID="ei211" relType="MODAL" />
<SLINK subordinatedEventInstance="ei210" eventInstanceID="ei212" relType="FACTIVE" />
<SLINK signalID="s12" subordinatedEventInstance="ei208" eventInstanceID="ei209" relType="NEG_EVIDENTIAL" />
<SLINK subordinatedEventInstance="ei195" eventInstanceID="ei196" relType="EVIDENTIAL" />
<SLINK subordinatedEventInstance="ei198" eventInstanceID="ei197" relType="EVIDENTIAL" />
<SLINK subordinatedEventInstance="ei202" eventInstanceID="ei201" relType="MODAL" />
<SLINK signalID="s9" subordinatedEventInstance="ei204" eventInstanceID="ei203" relType="MODAL" />
<ALINK relatedToEventInstance="ei217" eventInstanceID="ei216" relType="INITIATES" />
<ALINK relatedToEventInstance="ei207" eventInstanceID="ei208" relType="TERMINATES" />
<ALINK relatedToEventInstance="ei205" eventInstanceID="ei204" relType="CONTINUES" />
<ALINK relatedToEventInstance="ei198" eventInstanceID="ei201" relType="INITIATES" />
</TimeML>
