<?xml version="1.0" ?>
<TimeML xmlns:xsi="http://www.w3.org/2001/XMLSchema-instance" xsi:noNamespaceSchemaLocation="TimeML1.1.xsd" >
<DOCNO> SJMN91-06338157 </DOCNO>
<ACCESS> 06338157 </ACCESS>
<CAPTION>  Photo; PHOTO: Sununu; (Photo ran in PM editions only)  </CAPTION>
<DESCRIPT>  US; GOVERNMENT; OFFICIAL; RESIGN; CONTROVERSY  </DESCRIPT>
<LEADPARA>  One of President Bush's sons has <EVENT eid="e64" class="REPORTING" >informed</EVENT> White House Chief of Staff John
Sununu that he has <EVENT eid="e65" class="OCCURRENCE" >lost</EVENT> much of his support among Republicans, <EVENT eid="e68" class="OCCURRENCE" >prompting</EVENT> an
intense effort by Sununu <SIGNAL sid="s102" >to</SIGNAL> <EVENT eid="e83" class="STATE" >hold</EVENT> on to his job by <EVENT eid="e84" class="OCCURRENCE" >demonstrating</EVENT> his GOP
backing, White House and Republican sources <EVENT eid="e69" class="REPORTING" >said</EVENT> <TIMEX3 tid="t70" type="DATE" temporalFunction="true" functionInDocument="NONE" value="1991-12-02" anchorTimeID="t66" >Monday</TIMEX3>.;   Sununu was <EVENT eid="e85" class="OCCURRENCE" >told</EVENT>
<TIMEX3 tid="t73" type="DATE" temporalFunction="true" functionInDocument="NONE" value="1991-11-27" anchorTimeID="t66" >Wednesday</TIMEX3> by Bush's son, George, that he had <EVENT eid="e75" class="OCCURRENCE" >alienated</EVENT> members of the Cabinet,
the White House staff and the Republican political community, <EVENT eid="e76" class="OCCURRENCE" >creating</EVENT> a
situation that puts his effectiveness in significant doubt, the sources <EVENT eid="e77" class="REPORTING" >said</EVENT>.  </LEADPARA>
<SECTION>  Front  </SECTION>
<HEADLINE>  SUNUNU BATTLES TO KEEP HIS JOB  </HEADLINE>
<TEXT>     <s>The <EVENT eid="e1" class="OCCURRENCE" >message</EVENT> to the chief of staff was <EVENT eid="e2" class="I_STATE" >meant</EVENT> <SIGNAL sid="s3" >to</SIGNAL> be <EVENT eid="e4" class="OCCURRENCE" >taken</EVENT> as a <EVENT eid="e5" class="OCCURRENCE" >suggestion</EVENT>
that <ENAMEX TYPE="PERSON">Sununu</ENAMEX> <EVENT eid="e89" class="I_ACTION" >offer</EVENT> <SIGNAL sid="s6" >to</SIGNAL> <EVENT eid="e7" class="OCCURRENCE" >resign</EVENT>, one highly placed source <EVENT eid="e8" class="REPORTING" >said</EVENT>.</s> <s>Instead, <ENAMEX TYPE="PERSON">Sununu</ENAMEX>
<EVENT eid="e9" class="I_ACTION" >sought</EVENT> <SIGNAL sid="s10" >to</SIGNAL> <EVENT eid="e11" class="OCCURRENCE" >prove</EVENT> to the president that his supporters <EVENT eid="e12" class="OCCURRENCE" >outnumber</EVENT> his critics and
that he <SIGNAL sid="s14" >should</SIGNAL> <EVENT eid="e13" class="STATE" >remain</EVENT> in his post.;   One senior official <TIMEX3 tid="t78" type="DATE" temporalFunction="true" functionInDocument="NONE" value="1991-12-02" anchorTimeID="t66" >Monday</TIMEX3> <EVENT eid="e15" class="REPORTING" >described</EVENT> the
<ENAMEX TYPE="ORGANIZATION">White House</ENAMEX> as "a collection of small groups of aides <EVENT eid="e16" class="STATE" >holding</EVENT> their breaths,"
<EVENT eid="e17" class="I_STATE" >waiting</EVENT> <SIGNAL sid="s18" >to</SIGNAL> <EVENT eid="e19" class="PERCEPTION" >see</EVENT> <SIGNAL sid="s79" >whether</SIGNAL> <ENAMEX TYPE="PERSON">Sununu</ENAMEX> <EVENT eid="e20" class="OCCURRENCE" >survives</EVENT>.</s> <s>One <ENAMEX TYPE="ORGANIZATION">GOP</ENAMEX> source, <EVENT eid="e21" class="OCCURRENCE" >reporting</EVENT> on a <EVENT eid="e80" class="OCCURRENCE" >call</EVENT>
from the chief of staff to a Republican leader, <EVENT eid="e24" class="REPORTING" >said</EVENT> <ENAMEX TYPE="PERSON">Sununu</ENAMEX> <EVENT eid="e25" class="OCCURRENCE" >lamented</EVENT> that "the
noose is <EVENT eid="e26" class="OCCURRENCE" >tightening</EVENT> around my neck, and I <EVENT eid="e28" class="I_STATE" >need</EVENT> your <EVENT eid="e29" class="OCCURRENCE" >help</EVENT>."</s><s>;   Another highly
placed source <EVENT eid="e30" class="REPORTING" >said</EVENT> the president's son <EVENT eid="e31" class="OCCURRENCE" >met</EVENT> with <ENAMEX TYPE="PERSON">Sununu</ENAMEX> <TIMEX3 tid="t81" type="DATE" temporalFunction="true" functionInDocument="NONE" value="1991-W48" anchorTimeID="t66" >last week</TIMEX3> <SIGNAL sid="s32" >after</SIGNAL> <EVENT eid="e33" class="OCCURRENCE" >holding</EVENT>
a series of <EVENT eid="e35" class="OCCURRENCE" >conversations</EVENT> about the structure of the <ENAMEX TYPE="ORGANIZATION">White House</ENAMEX> staff and of
the campaign with other <ENAMEX TYPE="PERSON">Bush</ENAMEX> loyalists and <ENAMEX TYPE="ORGANIZATION">GOP</ENAMEX> activists.</s> <s>The source <EVENT eid="e37" class="REPORTING" >said</EVENT> the
younger <ENAMEX TYPE="PERSON">Bush</ENAMEX> "<EVENT eid="e38" class="OCCURRENCE" >sketched</EVENT> out for <ENAMEX TYPE="PERSON">Sununu</ENAMEX>" problems the president is <EVENT eid="e39" class="OCCURRENCE" >encountering</EVENT>
because of the chief of staff's tenure.;   "He was <EVENT eid="e40" class="REPORTING" >told</EVENT> . . . the handwriting
<EVENT eid="e86" class="STATE" >was</EVENT> on the wall," the source <EVENT eid="e43" class="REPORTING" >said</EVENT> <ENAMEX TYPE="PERSON"><TIMEX3 tid="t87" type="DATE" temporalFunction="true" functionInDocument="NONE" value="1991-12-02" anchorTimeID="t66" >Monday</TIMEX3>.</ENAMEX>;   That, the source <EVENT eid="e44" class="REPORTING" >said</EVENT>, was when
<ENAMEX TYPE="PERSON">Sununu</ENAMEX> <EVENT eid="e46" class="ASPECTUAL" >started</EVENT> <EVENT eid="e47" class="OCCURRENCE" >calling</EVENT> congressional Republicans and <EVENT eid="e48" class="I_ACTION" >asking</EVENT> them <SIGNAL sid="s49" >to</SIGNAL> <EVENT eid="e50" class="REPORTING" >tell</EVENT> <ENAMEX TYPE="PERSON">Bush</ENAMEX>
that the conservative wing of the party, in particular, <SIGNAL sid="s52" >would</SIGNAL>  <EVENT eid="e53" class="OCCURRENCE" >object</EVENT> <SIGNAL sid="s54" >if</SIGNAL> he
were <EVENT eid="e316" class="OCCURRENCE" >fired</EVENT>.;   Officials <EVENT eid="e55" class="REPORTING" >said</EVENT> the president himself <EVENT eid="e56" class="OCCURRENCE" >met</EVENT> with <ENAMEX TYPE="PERSON">Sununu</ENAMEX> <TIMEX3 tid="t88" type="DATE" temporalFunction="true" functionInDocument="NONE" value="1991-12-01" anchorTimeID="t66" >Sunday</TIMEX3>.</s> <s>A
source <EVENT eid="e57" class="REPORTING" >said</EVENT> the <EVENT eid="e58" class="OCCURRENCE" >outcome</EVENT> of that <EVENT eid="e59" class="OCCURRENCE" >session</EVENT> was unclear.</s>  </TEXT>
<BYLINE>  ANN DEVROY, Washington Post  </BYLINE>
<COUNTRY>  USA  </COUNTRY>
<CITY>  Washington  </CITY>
<EDITION>  Morning Final  </EDITION>
<CODE>  SJ  </CODE>
<NAME>  San Jose Mercury News  </NAME>
<PUBDATE>   911203  </PUBDATE> 
<DAY>  Tuesday  </DAY>
<MONTH>  December  </MONTH>
  4A  
<PUBYEAR>  1991  </PUBYEAR>
<REGION>  WEST  </REGION>
<FEATURE>  PHOTO  </FEATURE>
<STATE>  CA  </STATE>
<WORD.CT>  326  </WORD.CT>
<DATELINE>  <TIMEX3 tid="t66" type="DATE" temporalFunction="false" functionInDocument="CREATION_TIME" value="1991-12-03" >Tuesday, December 3, 1991</TIMEX3>
00338157,SJ1  </DATELINE>
<COPYRGHT>  Copyright 1991, San Jose Mercury News  </COPYRGHT>
<LIMLEN>  1  </LIMLEN>
<LANGUAGE>  ENG  </LANGUAGE>

<MAKEINSTANCE aspect="PERFECTIVE" eiid="ei335" tense="PAST" eventID="e64" />
<MAKEINSTANCE aspect="PERFECTIVE" eiid="ei336" tense="PAST" eventID="e65" />
<MAKEINSTANCE aspect="PROGRESSIVE" eiid="ei337" tense="NONE" eventID="e68" />
<MAKEINSTANCE aspect="NONE" eiid="ei338" tense="NONE" eventID="e83" />
<MAKEINSTANCE aspect="PROGRESSIVE" eiid="ei339" tense="NONE" eventID="e84" />
<MAKEINSTANCE aspect="NONE" eiid="ei340" tense="PAST" eventID="e69" />
<MAKEINSTANCE aspect="NONE" eiid="ei341" tense="PAST" eventID="e85" />
<MAKEINSTANCE aspect="PERFECTIVE" eiid="ei342" tense="PAST" eventID="e75" />
<MAKEINSTANCE aspect="PROGRESSIVE" eiid="ei343" tense="NONE" eventID="e76" />
<MAKEINSTANCE aspect="NONE" eiid="ei344" tense="PAST" eventID="e77" />
<MAKEINSTANCE aspect="NONE" eiid="ei345" tense="NONE" eventID="e1" />
<MAKEINSTANCE aspect="NONE" eiid="ei346" tense="PAST" eventID="e2" />
<MAKEINSTANCE aspect="NONE" eiid="ei347" tense="NONE" eventID="e4" />
<MAKEINSTANCE aspect="NONE" eiid="ei348" tense="NONE" eventID="e5" />
<MAKEINSTANCE aspect="NONE" eiid="ei349" tense="NONE" eventID="e89" />
<MAKEINSTANCE aspect="NONE" eiid="ei350" tense="NONE" eventID="e7" />
<MAKEINSTANCE aspect="NONE" eiid="ei351" tense="PAST" eventID="e8" />
<MAKEINSTANCE aspect="NONE" eiid="ei352" tense="PAST" eventID="e9" />
<MAKEINSTANCE aspect="NONE" eiid="ei353" tense="NONE" eventID="e11" />
<MAKEINSTANCE aspect="NONE" eiid="ei354" tense="PRESENT" eventID="e12" />
<MAKEINSTANCE aspect="NONE" eiid="ei355" tense="PAST" eventID="e13" />
<MAKEINSTANCE aspect="NONE" eiid="ei356" tense="PAST" eventID="e15" />
<MAKEINSTANCE aspect="PROGRESSIVE" eiid="ei357" tense="NONE" eventID="e16" />
<MAKEINSTANCE aspect="PROGRESSIVE" eiid="ei358" tense="NONE" eventID="e17" />
<MAKEINSTANCE aspect="NONE" eiid="ei359" tense="NONE" eventID="e19" />
<MAKEINSTANCE aspect="NONE" eiid="ei360" tense="PRESENT" eventID="e20" />
<MAKEINSTANCE aspect="PROGRESSIVE" eiid="ei361" tense="NONE" eventID="e21" />
<MAKEINSTANCE aspect="NONE" eiid="ei362" tense="NONE" eventID="e80" />
<MAKEINSTANCE aspect="NONE" eiid="ei363" tense="PAST" eventID="e24" />
<MAKEINSTANCE aspect="NONE" eiid="ei364" tense="PAST" eventID="e25" />
<MAKEINSTANCE aspect="PROGRESSIVE" eiid="ei365" tense="PRESENT" eventID="e26" />
<MAKEINSTANCE aspect="NONE" eiid="ei366" tense="PRESENT" eventID="e28" />
<MAKEINSTANCE aspect="NONE" eiid="ei367" tense="NONE" eventID="e29" />
<MAKEINSTANCE aspect="NONE" eiid="ei368" tense="PAST" eventID="e30" />
<MAKEINSTANCE aspect="NONE" eiid="ei369" tense="PAST" eventID="e31" />
<MAKEINSTANCE aspect="PROGRESSIVE" eiid="ei370" tense="NONE" eventID="e33" />
<MAKEINSTANCE aspect="NONE" eiid="ei371" tense="NONE" eventID="e35" />
<MAKEINSTANCE aspect="NONE" eiid="ei372" tense="PAST" eventID="e37" />
<MAKEINSTANCE aspect="PERFECTIVE" eiid="ei373" tense="NONE" eventID="e38" />
<MAKEINSTANCE aspect="PROGRESSIVE" eiid="ei374" tense="PRESENT" eventID="e39" />
<MAKEINSTANCE aspect="NONE" eiid="ei375" tense="PAST" eventID="e40" />
<MAKEINSTANCE aspect="NONE" eiid="ei376" tense="PAST" eventID="e86" />
<MAKEINSTANCE aspect="NONE" eiid="ei377" tense="PAST" eventID="e43" />
<MAKEINSTANCE aspect="NONE" eiid="ei378" tense="PAST" eventID="e44" />
<MAKEINSTANCE aspect="NONE" eiid="ei379" tense="PAST" eventID="e46" />
<MAKEINSTANCE aspect="PROGRESSIVE" eiid="ei380" tense="NONE" eventID="e47" />
<MAKEINSTANCE aspect="PROGRESSIVE" eiid="ei381" tense="NONE" eventID="e48" />
<MAKEINSTANCE aspect="NONE" eiid="ei382" tense="NONE" eventID="e50" />
<MAKEINSTANCE aspect="NONE" eiid="ei383" tense="PAST" eventID="e53" />
<MAKEINSTANCE aspect="PERFECTIVE" eiid="ei384" tense="NONE" eventID="e316" />
<MAKEINSTANCE aspect="NONE" eiid="ei385" tense="PAST" eventID="e55" />
<MAKEINSTANCE aspect="NONE" eiid="ei386" tense="PAST" eventID="e56" />
<MAKEINSTANCE aspect="NONE" eiid="ei387" tense="PAST" eventID="e57" />
<MAKEINSTANCE aspect="NONE" eiid="ei388" tense="NONE" eventID="e58" />
<MAKEINSTANCE aspect="NONE" eiid="ei389" tense="NONE" eventID="e59" />
<TLINK relatedToEventInstance="ei387" eventInstanceID="ei389" relType="BEFORE" />
<TLINK relatedToTime="t66" eventInstanceID="ei335" relType="BEFORE" />
<TLINK relatedToEventInstance="ei335" eventInstanceID="ei336" relType="BEFORE" />
<TLINK relatedToEventInstance="ei335" eventInstanceID="ei337" relType="AFTER" />
<TLINK relatedToEventInstance="ei338" eventInstanceID="ei339" relType="BEFORE" />
<TLINK relatedToTime="t70" eventInstanceID="ei340" relType="IS_INCLUDED" />
<TLINK relatedToTime="t73" eventInstanceID="ei341" relType="IS_INCLUDED" />
<TLINK relatedToEventInstance="ei341" eventInstanceID="ei342" relType="BEFORE" />
<TLINK relatedToEventInstance="ei343" eventInstanceID="ei342" relType="BEFORE" />
<TLINK relatedToEventInstance="ei346" eventInstanceID="ei345" relType="SIMULTANEOUS" />
<TLINK relatedToEventInstance="ei348" eventInstanceID="ei347" relType="SIMULTANEOUS" />
<TLINK relatedToTime="t66" eventInstanceID="ei354" relType="DURING" />
<TLINK relatedToEventInstance="ei356" timeID="t78" relType="INCLUDES" />
<TLINK relatedToEventInstance="ei362" eventInstanceID="ei361" relType="AFTER" />
<TLINK relatedToEventInstance="ei361" eventInstanceID="ei363" relType="IS_INCLUDED" />
<TLINK relatedToEventInstance="ei364" eventInstanceID="ei365" relType="DURING" />
<TLINK relatedToEventInstance="ei364" eventInstanceID="ei366" relType="DURING" />
<TLINK relatedToTime="t81" eventInstanceID="ei369" relType="IS_INCLUDED" />
<TLINK relatedToEventInstance="ei370" signalID="s32" eventInstanceID="ei369" relType="AFTER" />
<TLINK relatedToEventInstance="ei370" eventInstanceID="ei371" relType="SIMULTANEOUS" />
<TLINK relatedToTime="t66" eventInstanceID="ei374" relType="DURING" />
<TLINK relatedToEventInstance="ei377" timeID="t87" relType="INCLUDES" />
<TLINK relatedToEventInstance="ei386" timeID="t88" relType="INCLUDES" />
<TLINK relatedToEventInstance="ei383" eventInstanceID="ei384" relType="BEFORE" />
<SLINK subordinatedEventInstance="ei335" eventInstanceID="ei340" relType="EVIDENTIAL" />
<SLINK subordinatedEventInstance="ei341" eventInstanceID="ei344" relType="EVIDENTIAL" />
<SLINK signalID="s3" subordinatedEventInstance="ei347" eventInstanceID="ei346" relType="MODAL" />
<SLINK subordinatedEventInstance="ei349" eventInstanceID="ei348" relType="MODAL" />
<SLINK signalID="s6" subordinatedEventInstance="ei350" eventInstanceID="ei349" relType="MODAL" />
<SLINK subordinatedEventInstance="ei346" eventInstanceID="ei351" relType="EVIDENTIAL" />
<SLINK signalID="s10" subordinatedEventInstance="ei353" eventInstanceID="ei352" relType="MODAL" />
<SLINK subordinatedEventInstance="ei354" eventInstanceID="ei353" relType="MODAL" />
<SLINK subordinatedEventInstance="ei355" eventInstanceID="ei353" relType="MODAL" />
<SLINK subordinatedEventInstance="ei357" eventInstanceID="ei356" relType="EVIDENTIAL" />
<SLINK subordinatedEventInstance="ei358" eventInstanceID="ei356" relType="EVIDENTIAL" />
<SLINK signalID="s18" subordinatedEventInstance="ei359" eventInstanceID="ei358" relType="MODAL" />
<SLINK signalID="s79" subordinatedEventInstance="ei360" eventInstanceID="ei359" relType="MODAL" />
<SLINK subordinatedEventInstance="ei364" eventInstanceID="ei363" relType="EVIDENTIAL" />
<SLINK subordinatedEventInstance="ei367" eventInstanceID="ei366" relType="MODAL" />
<SLINK subordinatedEventInstance="ei369" eventInstanceID="ei368" relType="EVIDENTIAL" />
<SLINK subordinatedEventInstance="ei373" eventInstanceID="ei372" relType="EVIDENTIAL" />
<SLINK subordinatedEventInstance="ei375" eventInstanceID="ei377" relType="EVIDENTIAL" />
<SLINK subordinatedEventInstance="ei376" eventInstanceID="ei375" relType="EVIDENTIAL" />
<SLINK subordinatedEventInstance="ei379" eventInstanceID="ei378" relType="EVIDENTIAL" />
<SLINK subordinatedEventInstance="ei381" eventInstanceID="ei378" relType="EVIDENTIAL" />
<SLINK signalID="s49" subordinatedEventInstance="ei382" eventInstanceID="ei381" relType="MODAL" />
<SLINK subordinatedEventInstance="ei383" eventInstanceID="ei382" relType="EVIDENTIAL" />
<SLINK subordinatedEventInstance="ei386" eventInstanceID="ei385" relType="EVIDENTIAL" />
<SLINK subordinatedEventInstance="ei388" eventInstanceID="ei387" relType="EVIDENTIAL" />
<ALINK relatedToEventInstance="ei380" eventInstanceID="ei379" relType="INITIATES" />
</TimeML>
