<?xml version="1.0" ?>
<TimeML xmlns:xsi="http://www.w3.org/2001/XMLSchema-instance" xsi:noNamespaceSchemaLocation="TimeML1.1.xsd" >
<DOCNO> VOA<TIMEX3 tid="t18" type="DATE" temporalFunction="false" functionInDocument="PUBLICATION_TIME" value="1998-05-01" >19980501</TIMEX3>.1800.0355 </DOCNO>
<DOCTYPE SOURCE="broadcast news"> NEWS STORY </DOCTYPE>
<BODY>
<bn_episode_trans program="VOA" air_date="19980501:1800">
<section startTime="355.00" type="report" endTime="397.02">
<TEXT>
<turn startTime="355.00" speaker="unknown" endTime="382.752" spkrType="unknown">
 <s><ENAMEX TYPE="PERSON">Israeli Prime Minister Benjamin Netanyahu</ENAMEX> <EVENT eid="e1" class="REPORTING" >says</EVENT> considerable <EVENT eid="e21" class="STATE" >gaps</EVENT> <EVENT eid="e2" class="ASPECTUAL" >remain</EVENT>
 between Israeli and Palestinian positions <SIGNAL sid="s44" >before</SIGNAL> <TIMEX3 tid="t19" type="DATE" temporalFunction="true" functionInDocument="NONE" value="1998-W19" anchorTimeID="t18" >next week</TIMEX3>'s <EVENT eid="e22" class="OCCURRENCE" >talks</EVENT> in
 <ENAMEX TYPE="LOCATION">London</ENAMEX>.</s> <s>He and <ENAMEX TYPE="PERSON">Palestinian leader Yasser Arafat</ENAMEX> <EVENT eid="e3" class="OCCURRENCE" >meet</EVENT> separately <TIMEX3 tid="t20" type="DATE" temporalFunction="true" functionInDocument="NONE" value="1998-05-04" anchorTimeID="t18" >Monday</TIMEX3> with
 <ENAMEX TYPE="PERSON"><ENAMEX TYPE="LOCATION">US</ENAMEX> Secretary of <ENAMEX TYPE="ORGANIZATION">State</ENAMEX> Madeleine Albright</ENAMEX>.</s>
 <s><SIGNAL sid="s64" >At</SIGNAL> a news <EVENT eid="e61" class="OCCURRENCE" >conference</EVENT> with <ENAMEX TYPE="PERSON"><ENAMEX TYPE="ORGANIZATION">US Vice</ENAMEX> President Al Gore</ENAMEX> in <ENAMEX TYPE="PERSON">Jerusalem</ENAMEX>, <ENAMEX TYPE="PERSON">Mr.
 Netanyahu</ENAMEX> <EVENT eid="e4" class="I_ACTION" >suggested</EVENT> <ENAMEX TYPE="LOCATION">Israel</ENAMEX> <SIGNAL sid="s23" >might</SIGNAL> be <EVENT eid="e24" class="I_STATE" >willing</EVENT> to <EVENT eid="e25" class="OCCURRENCE" >move</EVENT> a little on issues
 <EVENT eid="e6" class="I_STATE" >holding</EVENT> up <EVENT eid="e26" class="STATE" >peace</EVENT>, but he <EVENT eid="e7" class="REPORTING" >said</EVENT> he <EVENT eid="e8" class="I_STATE" >expects</EVENT> an equal <EVENT eid="e27" class="OCCURRENCE" >effort</EVENT> from the
 Palestinians.</s>
</turn>
<turn startTime="382.752" speaker="unknown" endTime="392.493" spkrType="unknown">
 <s><SIGNAL sid="s153" >If</SIGNAL> <ENAMEX TYPE="LOCATION">Israel</ENAMEX>  is <EVENT eid="e9" class="I_ACTION" >asked</EVENT> to uh <EVENT eid="e10" class="OCCURRENCE" >stretch</EVENT> itself on matters that are vital to its
 security concerns, then we must <EVENT eid="e12" class="PERCEPTION" >see</EVENT> an equal effort on the other side.</s>
</turn>
<turn startTime="392.493" speaker="unknown" endTime="397.02" spkrType="unknown">
 <s><ENAMEX TYPE="PERSON">Mr. Gore</ENAMEX> <EVENT eid="e15" class="I_ACTION" >called</EVENT> on <ENAMEX TYPE="LOCATION">Israel</ENAMEX>  <SIGNAL sid="s28" >to</SIGNAL> <EVENT eid="e16" class="ASPECTUAL" >continue</EVENT> <EVENT eid="e17" class="OCCURRENCE" >taking</EVENT> <EVENT eid="e29" class="OCCURRENCE" >risks</EVENT> for peace.</s>
</turn>
</TEXT>
</section>
</bn_episode_trans>
</BODY>

<MAKEINSTANCE aspect="NONE" eiid="ei160" tense="PRESENT" eventID="e1" />
<MAKEINSTANCE aspect="NONE" eiid="ei161" tense="NONE" eventID="e21" />
<MAKEINSTANCE aspect="NONE" eiid="ei162" tense="PRESENT" eventID="e2" />
<MAKEINSTANCE aspect="NONE" eiid="ei163" tense="NONE" eventID="e22" />
<MAKEINSTANCE aspect="NONE" eiid="ei164" tense="PRESENT" eventID="e3" />
<MAKEINSTANCE aspect="NONE" eiid="ei165" tense="NONE" eventID="e61" />
<MAKEINSTANCE aspect="NONE" eiid="ei166" tense="PAST" eventID="e4" />
<MAKEINSTANCE aspect="PROGRESSIVE" eiid="ei167" tense="PRESENT" eventID="e24" />
<MAKEINSTANCE aspect="NONE" eiid="ei168" tense="NONE" eventID="e25" />
<MAKEINSTANCE aspect="PROGRESSIVE" eiid="ei169" tense="NONE" eventID="e6" />
<MAKEINSTANCE aspect="NONE" eiid="ei170" tense="NONE" eventID="e26" />
<MAKEINSTANCE aspect="NONE" eiid="ei171" tense="PAST" eventID="e7" />
<MAKEINSTANCE aspect="NONE" eiid="ei172" tense="PRESENT" eventID="e8" />
<MAKEINSTANCE aspect="NONE" eiid="ei173" tense="NONE" eventID="e27" />
<MAKEINSTANCE aspect="NONE" eiid="ei174" tense="PRESENT" eventID="e9" />
<MAKEINSTANCE aspect="NONE" eiid="ei175" tense="NONE" eventID="e10" />
<MAKEINSTANCE aspect="NONE" modality="must" eiid="ei176" tense="PAST" eventID="e12" />
<MAKEINSTANCE aspect="NONE" eiid="ei177" tense="PAST" eventID="e15" />
<MAKEINSTANCE aspect="NONE" eiid="ei178" tense="NONE" eventID="e16" />
<MAKEINSTANCE aspect="PROGRESSIVE" eiid="ei179" tense="NONE" eventID="e17" />
<MAKEINSTANCE aspect="NONE" eiid="ei180" tense="NONE" eventID="e29" />
<TLINK relatedToTime="t19" eventInstanceID="ei163" relType="IS_INCLUDED" />
<TLINK relatedToTime="t20" eventInstanceID="ei164" relType="IS_INCLUDED" />
<TLINK relatedToEventInstance="ei180" eventInstanceID="ei179" relType="SIMULTANEOUS" />
<TLINK relatedToEventInstance="ei165" signalID="s64" eventInstanceID="ei166" relType="IS_INCLUDED" />
<TLINK relatedToEventInstance="ei163" signalID="s44" eventInstanceID="ei162" relType="BEFORE" />
<TLINK relatedToTime="t18" eventInstanceID="ei174" relType="AFTER" />
<TLINK relatedToTime="t18" eventInstanceID="ei177" relType="BEFORE" />
<TLINK relatedToEventInstance="ei170" eventInstanceID="ei169" relType="SIMULTANEOUS" />
<TLINK relatedToTime="t18" eventInstanceID="ei171" relType="BEFORE" />
<TLINK relatedToEventInstance="ei168" eventInstanceID="ei169" relType="INCLUDES" />
<TLINK relatedToTime="t18" eventInstanceID="ei160" relType="BEFORE" />
<SLINK signalID="s23" subordinatedEventInstance="ei167" eventInstanceID="ei166" relType="MODAL" />
<SLINK subordinatedEventInstance="ei168" eventInstanceID="ei167" relType="MODAL" />
<SLINK subordinatedEventInstance="ei170" eventInstanceID="ei169" relType="FACTIVE" />
<SLINK signalID="s28" subordinatedEventInstance="ei178" eventInstanceID="ei177" relType="MODAL" />
<SLINK subordinatedEventInstance="ei175" eventInstanceID="ei174" relType="MODAL" />
<SLINK subordinatedEventInstance="ei162" eventInstanceID="ei160" relType="EVIDENTIAL" />
<SLINK subordinatedEventInstance="ei172" eventInstanceID="ei171" relType="EVIDENTIAL" />
<SLINK subordinatedEventInstance="ei173" eventInstanceID="ei172" relType="MODAL" />
<ALINK relatedToEventInstance="ei161" eventInstanceID="ei162" relType="CONTINUES" />
<ALINK relatedToEventInstance="ei179" eventInstanceID="ei178" relType="CONTINUES" />
</TimeML>
