<?xml version="1.0" ?>
<TimeML xmlns:xsi="http://www.w3.org/2001/XMLSchema-instance" xsi:noNamespaceSchemaLocation="TimeML1.1.xsd" >
<DOCNO> VOA<TIMEX3 tid="t64" type="DATE" temporalFunction="false" functionInDocument="CREATION_TIME" value="1998-03-05" >19980305</TIMEX3>.1800.2603 </DOCNO>
<DOCTYPE SOURCE="broadcast news"> NEWS STORY </DOCTYPE>
<BODY>
<bn_episode_trans program="VOA" air_date="19980305:1800">
<section startTime="2603.56" type="report" endTime="2751.27">
<TEXT>
<turn startTime="2603.56" speaker="unknown" endTime="2620.430" spkrType="unknown">
 <s><EVENT eid="e107" class="OCCURRENCE" >International Women's Day</EVENT> is <TIMEX3 tid="t66" type="DATE" temporalFunction="true" functionInDocument="NONE" value="1998-03-08" anchorTimeID="t64" >this coming Sunday, March eighth</TIMEX3>.</s>
 <s>A major focus of International Women's Day is the <EVENT eid="e2" class="OCCURRENCE" >plight</EVENT> of Afghan women.</s>
 <s>Special <EVENT eid="e67" class="OCCURRENCE" >events</EVENT> are being <EVENT eid="e3" class="I_ACTION" >organized</EVENT> by the <ENAMEX TYPE="ORGANIZATION">European Commission</ENAMEX> and
 individual nations in <ENAMEX TYPE="LOCATION">Europe</ENAMEX>, <ENAMEX TYPE="LOCATION">North America</ENAMEX>, and other parts of the world.</s>
 <s><ENAMEX TYPE="PERSON">Lisa Schlein</ENAMEX> reports from <ENAMEX TYPE="PERSON">Geneva</ENAMEX>.</s>
</turn>
<turn startTime="2620.430" speaker="unknown" endTime="2664.358" spkrType="unknown">
 <s><ENAMEX TYPE="LOCATION">Afghanistan</ENAMEX> has been <EVENT eid="e68" class="STATE" >at war</EVENT> <SIGNAL sid="s69" >for</SIGNAL> <TIMEX3 tid="t70" type="DURATION" temporalFunction="false" functionInDocument="NONE" value="P20Y" ><CARDINAL>twenty</CARDINAL> years</TIMEX3>, <EVENT eid="e6" class="I_ACTION" >leaving</EVENT> a large part of the
 country's male population <EVENT eid="e72" class="STATE" >dead</EVENT> or <EVENT eid="e73" class="STATE" >in exile</EVENT>.</s> <s>The <ENAMEX TYPE="ORGANIZATION">United Nations</ENAMEX> <EVENT eid="e7" class="REPORTING" >says</EVENT> women
 and children <EVENT eid="e8" class="STATE" >make</EVENT> up about <NUMEX TYPE="PERCENT">seventy-five percent</NUMEX> of the Afghan population.</s> <s>An Afghan
 refugee in <ENAMEX TYPE="LOCATION">Switzerland</ENAMEX>, <ENAMEX TYPE="PERSON">Homira Atimadi</ENAMEX>, is a senior official of a group called the
 <ENAMEX TYPE="ORGANIZATION">International Working Group</ENAMEX> on Afghan Women.</s> <s>The group has branches in
 <ENAMEX TYPE="LOCATION">Pakistan</ENAMEX>, <ENAMEX TYPE="LOCATION">Iran</ENAMEX>, <ENAMEX TYPE="LOCATION">Europe</ENAMEX>, <ENAMEX TYPE="LOCATION">Australia</ENAMEX>, and <ENAMEX TYPE="LOCATION">North America</ENAMEX>.</s> <s><ENAMEX TYPE="PERSON">Ms. Atimadi</ENAMEX> <EVENT eid="e10" class="REPORTING" >says</EVENT>
 Afghan women have been <EVENT eid="e74" class="STATE" >victims</EVENT> of severe <EVENT eid="e75" class="OCCURRENCE" >violations</EVENT> of human rights <SIGNAL sid="s76" >for</SIGNAL> <TIMEX3 tid="t77" type="DURATION" temporalFunction="true" functionInDocument="NONE" value="P20Y" anchorTimeID="t64" >the past twenty
 years</TIMEX3> and she <EVENT eid="e12" class="REPORTING" >says</EVENT> she <EVENT eid="e13" class="I_STATE" >sees</EVENT> no <EVENT eid="e78" class="ASPECTUAL" >end</EVENT> to the <EVENT eid="e79" class="STATE" >misery</EVENT>.</s> <s>She <EVENT eid="e15" class="REPORTING" >says</EVENT> security under
 the <EVENT eid="e246" class="STATE" >fundamentalist <ENAMEX TYPE="ORGANIZATION">Taleban</ENAMEX> government</EVENT> is <EVENT eid="e80" class="STATE" >better</EVENT>, but everything else is <EVENT eid="e81" class="STATE" >worse</EVENT>.</s>
</turn>
<turn startTime="2664.358" speaker="unknown" endTime="2677.068" spkrType="unknown">
 <s>Women do <SIGNAL sid="s19" >not</SIGNAL> <EVENT eid="e18" class="I_STATE" >become</EVENT> <EVENT eid="e82" class="STATE" >victims</EVENT> of armed <EVENT eid="e20" class="OCCURRENCE" >attack</EVENT>, but they do not <EVENT eid="e84" class="STATE" >have</EVENT> the
 <EVENT eid="e85" class="I_STATE" >right</EVENT> <SIGNAL sid="s86" >to</SIGNAL> <EVENT eid="e21" class="OCCURRENCE" >work</EVENT>.</s> <s>And <TIMEX3 tid="t87" type="DATE" temporalFunction="true" functionInDocument="NONE" value="PRESENT_REF" anchorTimeID="t64" >today</TIMEX3>, the right to work is <EVENT eid="e90" class="STATE" >equal</EVENT> to r- the right to survival.</s>
</turn>
<turn startTime="2677.068" speaker="unknown" endTime="2710.052" spkrType="unknown">
 <s><ENAMEX TYPE="PERSON">Ms. Atimadi</ENAMEX> <EVENT eid="e23" class="REPORTING" >says</EVENT> the <EVENT eid="e24" class="OCCURRENCE" >war</EVENT> has <EVENT eid="e25" class="I_ACTION" >created</EVENT> <EVENT eid="e91" class="STATE" >a nation of widows</EVENT>.</s> <s>Women have <EVENT eid="e26" class="I_STATE" >become</EVENT>
 the sole <EVENT eid="e27" class="STATE" >support</EVENT> of their families.</s> <s>Yet, the Taliban have <EVENT eid="e28" class="I_ACTION" >forbidden</EVENT> them <SIGNAL sid="s92" >to</SIGNAL>
 <EVENT eid="e29" class="OCCURRENCE" >work</EVENT>.</s> <s>She <EVENT eid="e30" class="REPORTING" >says</EVENT> this <EVENT eid="e31" class="OCCURRENCE" >puts</EVENT> the very existence of women's families <EVENT eid="e93" class="STATE" >at risk</EVENT>.</s>
 <s>She <EVENT eid="e34" class="REPORTING" >says</EVENT> the <EVENT eid="e35" class="OCCURRENCE" >plight</EVENT> of women in urban areas is <EVENT eid="e94" class="STATE" >greater</EVENT> than that which exists
 in rural parts of the country.</s> <s>In cities, such as the capital Kabul, women
 are totally <EVENT eid="e95" class="I_STATE" >dependent</EVENT> on international <EVENT eid="e38" class="OCCURRENCE" >aid</EVENT> for survival.</s> <s><ENAMEX TYPE="PERSON">Ms. Atimadi</ENAMEX> <EVENT eid="e40" class="REPORTING" >says</EVENT> the
 women of Kabul <EVENT eid="e351" class="STATE" >symbolize</EVENT> the suffering of all the women in <ENAMEX TYPE="LOCATION">Afghanistan</ENAMEX>.</s>
</turn>
<turn startTime="2710.052" speaker="unknown" endTime="2732.489" spkrType="unknown">
 <s>The <EVENT eid="e96" class="I_STATE" >aim</EVENT> is <SIGNAL sid="s41" >to</SIGNAL> <EVENT eid="e97" class="OCCURRENCE" >bring</EVENT> in not only the focus on women's right to education,
 access to work, but <EVENT eid="e45" class="OCCURRENCE" >look</EVENT> beyond that and <EVENT eid="e46" class="OCCURRENCE" >look</EVENT> at the roots of, uh of these
 problems.</s> <s>These are only the symptoms of the problems that are <EVENT eid="e48" class="I_ACTION" >facing</EVENT>
 <ENAMEX TYPE="LOCATION">Afghanistan</ENAMEX>.</s> <s>For women in <ENAMEX TYPE="LOCATION">Afghanistan</ENAMEX> to <EVENT eid="e102" class="I_STATE" >be able</EVENT> <SIGNAL sid="s50" >to</SIGNAL> <EVENT eid="e51" class="OCCURRENCE" >realize</EVENT> their rights,
 there have to be <EVENT eid="e101" class="STATE" >conditions</EVENT> of peace and justice.</s>
</turn>
<turn startTime="2732.489" speaker="unknown" endTime="2751.27" spkrType="unknown">
 <s><ENAMEX TYPE="PERSON">Ms. Atimadi</ENAMEX> <EVENT eid="e55" class="REPORTING" >says</EVENT> that is the <EVENT eid="e103" class="STATE" >primary focus</EVENT> of her group, peace and
 justice.</s> <s>She <EVENT eid="e57" class="REPORTING" >says</EVENT> her group is <EVENT eid="e104" class="I_ACTION" >appealing</EVENT> to individuals, to the international
 community, and to the combatants and people of <ENAMEX TYPE="LOCATION">Afghanistan</ENAMEX> <SIGNAL sid="s59" >to</SIGNAL> <EVENT eid="e60" class="ASPECTUAL" >stop</EVENT> the
 <EVENT eid="e105" class="OCCURRENCE" >bloodletting</EVENT> which has <EVENT eid="e61" class="I_ACTION" >torn</EVENT> the country <EVENT eid="e106" class="STATE" >apart</EVENT>.</s>
 <s><ENAMEX TYPE="PERSON">Lisa Schlein</ENAMEX> for <ENAMEX TYPE="ORGANIZATION">VOA News</ENAMEX>, <ENAMEX TYPE="PERSON">Geneva</ENAMEX>.</s>
</turn>
</TEXT>
</section>
</bn_episode_trans>
</BODY>

<MAKEINSTANCE aspect="NONE" eiid="ei428" tense="NONE" eventID="e107" />
<MAKEINSTANCE aspect="NONE" eiid="ei429" tense="PRESENT" eventID="e2" />
<MAKEINSTANCE aspect="NONE" eiid="ei430" tense="NONE" eventID="e67" />
<MAKEINSTANCE aspect="PROGRESSIVE" eiid="ei431" tense="PRESENT" eventID="e3" />
<MAKEINSTANCE aspect="PERFECTIVE" eiid="ei432" tense="PRESENT" eventID="e68" />
<MAKEINSTANCE aspect="PROGRESSIVE" eiid="ei433" tense="NONE" eventID="e6" />
<MAKEINSTANCE aspect="NONE" eiid="ei434" tense="NONE" eventID="e72" />
<MAKEINSTANCE aspect="NONE" eiid="ei435" tense="NONE" eventID="e73" />
<MAKEINSTANCE aspect="NONE" eiid="ei436" tense="PRESENT" eventID="e7" />
<MAKEINSTANCE aspect="NONE" eiid="ei437" tense="PRESENT" eventID="e8" />
<MAKEINSTANCE aspect="NONE" eiid="ei438" tense="PRESENT" eventID="e10" />
<MAKEINSTANCE aspect="PERFECTIVE" eiid="ei439" tense="PRESENT" eventID="e74" />
<MAKEINSTANCE aspect="NONE" eiid="ei440" tense="NONE" eventID="e75" />
<MAKEINSTANCE aspect="NONE" eiid="ei441" tense="PRESENT" eventID="e12" />
<MAKEINSTANCE aspect="NONE" eiid="ei442" tense="PRESENT" eventID="e13" />
<MAKEINSTANCE aspect="NONE" eiid="ei443" polarity="NEG" tense="NONE" eventID="e78" />
<MAKEINSTANCE aspect="NONE" eiid="ei444" tense="NONE" eventID="e79" />
<MAKEINSTANCE aspect="NONE" eiid="ei445" tense="PRESENT" eventID="e15" />
<MAKEINSTANCE aspect="NONE" eiid="ei446" tense="NONE" eventID="e246" />
<MAKEINSTANCE aspect="NONE" eiid="ei447" tense="NONE" eventID="e80" />
<MAKEINSTANCE aspect="NONE" eiid="ei448" tense="NONE" eventID="e81" />
<MAKEINSTANCE aspect="NONE" eiid="ei449" tense="PRESENT" eventID="e18" />
<MAKEINSTANCE aspect="NONE" eiid="ei450" tense="NONE" eventID="e82" />
<MAKEINSTANCE aspect="NONE" eiid="ei451" tense="NONE" eventID="e20" />
<MAKEINSTANCE aspect="NONE" eiid="ei452" polarity="NEG" tense="PRESENT" eventID="e84" />
<MAKEINSTANCE aspect="NONE" eiid="ei453" tense="NONE" eventID="e85" />
<MAKEINSTANCE aspect="NONE" eiid="ei454" tense="NONE" eventID="e21" />
<MAKEINSTANCE aspect="NONE" eiid="ei455" tense="NONE" eventID="e90" />
<MAKEINSTANCE aspect="NONE" eiid="ei456" tense="PRESENT" eventID="e23" />
<MAKEINSTANCE aspect="NONE" eiid="ei457" tense="NONE" eventID="e24" />
<MAKEINSTANCE aspect="PERFECTIVE" eiid="ei458" tense="PRESENT" eventID="e25" />
<MAKEINSTANCE aspect="NONE" eiid="ei459" tense="NONE" eventID="e91" />
<MAKEINSTANCE aspect="PERFECTIVE" eiid="ei460" tense="PRESENT" eventID="e26" />
<MAKEINSTANCE aspect="NONE" eiid="ei461" tense="NONE" eventID="e27" />
<MAKEINSTANCE aspect="PERFECTIVE" eiid="ei462" tense="PRESENT" eventID="e28" />
<MAKEINSTANCE aspect="NONE" eiid="ei463" tense="NONE" eventID="e29" />
<MAKEINSTANCE aspect="NONE" eiid="ei464" tense="PRESENT" eventID="e30" />
<MAKEINSTANCE aspect="NONE" eiid="ei465" tense="PRESENT" eventID="e31" />
<MAKEINSTANCE aspect="NONE" eiid="ei466" tense="NONE" eventID="e93" />
<MAKEINSTANCE aspect="NONE" eiid="ei467" tense="PRESENT" eventID="e34" />
<MAKEINSTANCE aspect="NONE" eiid="ei468" tense="NONE" eventID="e35" />
<MAKEINSTANCE aspect="NONE" eiid="ei469" tense="PRESENT" eventID="e94" />
<MAKEINSTANCE aspect="NONE" eiid="ei470" tense="PRESENT" eventID="e95" />
<MAKEINSTANCE aspect="NONE" eiid="ei471" tense="NONE" eventID="e38" />
<MAKEINSTANCE aspect="NONE" eiid="ei472" tense="PRESENT" eventID="e40" />
<MAKEINSTANCE aspect="NONE" eiid="ei473" tense="NONE" eventID="e351" />
<MAKEINSTANCE aspect="NONE" eiid="ei474" tense="NONE" eventID="e96" />
<MAKEINSTANCE aspect="NONE" eiid="ei475" tense="NONE" eventID="e97" />
<MAKEINSTANCE aspect="NONE" eiid="ei476" tense="NONE" eventID="e45" />
<MAKEINSTANCE aspect="NONE" eiid="ei477" tense="NONE" eventID="e46" />
<MAKEINSTANCE aspect="PROGRESSIVE" eiid="ei478" tense="PRESENT" eventID="e48" />
<MAKEINSTANCE aspect="NONE" eiid="ei479" tense="NONE" eventID="e102" />
<MAKEINSTANCE aspect="NONE" eiid="ei480" tense="NONE" eventID="e51" />
<MAKEINSTANCE aspect="NONE" modality="have to" eiid="ei481" tense="NONE" eventID="e101" />
<MAKEINSTANCE aspect="NONE" eiid="ei482" tense="PRESENT" eventID="e55" />
<MAKEINSTANCE aspect="NONE" eiid="ei483" tense="NONE" eventID="e103" />
<MAKEINSTANCE aspect="NONE" eiid="ei484" tense="PRESENT" eventID="e57" />
<MAKEINSTANCE aspect="PROGRESSIVE" eiid="ei485" tense="PRESENT" eventID="e104" />
<MAKEINSTANCE aspect="NONE" eiid="ei486" tense="NONE" eventID="e60" />
<MAKEINSTANCE aspect="NONE" eiid="ei487" tense="NONE" eventID="e105" />
<MAKEINSTANCE aspect="PERFECTIVE" eiid="ei488" tense="PRESENT" eventID="e61" />
<MAKEINSTANCE aspect="NONE" eiid="ei489" tense="NONE" eventID="e106" />
<TLINK relatedToEventInstance="ei479" eventInstanceID="ei481" relType="BEFORE" />
<TLINK relatedToTime="t66" eventInstanceID="ei428" relType="DURING" />
<TLINK relatedToEventInstance="ei428" eventInstanceID="ei429" relType="IS_INCLUDED" />
<TLINK relatedToTime="t64" eventInstanceID="ei431" relType="INCLUDES" />
<TLINK relatedToEventInstance="ei430" eventInstanceID="ei431" relType="ENDED_BY" />
<TLINK relatedToEventInstance="ei428" eventInstanceID="ei430" relType="IS_INCLUDED" />
<TLINK relatedToTime="t64" eventInstanceID="ei432" relType="BEFORE" />
<TLINK signalID="s69" relatedToTime="t70" eventInstanceID="ei432" relType="DURING" />
<TLINK relatedToEventInstance="ei433" eventInstanceID="ei432" relType="IDENTITY" />
<TLINK relatedToEventInstance="ei434" eventInstanceID="ei433" relType="BEFORE" />
<TLINK relatedToEventInstance="ei435" eventInstanceID="ei433" relType="BEFORE" />
<TLINK relatedToTime="t64" eventInstanceID="ei436" relType="BEFORE" />
<TLINK relatedToTime="t64" eventInstanceID="ei437" relType="INCLUDES" />
<TLINK relatedToTime="t64" eventInstanceID="ei438" relType="BEFORE" />
<TLINK relatedToEventInstance="ei440" eventInstanceID="ei439" relType="IAFTER" />
<TLINK signalID="s76" relatedToTime="t77" eventInstanceID="ei440" relType="IS_INCLUDED" />
<TLINK relatedToEventInstance="ei438" eventInstanceID="ei441" relType="IDENTITY" />
<TLINK relatedToEventInstance="ei438" eventInstanceID="ei445" relType="IDENTITY" />
<TLINK relatedToEventInstance="ei450" eventInstanceID="ei449" relType="ENDED_BY" />
<TLINK relatedToEventInstance="ei451" eventInstanceID="ei450" relType="AFTER" />
<TLINK relatedToEventInstance="ei453" eventInstanceID="ei452" relType="IDENTITY" />
<TLINK relatedToEventInstance="ei446" eventInstanceID="ei452" relType="DURING" />
<TLINK relatedToTime="t64" eventInstanceID="ei446" relType="INCLUDES" />
<TLINK relatedToTime="t70" eventInstanceID="ei446" relType="AFTER" />
<TLINK relatedToEventInstance="ei447" eventInstanceID="ei446" relType="DURING" />
<TLINK relatedToEventInstance="ei448" eventInstanceID="ei446" relType="DURING" />
<TLINK relatedToEventInstance="ei446" timeID="t87" relType="SIMULTANEOUS" />
<TLINK relatedToTime="t87" eventInstanceID="ei455" relType="IS_INCLUDED" />
<TLINK relatedToEventInstance="ei458" eventInstanceID="ei457" relType="IDENTITY" />
<TLINK relatedToEventInstance="ei459" eventInstanceID="ei457" relType="BEFORE" />
<TLINK relatedToEventInstance="ei457" eventInstanceID="ei460" relType="AFTER" />
<TLINK relatedToEventInstance="ei461" eventInstanceID="ei460" relType="ENDED_BY" />
<TLINK relatedToEventInstance="ei461" eventInstanceID="ei446" relType="INCLUDES" />
<TLINK relatedToEventInstance="ei456" eventInstanceID="ei464" relType="IDENTITY" />
<TLINK relatedToEventInstance="ei466" eventInstanceID="ei465" relType="BEFORE" />
<TLINK relatedToEventInstance="ei465" eventInstanceID="ei462" relType="IDENTITY" />
<TLINK relatedToEventInstance="ei456" eventInstanceID="ei467" relType="IDENTITY" />
<TLINK relatedToEventInstance="ei446" eventInstanceID="ei468" relType="DURING" />
<TLINK relatedToEventInstance="ei446" eventInstanceID="ei469" relType="DURING" />
<TLINK relatedToEventInstance="ei446" eventInstanceID="ei470" relType="DURING" />
<TLINK relatedToEventInstance="ei456" eventInstanceID="ei472" relType="IDENTITY" />
<TLINK relatedToEventInstance="ei446" eventInstanceID="ei473" relType="DURING" />
<TLINK relatedToEventInstance="ei429" eventInstanceID="ei474" relType="IS_INCLUDED" />
<TLINK relatedToEventInstance="ei428" eventInstanceID="ei475" relType="IS_INCLUDED" />
<TLINK relatedToEventInstance="ei428" eventInstanceID="ei476" relType="IS_INCLUDED" />
<TLINK relatedToEventInstance="ei428" eventInstanceID="ei477" relType="IS_INCLUDED" />
<TLINK relatedToEventInstance="ei446" eventInstanceID="ei478" relType="DURING" />
<SLINK subordinatedEventInstance="ei430" eventInstanceID="ei431" relType="MODAL" />
<SLINK subordinatedEventInstance="ei437" eventInstanceID="ei436" relType="EVIDENTIAL" />
<SLINK subordinatedEventInstance="ei439" eventInstanceID="ei438" relType="EVIDENTIAL" />
<SLINK subordinatedEventInstance="ei442" eventInstanceID="ei441" relType="EVIDENTIAL" />
<SLINK subordinatedEventInstance="ei443" eventInstanceID="ei442" relType="MODAL" />
<SLINK subordinatedEventInstance="ei447" eventInstanceID="ei445" relType="EVIDENTIAL" />
<SLINK subordinatedEventInstance="ei448" eventInstanceID="ei445" relType="EVIDENTIAL" />
<SLINK signalID="s86" subordinatedEventInstance="ei454" eventInstanceID="ei453" relType="MODAL" />
<SLINK subordinatedEventInstance="ei458" eventInstanceID="ei456" relType="EVIDENTIAL" />
<SLINK signalID="s92" subordinatedEventInstance="ei463" eventInstanceID="ei462" relType="COUNTER_FACTIVE" />
<SLINK subordinatedEventInstance="ei465" eventInstanceID="ei464" relType="EVIDENTIAL" />
<SLINK subordinatedEventInstance="ei469" eventInstanceID="ei467" relType="EVIDENTIAL" />
<SLINK subordinatedEventInstance="ei471" eventInstanceID="ei470" relType="MODAL" />
<SLINK subordinatedEventInstance="ei473" eventInstanceID="ei472" relType="EVIDENTIAL" />
<SLINK signalID="s41" subordinatedEventInstance="ei475" eventInstanceID="ei474" relType="MODAL" />
<SLINK signalID="s41" subordinatedEventInstance="ei476" eventInstanceID="ei474" relType="MODAL" />
<SLINK signalID="s41" subordinatedEventInstance="ei477" eventInstanceID="ei474" relType="MODAL" />
<SLINK signalID="s50" subordinatedEventInstance="ei480" eventInstanceID="ei479" relType="MODAL" />
<ALINK relatedToEventInstance="ei444" eventInstanceID="ei443" relType="TERMINATES" />
</TimeML>
