<?xml version="1.0" ?>
<TimeML xmlns:xsi="http://www.w3.org/2001/XMLSchema-instance" xsi:noNamespaceSchemaLocation="TimeML1.1.xsd" >
<DOCNO> WSJ<TIMEX3 tid="t31" type="DATE" temporalFunction="false" functionInDocument="NONE" value="1989-11-01" >891101</TIMEX3>-0018 </DOCNO>
<DD> = 891101 </DD>
<AN> 891101-0018. </AN>
<HL> Business Brief -- Cilcorp Inc.:
@  Some Assets to Be Acquired
@  From Hunter Environmental </HL>
<DD> <TIMEX3 tid="t30" type="DATE" temporalFunction="false" functionInDocument="PUBLICATION_TIME" value="1989-11-01" >11/01/89</TIMEX3> </DD>
<SO> WALL STREET JOURNAL (J) </SO>
<CO> CER HESI </CO>
<IN> BUYBACKS, REDEMPTIONS, SWAP OFFERS (BBK)
TENDER OFFERS, MERGERS, ACQUISITIONS (TNM) </IN>
<TEXT>
   <s><ENAMEX TYPE="ORGANIZATION">Cilcorp Inc.</ENAMEX>, <ENAMEX TYPE="LOCATION">Peoria</ENAMEX>, <ENAMEX TYPE="LOCATION">Ill.</ENAMEX>, <EVENT eid="e1" class="REPORTING" >said</EVENT> it <EVENT eid="e2" class="I_ACTION" >agreed</EVENT>  <SIGNAL sid="s56" >to</SIGNAL> <EVENT eid="e3" class="OCCURRENCE" >acquire</EVENT> the environmental consulting and analytical service businesses of <ENAMEX TYPE="ORGANIZATION">Hunter Environmental Services Inc.</ENAMEX> of <ENAMEX TYPE="LOCATION">Southport</ENAMEX>, <ENAMEX TYPE="LOCATION">Conn.</ENAMEX> 
<EVENT eid="e4" class="OCCURRENCE" ></EVENT>
   The utility holding company <EVENT eid="e6" class="REPORTING" >said</EVENT> <ENAMEX TYPE="ORGANIZATION">Hunter</ENAMEX>  will <EVENT eid="e7" class="OCCURRENCE" >receive</EVENT> <CARDINAL>390,000</CARDINAL> shares of a new series of <ENAMEX TYPE="ORGANIZATION">Cilcorp</ENAMEX> convertible preferred stock with a face value of <NUMEX TYPE="MONEY">$39 million</NUMEX> for the businesses.</s> 
<s><ENAMEX TYPE="ORGANIZATION">Cilcorp</ENAMEX>  will  also <EVENT eid="e8" class="ASPECTUAL" >assume</EVENT> <NUMEX TYPE="MONEY">$22 million</NUMEX> of <ENAMEX TYPE="ORGANIZATION">Hunter</ENAMEX>'s <TIMEX3 tid="t35" type="TIME" temporalFunction="true" functionInDocument="NONE" value="PRESENT_REF" anchorTimeID="t30" >existing</TIMEX3> <EVENT eid="e36" class="STATE" >debt</EVENT>.</s> 
<s><SIGNAL sid="s99" >As part of</SIGNAL> the <EVENT eid="e37" class="I_ACTION" >agreement</EVENT>, <ENAMEX TYPE="ORGANIZATION">Cilcorp</ENAMEX> <EVENT eid="e10" class="REPORTING" >said</EVENT> it  will <EVENT eid="e11" class="OCCURRENCE" >pay</EVENT> <ENAMEX TYPE="ORGANIZATION">Hunter</ENAMEX> <NUMEX TYPE="MONEY">$4 million</NUMEX> in exchange for agreements not to compete.</s> 

   <s><ENAMEX TYPE="ORGANIZATION">Cilcorp</ENAMEX> <EVENT eid="e15" class="REPORTING" >said</EVENT> the businesses  to  be <EVENT eid="e16" class="OCCURRENCE" >acquired</EVENT> <EVENT eid="e38" class="OCCURRENCE" >had</EVENT> <EVENT eid="e39" class="OCCURRENCE" >revenue</EVENT> of <NUMEX TYPE="MONEY">$76 million</NUMEX> <SIGNAL sid="s130" >for</SIGNAL> <TIMEX3 tid="t33" type="DURATION" temporalFunction="false" functionInDocument="NONE" value="P1Y" >the year</TIMEX3> <SIGNAL sid="s146" >ended</SIGNAL> <TIMEX3 tid="t32" type="DATE" temporalFunction="true" functionInDocument="NONE" value="1989-03-31" anchorTimeID="t30" >March 31</TIMEX3>.</s> 

   <s>Separately, <ENAMEX TYPE="ORGANIZATION">Cilcorp</ENAMEX> <EVENT eid="e18" class="REPORTING" >said</EVENT> it <EVENT eid="e19" class="I_STATE" >plans</EVENT>  to <EVENT eid="e20" class="OCCURRENCE" >purchase</EVENT> as many as <CARDINAL>1.4 million</CARDINAL> shares, or <NUMEX TYPE="PERCENT">10%</NUMEX> of its common stock outstanding from time to time on the open market and through privately negotiated transactions.</s> 

   <s>The company, which <TIMEX3 tid="t34" type="DATE" temporalFunction="true" functionInDocument="NONE" value="PRESENT_REF" anchorTimeID="t30" >currently</TIMEX3> <EVENT eid="e26" class="OCCURRENCE" >has</EVENT> <CARDINAL>13.5 million</CARDINAL> common shares outstanding, <EVENT eid="e27" class="REPORTING" >said</EVENT> it <EVENT eid="e28" class="OCCURRENCE" >has</EVENT> <SIGNAL sid="s29" >no</SIGNAL> specific <EVENT eid="e41" class="I_ACTION" >plans</EVENT> for the shares.</s> 
</TEXT>

<MAKEINSTANCE aspect="NONE" eiid="ei211" tense="PAST" eventID="e1" />
<MAKEINSTANCE aspect="NONE" eiid="ei212" tense="PAST" eventID="e2" />
<MAKEINSTANCE aspect="NONE" eiid="ei213" tense="NONE" eventID="e3" />
<MAKEINSTANCE aspect="PROGRESSIVE" eiid="ei214" tense="NONE" eventID="e4" />
<MAKEINSTANCE aspect="NONE" eiid="ei215" tense="PAST" eventID="e6" />
<MAKEINSTANCE aspect="NONE" eiid="ei216" tense="FUTURE" eventID="e7" />
<MAKEINSTANCE aspect="NONE" eiid="ei217" tense="FUTURE" eventID="e8" />
<MAKEINSTANCE aspect="NONE" eiid="ei218" tense="NONE" eventID="e36" />
<MAKEINSTANCE aspect="NONE" eiid="ei219" tense="NONE" eventID="e37" />
<MAKEINSTANCE aspect="NONE" eiid="ei220" tense="PAST" eventID="e10" />
<MAKEINSTANCE aspect="NONE" eiid="ei221" tense="FUTURE" eventID="e11" />
<MAKEINSTANCE aspect="NONE" eiid="ei222" tense="PAST" eventID="e15" />
<MAKEINSTANCE aspect="NONE" eiid="ei223" tense="FUTURE" eventID="e16" />
<MAKEINSTANCE aspect="NONE" eiid="ei224" tense="PAST" eventID="e38" />
<MAKEINSTANCE aspect="NONE" eiid="ei225" tense="NONE" eventID="e39" />
<MAKEINSTANCE aspect="NONE" eiid="ei226" tense="PAST" eventID="e18" />
<MAKEINSTANCE aspect="NONE" eiid="ei227" tense="PRESENT" eventID="e19" />
<MAKEINSTANCE aspect="NONE" eiid="ei228" tense="NONE" eventID="e20" />
<MAKEINSTANCE aspect="NONE" eiid="ei229" tense="PRESENT" eventID="e26" />
<MAKEINSTANCE aspect="NONE" eiid="ei230" tense="PAST" eventID="e27" />
<MAKEINSTANCE aspect="NONE" eiid="ei231" tense="PRESENT" eventID="e28" />
<MAKEINSTANCE aspect="NONE" eiid="ei232" tense="NONE" eventID="e41" />
<TLINK relatedToTime="t30" eventInstanceID="ei230" relType="IS_INCLUDED" />
<TLINK relatedToEventInstance="ei229" timeID="t34" relType="SIMULTANEOUS" />
<TLINK relatedToEventInstance="ei211" eventInstanceID="ei222" relType="SIMULTANEOUS" />
<TLINK relatedToTime="t30" timeID="t34" relType="INCLUDES" />
<TLINK relatedToEventInstance="ei219" signalID="s99" eventInstanceID="ei221" relType="IS_INCLUDED" />
<TLINK relatedToEventInstance="ei223" eventInstanceID="ei213" relType="IDENTITY" />
<TLINK relatedToEventInstance="ei225" eventInstanceID="ei224" relType="IDENTITY" />
<TLINK relatedToTime="t30" eventInstanceID="ei226" relType="IS_INCLUDED" />
<TLINK signalID="s146" relatedToTime="t32" timeID="t33" relType="ENDED_BY" />
<TLINK signalID="s130" relatedToTime="t33" eventInstanceID="ei225" relType="IS_INCLUDED" />
<TLINK relatedToTime="t30" timeID="t31" relType="IDENTITY" />
<TLINK relatedToTime="t30" eventInstanceID="ei211" relType="IS_INCLUDED" />
<TLINK relatedToEventInstance="ei212" eventInstanceID="ei219" relType="IDENTITY" />
<TLINK relatedToEventInstance="ei211" eventInstanceID="ei215" relType="SIMULTANEOUS" />
<TLINK relatedToEventInstance="ei218" timeID="t35" relType="SIMULTANEOUS" />
<SLINK signalID="s29" subordinatedEventInstance="ei232" eventInstanceID="ei231" relType="NEGATIVE" />
<SLINK subordinatedEventInstance="ei223" eventInstanceID="ei222" relType="EVIDENTIAL" />
<SLINK subordinatedEventInstance="ei231" eventInstanceID="ei230" relType="EVIDENTIAL" />
<SLINK subordinatedEventInstance="ei217" eventInstanceID="ei215" relType="EVIDENTIAL" />
<SLINK subordinatedEventInstance="ei216" eventInstanceID="ei215" relType="EVIDENTIAL" />
<SLINK subordinatedEventInstance="ei221" eventInstanceID="ei220" relType="EVIDENTIAL" />
<SLINK subordinatedEventInstance="ei228" eventInstanceID="ei227" relType="MODAL" />
<SLINK subordinatedEventInstance="ei227" eventInstanceID="ei226" relType="EVIDENTIAL" />
<SLINK subordinatedEventInstance="ei212" eventInstanceID="ei211" relType="EVIDENTIAL" />
<SLINK signalID="s56" subordinatedEventInstance="ei213" eventInstanceID="ei212" relType="MODAL" />
<SLINK subordinatedEventInstance="ei224" eventInstanceID="ei222" relType="EVIDENTIAL" />
<ALINK relatedToEventInstance="ei218" eventInstanceID="ei217" relType="CONTINUES" />
</TimeML>
