<?xml version="1.0" ?>
<TimeML xmlns:xsi="http://www.w3.org/2001/XMLSchema-instance" xsi:noNamespaceSchemaLocation="TimeML1.1.xsd" >
<DOCNO> WSJ891102-0015 </DOCNO>
<DD> = 891102 </DD>
<AN> 891102-0015. </AN>
<HL> Marketing Brief -- Sony Corp.:
@  Japanese Concern Completes
@  Offer for Columbia Pictures </HL>
<DD> <TIMEX3 tid="t32" type="DATE" temporalFunction="false" functionInDocument="CREATION_TIME" value="1989-11-02" >11/02/89</TIMEX3> </DD>
<SO> WALL STREET JOURNAL (J) </SO>
<CO> SNE KPE GPEC WCI TL </CO>
<IN> RECREATION, ENTERTAINMENT, TOYS, MOVIES, PHOTOGRAPHY, SPORTS (REC)
TENDER OFFERS, MERGERS, ACQUISITIONS (TNM)
MEDIA, PUBLISHING, BROADCASTING, ELECTRONIC PUBLISHING (MED) </IN>
<TEXT>
   <s><ENAMEX TYPE="ORGANIZATION">Sony Corp.</ENAMEX> <EVENT eid="e1" class="ASPECTUAL" >completed</EVENT> its tender <EVENT eid="e2" class="OCCURRENCE" >offer</EVENT> for <ENAMEX TYPE="ORGANIZATION">Columbia Pictures Entertainment Inc.</ENAMEX>, with <ENAMEX TYPE="ORGANIZATION">Columbia</ENAMEX> shareholders <EVENT eid="e3" class="OCCURRENCE" >tendering</EVENT> <NUMEX TYPE="PERCENT">99.3%</NUMEX> of all common shares outstanding <SIGNAL sid="s39" >by</SIGNAL> the <TIMEX3 tid="t38" type="DATE" temporalFunction="true" functionInDocument="NONE" value="1989-10-31" anchorTimeID="t32" >Tuesday</TIMEX3> deadline.</s> 

   <s><ENAMEX TYPE="ORGANIZATION">Sony Columbia Acquisition Corp.</ENAMEX>, <EVENT eid="e4" class="OCCURRENCE" >formed</EVENT> for the <ENAMEX TYPE="ORGANIZATION">Columbia</ENAMEX> deal, will formally <EVENT eid="e5" class="I_ACTION" >take</EVENT> <EVENT eid="e6" class="STATE" >ownership</EVENT> of the movie studio <SIGNAL sid="s33" >later</SIGNAL> <TIMEX3 mod="AFTER" tid="t34" type="DATE" temporalFunction="true" functionInDocument="NONE" value="1989-11-03" anchorTimeID="t32" >this month</TIMEX3>, a spokesman <EVENT eid="e7" class="REPORTING" >said</EVENT>.</s> 
<s><ENAMEX TYPE="ORGANIZATION">Sony</ENAMEX> is <EVENT eid="e8" class="OCCURRENCE" >paying</EVENT> <NUMEX TYPE="MONEY">$27</NUMEX> a share, or <NUMEX TYPE="MONEY">$3.55 billion</NUMEX>, cash and is <EVENT eid="e10" class="OCCURRENCE" >assuming</EVENT> <NUMEX TYPE="MONEY">$1.4 billion</NUMEX> of long-term debt.</s> 

   <s><SIGNAL sid="s103" >Still</SIGNAL> <EVENT eid="e35" class="STATE" >unresolved</EVENT> is <ENAMEX TYPE="ORGANIZATION">Sony</ENAMEX>'s <EVENT eid="e11" class="I_ACTION" >effort</EVENT> <SIGNAL sid="s12" >to</SIGNAL> <EVENT eid="e13" class="I_ACTION" >hire</EVENT> producers <ENAMEX TYPE="PERSON">Jon Peters</ENAMEX> and <ENAMEX TYPE="PERSON">Peter Guber</ENAMEX> <SIGNAL sid="s14" >to</SIGNAL> <EVENT eid="e15" class="STATE" >run</EVENT> the studio.</s> 
<s><ENAMEX TYPE="ORGANIZATION">Sony</ENAMEX>'s <EVENT eid="e36" class="I_ACTION" >planned</EVENT> <EVENT eid="e16" class="OCCURRENCE" >acquisition</EVENT> of <ENAMEX TYPE="ORGANIZATION">Guber/Peters Entertainment Co.</ENAMEX> for <NUMEX TYPE="MONEY">$200 million</NUMEX> is <EVENT eid="e17" class="I_STATE" >scheduled</EVENT> <SIGNAL sid="s18" >to</SIGNAL> <EVENT eid="e19" class="ASPECTUAL" >close</EVENT> <TIMEX3 tid="t40" type="DATE" temporalFunction="true" functionInDocument="NONE" value="1989-11-06" anchorTimeID="t32" >Monday</TIMEX3>.</s> 
<s><ENAMEX TYPE="ORGANIZATION">Guber/Peters</ENAMEX> has been <EVENT eid="e20" class="STATE" >locked</EVENT> <SIGNAL sid="s162" >in</SIGNAL> <EVENT eid="e21" class="I_ACTION" >litigation</EVENT> with <ENAMEX TYPE="ORGANIZATION">Warner Communications Inc.</ENAMEX> in an <EVENT eid="e22" class="I_ACTION" >attempt</EVENT> <SIGNAL sid="s24" >to</SIGNAL> <EVENT eid="e25" class="OCCURRENCE" >get</EVENT> out of an exclusive production contract with <ENAMEX TYPE="ORGANIZATION">Warner</ENAMEX>.</s> 
<s>Both sides are <SIGNAL sid="s28" >in</SIGNAL> <EVENT eid="e27" class="I_ACTION" >talks</EVENT> <SIGNAL sid="s29" >to</SIGNAL> <EVENT eid="e30" class="ASPECTUAL" >settle</EVENT> the <EVENT eid="e31" class="OCCURRENCE" >dispute</EVENT>.</s> 

</TEXT>

<MAKEINSTANCE aspect="NONE" eiid="ei205" tense="PAST" eventID="e1" />
<MAKEINSTANCE aspect="NONE" eiid="ei206" tense="NONE" eventID="e2" />
<MAKEINSTANCE aspect="PROGRESSIVE" eiid="ei207" tense="NONE" eventID="e3" />
<MAKEINSTANCE aspect="PERFECTIVE" eiid="ei208" tense="NONE" eventID="e4" />
<MAKEINSTANCE aspect="NONE" eiid="ei209" tense="FUTURE" eventID="e5" />
<MAKEINSTANCE aspect="NONE" eiid="ei210" tense="NONE" eventID="e6" />
<MAKEINSTANCE aspect="NONE" eiid="ei211" tense="PAST" eventID="e7" />
<MAKEINSTANCE aspect="PROGRESSIVE" eiid="ei212" tense="PRESENT" eventID="e8" />
<MAKEINSTANCE aspect="PROGRESSIVE" eiid="ei213" tense="PRESENT" eventID="e10" />
<MAKEINSTANCE aspect="NONE" eiid="ei214" tense="NONE" eventID="e35" />
<MAKEINSTANCE aspect="NONE" eiid="ei215" tense="NONE" eventID="e11" />
<MAKEINSTANCE aspect="NONE" eiid="ei216" tense="NONE" eventID="e13" />
<MAKEINSTANCE aspect="NONE" eiid="ei217" tense="NONE" eventID="e15" />
<MAKEINSTANCE aspect="PERFECTIVE" eiid="ei218" tense="NONE" eventID="e36" />
<MAKEINSTANCE aspect="NONE" eiid="ei219" tense="NONE" eventID="e16" />
<MAKEINSTANCE aspect="PERFECTIVE" eiid="ei220" tense="PRESENT" eventID="e17" />
<MAKEINSTANCE aspect="NONE" eiid="ei221" tense="NONE" eventID="e19" />
<MAKEINSTANCE aspect="PERFECTIVE" eiid="ei222" tense="PRESENT" eventID="e20" />
<MAKEINSTANCE aspect="NONE" eiid="ei223" tense="NONE" eventID="e21" />
<MAKEINSTANCE aspect="NONE" eiid="ei224" tense="NONE" eventID="e22" />
<MAKEINSTANCE aspect="NONE" eiid="ei225" tense="NONE" eventID="e25" />
<MAKEINSTANCE aspect="NONE" eiid="ei226" tense="NONE" eventID="e27" />
<MAKEINSTANCE aspect="NONE" eiid="ei227" tense="NONE" eventID="e30" />
<MAKEINSTANCE aspect="NONE" eiid="ei228" tense="NONE" eventID="e31" />
<TLINK relatedToTime="t32" eventInstanceID="ei205" relType="BEFORE" />
<TLINK relatedToEventInstance="ei206" eventInstanceID="ei207" relType="SIMULTANEOUS" />
<TLINK signalID="s39" relatedToTime="t38" eventInstanceID="ei207" relType="BEFORE" />
<TLINK relatedToTime="t32" timeID="t38" relType="BEFORE" />
<TLINK relatedToEventInstance="ei206" eventInstanceID="ei208" relType="BEFORE" />
<TLINK signalID="s33" relatedToTime="t34" eventInstanceID="ei209" relType="SIMULTANEOUS" />
<TLINK relatedToEventInstance="ei209" eventInstanceID="ei212" relType="BEFORE" />
<TLINK relatedToEventInstance="ei209" eventInstanceID="ei213" relType="IS_INCLUDED" />
<TLINK signalID="s33" relatedToTime="t34" timeID="t32" relType="BEFORE" />
<TLINK signalID="s103" relatedToTime="t32" eventInstanceID="ei214" relType="INCLUDES" />
<TLINK relatedToEventInstance="ei215" eventInstanceID="ei214" relType="SIMULTANEOUS" />
<TLINK relatedToTime="t40" eventInstanceID="ei221" relType="IS_INCLUDED" />
<TLINK relatedToTime="t32" timeID="t40" relType="AFTER" />
<TLINK relatedToTime="t32" eventInstanceID="ei222" relType="INCLUDES" />
<TLINK relatedToEventInstance="ei223" signalID="s162" eventInstanceID="ei222" relType="SIMULTANEOUS" />
<TLINK signalID="s28" relatedToTime="t32" eventInstanceID="ei226" relType="INCLUDES" />
<SLINK subordinatedEventInstance="ei209" eventInstanceID="ei211" relType="EVIDENTIAL" />
<SLINK signalID="s12" subordinatedEventInstance="ei216" eventInstanceID="ei215" relType="MODAL" />
<SLINK signalID="s14" subordinatedEventInstance="ei217" eventInstanceID="ei216" relType="MODAL" />
<SLINK subordinatedEventInstance="ei219" eventInstanceID="ei218" relType="MODAL" />
<SLINK signalID="s18" subordinatedEventInstance="ei221" eventInstanceID="ei220" relType="MODAL" />
<SLINK subordinatedEventInstance="ei224" eventInstanceID="ei223" relType="MODAL" />
<SLINK signalID="s24" subordinatedEventInstance="ei225" eventInstanceID="ei224" relType="MODAL" />
<SLINK signalID="s29" subordinatedEventInstance="ei227" eventInstanceID="ei226" relType="FACTIVE" />
<ALINK relatedToEventInstance="ei228" eventInstanceID="ei227" relType="CULMINATES" />
<ALINK relatedToEventInstance="ei206" eventInstanceID="ei205" relType="CULMINATES" />
<ALINK relatedToEventInstance="ei210" eventInstanceID="ei209" relType="INITIATES" />
<ALINK relatedToEventInstance="ei219" eventInstanceID="ei221" relType="CULMINATES" />
</TimeML>
