<?xml version="1.0" ?>
<TimeML xmlns:xsi="http://www.w3.org/2001/XMLSchema-instance" xsi:noNamespaceSchemaLocation="TimeML1.1.xsd" >
<DOCNO> WSJ891026-0134 </DOCNO>
<DD> = 891026 </DD>
<AN> 891026-0134. </AN>
<HL> Dominion Textile Rights Plan </HL>
<DD> <TIMEX3 tid="t23" type="DATE" temporalFunction="false" functionInDocument="CREATION_TIME" value="1989-10-26" >10/26/89</TIMEX3> </DD>
<SO> WALL STREET JOURNAL (J) </SO>
<CO> T.DTX </CO>
<IN> EARNINGS (ERN) </IN>
<DATELINE> MONTREAL  </DATELINE>
<TEXT>
   <s><ENAMEX TYPE="ORGANIZATION">Dominion Textile Inc.</ENAMEX> holders <EVENT eid="e1" class="OCCURRENCE" >adopted</EVENT> a shareholder-rights plan at the annual <EVENT eid="e2" class="OCCURRENCE" >meeting</EVENT>.</s> 

   <s>The so-called poison pill <EVENT eid="e4" class="OCCURRENCE" >took</EVENT> effect <TIMEX3 tid="t24" type="DATE" temporalFunction="true" functionInDocument="NONE" value="1989-08-09" anchorTimeID="t23" >Aug. 9</TIMEX3> <EVENT eid="e25" class="I_STATE" >pending</EVENT> <EVENT eid="e5" class="OCCURRENCE" >ratification</EVENT> by holders.</s> 
<s>Rights attached to the company's common shares were <EVENT eid="e7" class="OCCURRENCE" >issued</EVENT> that are <EVENT eid="e8" class="OCCURRENCE" >triggered</EVENT> <SIGNAL sid="s9" >if</SIGNAL> a hostile bidder <EVENT eid="e10" class="OCCURRENCE" >acquires</EVENT> more than <NUMEX TYPE="PERCENT">20%</NUMEX> of the shares outstanding.</s> 
<s><SIGNAL sid="s26" >Once</SIGNAL> <EVENT eid="e11" class="OCCURRENCE" >triggered</EVENT>, the rights <EVENT eid="e27" class="I_STATE" >allow</EVENT> holders <SIGNAL sid="s12" >to</SIGNAL> <EVENT eid="e13" class="OCCURRENCE" >buy</EVENT> additional shares at <NUMEX TYPE="PERCENT">50%</NUMEX> of the <TIMEX3 tid="t33" type="DATE" temporalFunction="true" functionInDocument="NONE" value="FUTURE_REF" anchorTimeID="t23" >then</TIMEX3> <TIMEX3 tid="t34" type="DATE" temporalFunction="true" functionInDocument="NONE" value="PRESENT_REF" anchorTimeID="t33" >current</TIMEX3> market <EVENT eid="e29" class="STATE" >price</EVENT> or, at the board's discretion, <SIGNAL sid="s15" >to</SIGNAL> <EVENT eid="e16" class="OCCURRENCE" >receive</EVENT> securities or assets.</s> 

   <s>Separately, <ENAMEX TYPE="ORGANIZATION">Dominion Textile</ENAMEX> <EVENT eid="e18" class="REPORTING" >posted</EVENT> net income of <EVENT eid="e35" class="STATE" ><NUMEX TYPE="MONEY">4.7 million Canadian dollars</NUMEX></EVENT> (<NUMEX TYPE="MONEY">$4 million</NUMEX>), or <NUMEX TYPE="MONEY">12 Canadian cents</NUMEX> a share, <SIGNAL sid="s37" >for</SIGNAL> <TIMEX3 tid="t36" type="DURATION" temporalFunction="true" functionInDocument="NONE" value="1989-Q1" anchorTimeID="t23" >the fiscal-first quarter</TIMEX3> <SIGNAL sid="s39" >ended</SIGNAL> <TIMEX3 tid="t38" type="DATE" temporalFunction="true" functionInDocument="NONE" value="1989-09-30" anchorTimeID="t23" >Sept. 30</TIMEX3>.</s> 
<s>The company <EVENT eid="e41" class="OCCURRENCE" >had</EVENT> a net loss of <EVENT eid="e40" class="STATE" >C$<CARDINAL>2.3 million</CARDINAL></EVENT>, or <NUMEX TYPE="MONEY">14 Canadian cents</NUMEX> a share, <TIMEX3 tid="t42" type="DATE" temporalFunction="true" functionInDocument="NONE" value="1988-Q1" anchorTimeID="t36" >a year ago</TIMEX3>.</s> 
<s>Sales were <EVENT eid="e45" class="STATE" >C$<CARDINAL>348.2 million</CARDINAL></EVENT> compared with <EVENT eid="e46" class="STATE" >C$<CARDINAL>307.2</CARDINAL></EVENT> <TIMEX3 tid="t43" temporalFunction="false" type="DURATION" functionInDocument="NONE" value="P1Y" >a year</TIMEX3> <SIGNAL sid="s44" >earlier</SIGNAL>.</s> 

</TEXT>

<MAKEINSTANCE aspect="NONE" eiid="ei159" tense="PAST" eventID="e1" />
<MAKEINSTANCE aspect="NONE" eiid="ei160" tense="NONE" eventID="e2" />
<MAKEINSTANCE aspect="NONE" eiid="ei161" tense="PAST" eventID="e4" />
<MAKEINSTANCE aspect="NONE" eiid="ei162" tense="NONE" eventID="e25" />
<MAKEINSTANCE aspect="NONE" eiid="ei163" tense="NONE" eventID="e5" />
<MAKEINSTANCE aspect="NONE" eiid="ei164" tense="PAST" eventID="e7" />
<MAKEINSTANCE aspect="NONE" eiid="ei165" tense="PRESENT" eventID="e8" />
<MAKEINSTANCE aspect="NONE" eiid="ei166" tense="PRESENT" eventID="e10" />
<MAKEINSTANCE aspect="NONE" eiid="ei167" tense="PAST" eventID="e11" />
<MAKEINSTANCE aspect="NONE" eiid="ei168" tense="PRESENT" eventID="e27" />
<MAKEINSTANCE aspect="NONE" eiid="ei169" tense="NONE" eventID="e13" />
<MAKEINSTANCE aspect="NONE" eiid="ei170" tense="NONE" eventID="e29" />
<MAKEINSTANCE aspect="NONE" eiid="ei171" tense="NONE" eventID="e16" />
<MAKEINSTANCE aspect="NONE" eiid="ei172" tense="PAST" eventID="e18" />
<MAKEINSTANCE aspect="NONE" eiid="ei173" tense="NONE" eventID="e35" />
<MAKEINSTANCE aspect="NONE" eiid="ei174" tense="PAST" eventID="e41" />
<MAKEINSTANCE aspect="NONE" eiid="ei175" tense="NONE" eventID="e40" />
<MAKEINSTANCE aspect="NONE" eiid="ei176" tense="NONE" eventID="e45" />
<MAKEINSTANCE aspect="NONE" eiid="ei177" tense="NONE" eventID="e46" />
<TLINK relatedToEventInstance="ei176" signalID="s44" eventInstanceID="ei177" relType="BEFORE" />
<TLINK relatedToTime="t23" eventInstanceID="ei160" relType="BEFORE" />
<TLINK relatedToEventInstance="ei160" eventInstanceID="ei159" relType="IS_INCLUDED" />
<TLINK relatedToEventInstance="ei159" eventInstanceID="ei161" relType="AFTER" />
<TLINK relatedToTime="t24" eventInstanceID="ei161" relType="IS_INCLUDED" />
<TLINK relatedToTime="t24" eventInstanceID="ei162" relType="AFTER" />
<TLINK relatedToTime="t23" eventInstanceID="ei162" relType="INCLUDES" />
<TLINK relatedToEventInstance="ei163" eventInstanceID="ei162" relType="ENDED_BY" />
<TLINK relatedToEventInstance="ei166" eventInstanceID="ei165" relType="BEGUN_BY" />
<TLINK relatedToEventInstance="ei167" signalID="s26" eventInstanceID="ei168" relType="AFTER" />
<TLINK relatedToEventInstance="ei165" eventInstanceID="ei167" relType="IDENTITY" />
<TLINK relatedToEventInstance="ei170" eventInstanceID="ei169" relType="SIMULTANEOUS" />
<TLINK relatedToTime="t34" eventInstanceID="ei170" relType="IS_INCLUDED" />
<TLINK relatedToTime="t33" timeID="t34" relType="IS_INCLUDED" />
<TLINK signalID="s37" relatedToTime="t36" eventInstanceID="ei173" relType="ENDS" />
<TLINK signalID="s39" relatedToTime="t38" timeID="t36" relType="ENDED_BY" />
<TLINK relatedToTime="t42" eventInstanceID="ei174" relType="IS_INCLUDED" />
<TLINK relatedToEventInstance="ei175" eventInstanceID="ei174" relType="ENDED_BY" />
<TLINK relatedToTime="t42" eventInstanceID="ei175" relType="ENDS" />
<TLINK signalID="s44" relatedToTime="t43" eventInstanceID="ei177" relType="BEGINS" />
<TLINK signalID="s44" relatedToTime="t43" eventInstanceID="ei176" relType="ENDS" />
<SLINK signalID="s12" subordinatedEventInstance="ei169" eventInstanceID="ei168" relType="MODAL" />
<SLINK signalID="s15" subordinatedEventInstance="ei171" eventInstanceID="ei169" relType="MODAL" />
<SLINK subordinatedEventInstance="ei173" eventInstanceID="ei172" relType="EVIDENTIAL" />
</TimeML>
