<?xml version="1.0" ?>
<TimeML xmlns:xsi="http://www.w3.org/2001/XMLSchema-instance" xsi:noNamespaceSchemaLocation="TimeML1.1.xsd" >
<DOCNO> WSJ891102-0086 </DOCNO>
<DD> = 891102 </DD>
<AN> 891102-0086. </AN>
<HL> Financing Business:
@  Rogers Communications Inc. </HL>
<DD> <TIMEX3 tid="t26" type="DATE" temporalFunction="false" functionInDocument="CREATION_TIME" value="1989-11-02" >11/02/89</TIMEX3> </DD>
<SO> WALL STREET JOURNAL (J) </SO>
<CO> RCI.B </CO>
<TEXT>
   <s><ENAMEX TYPE="ORGANIZATION">ROGERS COMMUNICATIONS Inc.</ENAMEX> <EVENT eid="e1" class="REPORTING" >said</EVENT> it <EVENT eid="e2" class="I_STATE" >plans</EVENT> <SIGNAL sid="s3" >to</SIGNAL> <EVENT eid="e4" class="OCCURRENCE" >raise</EVENT> <CARDINAL>175 million</CARDINAL> to <NUMEX TYPE="MONEY">180 million Canadian dollars</NUMEX> (<ENAMEX TYPE="LOCATION">US</ENAMEX><NUMEX TYPE="MONEY">$148.9 million to $153.3 million</NUMEX>) <SIGNAL sid="s46" >through</SIGNAL> a private <EVENT eid="e5" class="OCCURRENCE" >placement</EVENT> of perpetual preferred shares.</s> 
<s>Perpetual preferred shares aren't retractable by the holders, the company <EVENT eid="e7" class="REPORTING" >said</EVENT>.</s> 
<s><ENAMEX TYPE="ORGANIZATION">Rogers</ENAMEX> <EVENT eid="e8" class="REPORTING" >said</EVENT> the shares will be <EVENT eid="e27" class="OCCURRENCE" >convertible</EVENT> into Class B shares, but that the company <EVENT eid="e29" class="STATE" >has</EVENT> the <EVENT eid="e11" class="I_STATE" >option</EVENT> <SIGNAL sid="s12" >to</SIGNAL> <EVENT eid="e13" class="OCCURRENCE" >redeem</EVENT> the shares <SIGNAL sid="s15" >before</SIGNAL> a <EVENT eid="e14" class="OCCURRENCE" >conversion</EVENT> <EVENT eid="e16" class="OCCURRENCE" >takes</EVENT> place.</s> 
<s>A spokesman for the Toronto cable television and telecommunications concern <EVENT eid="e17" class="REPORTING" >said</EVENT> the coupon rate has <SIGNAL sid="s19" >n't</SIGNAL> yet been <EVENT eid="e18" class="OCCURRENCE" >fixed</EVENT>, but will probably be <EVENT eid="e20" class="OCCURRENCE" >set</EVENT> at around <NUMEX TYPE="PERCENT">8%</NUMEX>.</s> 
<s>He <EVENT eid="e21" class="I_ACTION" >declined</EVENT> <SIGNAL sid="s22" >to</SIGNAL> <EVENT eid="e23" class="OCCURRENCE" >discuss</EVENT> other terms of the issue.</s> 
</TEXT>

<MAKEINSTANCE aspect="NONE" eiid="ei128" tense="PAST" eventID="e1" />
<MAKEINSTANCE aspect="NONE" eiid="ei129" tense="PRESENT" eventID="e2" />
<MAKEINSTANCE aspect="NONE" eiid="ei130" tense="NONE" eventID="e4" />
<MAKEINSTANCE aspect="NONE" eiid="ei131" tense="NONE" eventID="e5" />
<MAKEINSTANCE aspect="NONE" eiid="ei132" tense="PAST" eventID="e7" />
<MAKEINSTANCE aspect="NONE" eiid="ei133" tense="PAST" eventID="e8" />
<MAKEINSTANCE aspect="NONE" eiid="ei134" tense="FUTURE" eventID="e27" />
<MAKEINSTANCE aspect="NONE" eiid="ei135" tense="PRESENT" eventID="e29" />
<MAKEINSTANCE aspect="NONE" eiid="ei136" tense="NONE" eventID="e11" />
<MAKEINSTANCE aspect="NONE" eiid="ei137" tense="NONE" eventID="e13" />
<MAKEINSTANCE aspect="NONE" eiid="ei138" tense="NONE" eventID="e14" />
<MAKEINSTANCE aspect="NONE" eiid="ei139" tense="PRESENT" eventID="e16" />
<MAKEINSTANCE aspect="NONE" eiid="ei140" tense="PAST" eventID="e17" />
<MAKEINSTANCE aspect="PERFECTIVE" eiid="ei141" tense="PRESENT" eventID="e18" />
<MAKEINSTANCE aspect="NONE" eiid="ei142" tense="FUTURE" eventID="e20" />
<MAKEINSTANCE aspect="NONE" eiid="ei143" tense="PAST" eventID="e21" />
<MAKEINSTANCE aspect="NONE" eiid="ei144" tense="NONE" eventID="e23" />
<TLINK relatedToTime="t26" eventInstanceID="ei128" relType="BEFORE" />
<TLINK relatedToEventInstance="ei130" eventInstanceID="ei131" relType="SIMULTANEOUS" />
<TLINK relatedToTime="t26" eventInstanceID="ei132" relType="BEFORE" />
<TLINK relatedToEventInstance="ei128" eventInstanceID="ei132" relType="SIMULTANEOUS" />
<TLINK relatedToEventInstance="ei128" eventInstanceID="ei133" relType="SIMULTANEOUS" />
<TLINK relatedToEventInstance="ei136" eventInstanceID="ei135" relType="IDENTITY" />
<TLINK relatedToEventInstance="ei138" signalID="s15" eventInstanceID="ei137" relType="BEFORE" />
<TLINK relatedToEventInstance="ei139" eventInstanceID="ei138" relType="IDENTITY" />
<TLINK relatedToTime="t26" eventInstanceID="ei135" relType="INCLUDES" />
<TLINK relatedToEventInstance="ei128" eventInstanceID="ei140" relType="SIMULTANEOUS" />
<TLINK relatedToEventInstance="ei142" eventInstanceID="ei141" relType="IDENTITY" />
<TLINK relatedToTime="t26" eventInstanceID="ei142" relType="AFTER" />
<TLINK relatedToTime="t26" eventInstanceID="ei143" relType="BEFORE" />
<SLINK signalID="s22" subordinatedEventInstance="ei144" eventInstanceID="ei143" relType="NEG_EVIDENTIAL" />
<SLINK subordinatedEventInstance="ei129" eventInstanceID="ei128" relType="EVIDENTIAL" />
<SLINK signalID="s3" subordinatedEventInstance="ei130" eventInstanceID="ei129" relType="MODAL" />
<SLINK subordinatedEventInstance="ei134" eventInstanceID="ei133" relType="EVIDENTIAL" />
<SLINK subordinatedEventInstance="ei135" eventInstanceID="ei133" relType="EVIDENTIAL" />
<SLINK signalID="s12" subordinatedEventInstance="ei137" eventInstanceID="ei136" relType="MODAL" />
<SLINK subordinatedEventInstance="ei141" eventInstanceID="ei140" relType="EVIDENTIAL" />
<SLINK subordinatedEventInstance="ei142" eventInstanceID="ei140" relType="EVIDENTIAL" />
</TimeML>
