<?xml version="1.0" ?>
<TimeML xmlns:xsi="http://www.w3.org/2001/XMLSchema-instance" xsi:noNamespaceSchemaLocation="TimeML1.1.xsd" >
<DOCNO> WSJ891102-0022 </DOCNO>
<DD> = 891102 </DD>
<AN> 891102-0022. </AN>
<HL> Business Brief -- Meridian National Corp.:
@  McAlpines Acquire 10.2%
@  Of Common for $1 Million </HL>
<DD> <TIMEX3 tid="t21" type="DATE" temporalFunction="false" functionInDocument="CREATION_TIME" value="1989-11-02" >11/02/89</TIMEX3> </DD>
<SO> WALL STREET JOURNAL (J) </SO>
<CO> MRCO </CO>
<IN> TENDER OFFERS, MERGERS, ACQUISITIONS (TNM) </IN>
<TEXT>
   <s><ENAMEX TYPE="ORGANIZATION">Meridian National Corp.</ENAMEX> <EVENT eid="e1" class="REPORTING" >said</EVENT> it <EVENT eid="e2" class="OCCURRENCE" >sold</EVENT> <CARDINAL>750,000</CARDINAL> shares of its common stock to the <ENAMEX TYPE="PERSON">McAlpine</ENAMEX> family interests, for <NUMEX TYPE="MONEY">$1 million</NUMEX>, or <NUMEX TYPE="MONEY">$1.35</NUMEX> a share.</s> 
<s>The <EVENT eid="e4" class="OCCURRENCE" >sale</EVENT> <EVENT eid="e5" class="OCCURRENCE" >represents</EVENT> <NUMEX TYPE="PERCENT">10.2%</NUMEX> of <ENAMEX TYPE="ORGANIZATION">Meridian</ENAMEX>'s shares outstanding.</s> 

   <s>The <ENAMEX TYPE="PERSON">McAlpine</ENAMEX> family, which <EVENT eid="e6" class="OCCURRENCE" >operates</EVENT> a number of multinational companies, including a <ENAMEX TYPE="LOCATION">London</ENAMEX>-based engineering and construction company, also <EVENT eid="e7" class="OCCURRENCE" >lent</EVENT> to <ENAMEX TYPE="ORGANIZATION">Meridian National</ENAMEX> <NUMEX TYPE="MONEY">$500,000</NUMEX>.</s> 
<s>That amount is <EVENT eid="e22" class="STATE" >convertible</EVENT> into shares of <ENAMEX TYPE="ORGANIZATION">Meridian</ENAMEX> common stock at <NUMEX TYPE="MONEY">$2</NUMEX> a share <SIGNAL sid="s9" >during</SIGNAL> its <TIMEX3 tid="t23" type="DURATION" temporalFunction="true" functionInDocument="NONE" value="P1Y" anchorTimeID="t21" >one-year term</TIMEX3>.</s> 
<s>The loan <SIGNAL sid="s11" >may</SIGNAL> be <EVENT eid="e10" class="OCCURRENCE" >extended</EVENT> by the <ENAMEX TYPE="PERSON">McAlpine</ENAMEX> group <SIGNAL sid="s24" >for</SIGNAL> <TIMEX3 tid="t25" type="DURATION" temporalFunction="true" functionInDocument="NONE" value="P1Y" anchorTimeID="t23" >an additional year</TIMEX3> with an <EVENT eid="e12" class="OCCURRENCE" >increase</EVENT> in the <EVENT eid="e27" class="OCCURRENCE" >conversion</EVENT> price to <NUMEX TYPE="MONEY">$2.50</NUMEX> a share.</s> 

   <s>The <EVENT eid="e14" class="OCCURRENCE" >sale</EVENT> of shares to the <ENAMEX TYPE="PERSON">McAlpine</ENAMEX> family along with the recent <EVENT eid="e15" class="OCCURRENCE" >sale</EVENT> of <CARDINAL>750,000</CARDINAL> shares of <ENAMEX TYPE="ORGANIZATION">Meridian</ENAMEX> stock to <ENAMEX TYPE="ORGANIZATION">Haden MacLellan Holding PLC</ENAMEX> of <ENAMEX TYPE="LOCATION">Surrey</ENAMEX>, <ENAMEX TYPE="LOCATION">England</ENAMEX> and a <SIGNAL sid="s103" >recent</SIGNAL> public <EVENT eid="e16" class="OCCURRENCE" >offering</EVENT> have <EVENT eid="e17" class="OCCURRENCE" >increased</EVENT> <ENAMEX TYPE="ORGANIZATION">Meridian</ENAMEX>'s net worth to <NUMEX TYPE="MONEY">$8.5 million</NUMEX>, <EVENT eid="e18" class="REPORTING" >said</EVENT> <ENAMEX TYPE="PERSON">William Feniger, chief executive officer of <ENAMEX TYPE="ORGANIZATION">Toledo</ENAMEX></ENAMEX>, <ENAMEX TYPE="LOCATION">Ohio</ENAMEX>-based <ENAMEX TYPE="ORGANIZATION">Meridian</ENAMEX>.</s> 
</TEXT>

<MAKEINSTANCE aspect="NONE" eiid="ei126" tense="PAST" eventID="e1" />
<MAKEINSTANCE aspect="NONE" eiid="ei127" tense="PAST" eventID="e2" />
<MAKEINSTANCE aspect="NONE" eiid="ei128" tense="NONE" eventID="e4" />
<MAKEINSTANCE aspect="NONE" eiid="ei129" tense="PRESENT" eventID="e5" />
<MAKEINSTANCE aspect="NONE" eiid="ei130" tense="PRESENT" eventID="e6" />
<MAKEINSTANCE aspect="NONE" eiid="ei131" tense="PAST" eventID="e7" />
<MAKEINSTANCE aspect="NONE" eiid="ei132" tense="PRESENT" eventID="e22" />
<MAKEINSTANCE aspect="PERFECTIVE" eiid="ei133" tense="PRESENT" eventID="e10" />
<MAKEINSTANCE aspect="NONE" eiid="ei134" tense="NONE" eventID="e12" />
<MAKEINSTANCE aspect="NONE" eiid="ei135" tense="NONE" eventID="e27" />
<MAKEINSTANCE aspect="NONE" eiid="ei136" tense="NONE" eventID="e14" />
<MAKEINSTANCE aspect="NONE" eiid="ei137" tense="NONE" eventID="e15" />
<MAKEINSTANCE aspect="NONE" eiid="ei138" tense="NONE" eventID="e16" />
<MAKEINSTANCE aspect="PERFECTIVE" eiid="ei139" tense="PRESENT" eventID="e17" />
<MAKEINSTANCE aspect="NONE" eiid="ei140" tense="PAST" eventID="e18" />
<TLINK relatedToEventInstance="ei126" timeID="t21" relType="AFTER" />
<TLINK relatedToTime="t21" eventInstanceID="ei127" relType="BEFORE" />
<TLINK relatedToEventInstance="ei127" eventInstanceID="ei128" relType="IDENTITY" />
<TLINK relatedToEventInstance="ei129" eventInstanceID="ei128" relType="IDENTITY" />
<TLINK relatedToTime="t21" eventInstanceID="ei130" relType="INCLUDES" />
<TLINK relatedToTime="t21" eventInstanceID="ei131" relType="BEFORE" />
<TLINK relatedToEventInstance="ei127" eventInstanceID="ei131" relType="SIMULTANEOUS" />
<TLINK relatedToEventInstance="ei132" eventInstanceID="ei131" relType="IDENTITY" />
<TLINK signalID="s9" relatedToTime="t23" eventInstanceID="ei132" relType="IS_INCLUDED" />
<TLINK relatedToTime="t23" eventInstanceID="ei133" relType="AFTER" />
<TLINK signalID="s24" relatedToTime="t25" eventInstanceID="ei133" relType="SIMULTANEOUS" />
<TLINK relatedToEventInstance="ei133" eventInstanceID="ei134" relType="SIMULTANEOUS" />
<TLINK relatedToEventInstance="ei134" eventInstanceID="ei135" relType="SIMULTANEOUS" />
<TLINK relatedToEventInstance="ei127" eventInstanceID="ei136" relType="IDENTITY" />
<TLINK relatedToEventInstance="ei136" eventInstanceID="ei137" relType="BEFORE" />
<TLINK relatedToTime="t21" eventInstanceID="ei138" relType="BEFORE" />
<TLINK signalID="s103" eventInstanceID="ei138" relType="SIMULTANEOUS" />
<SLINK subordinatedEventInstance="ei139" eventInstanceID="ei140" relType="EVIDENTIAL" />
<SLINK subordinatedEventInstance="ei127" eventInstanceID="ei126" relType="EVIDENTIAL" />
<ALINK relatedToEventInstance="ei139" eventInstanceID="ei136" relType="INITIATES" />
<ALINK relatedToEventInstance="ei139" eventInstanceID="ei137" relType="INITIATES" />
<ALINK relatedToEventInstance="ei139" eventInstanceID="ei138" relType="INITIATES" />
</TimeML>
