<?xml version="1.0" ?>
<TimeML xmlns:xsi="http://www.w3.org/2001/XMLSchema-instance" xsi:noNamespaceSchemaLocation="TimeML1.1.xsd" >
<DOCNO> WSJ891026-0136 </DOCNO>
<DD> = 891026 </DD>
<AN> 891026-0136. </AN>
<HL> Kyle Technology Plans Sale </HL>
<DD> <TIMEX3 tid="t16" type="DATE" temporalFunction="false" functionInDocument="CREATION_TIME" value="1989-10-26" >10/26/89</TIMEX3> </DD>
<SO> WALL STREET JOURNAL (J) </SO>
<CO> KYLE </CO>
<IN> TENDER OFFERS, MERGERS, ACQUISITIONS (TNM) </IN>
<DATELINE> ROISEBURG, Ore.  </DATELINE>
<TEXT>
   <s><ENAMEX TYPE="ORGANIZATION">Kyle Technology Corp.</ENAMEX> <EVENT eid="e1" class="REPORTING" >said</EVENT> a Seattle investor has <EVENT eid="e2" class="OCCURRENCE" >signed</EVENT> a letter of <EVENT eid="e4" class="I_STATE" >intent</EVENT> <SIGNAL sid="s5" >to</SIGNAL> <EVENT eid="e6" class="OCCURRENCE" >buy</EVENT> the company for about <NUMEX TYPE="MONEY">$3.1 million</NUMEX>, or <NUMEX TYPE="MONEY">$1.20</NUMEX> a share.</s> 

   <s>The investor, <ENAMEX TYPE="PERSON">Donald A. Wright</ENAMEX>, <EVENT eid="e7" class="I_STATE" >plans</EVENT> <SIGNAL sid="s8" >to</SIGNAL> <EVENT eid="e9" class="OCCURRENCE" >run</EVENT> the company, <EVENT eid="e10" class="REPORTING" >said</EVENT> a spokesman for <ENAMEX TYPE="ORGANIZATION">Kyle</ENAMEX>.</s> 

   <s>The <EVENT eid="e11" class="OCCURRENCE" >transaction</EVENT> has been <EVENT eid="e12" class="I_ACTION" >approved</EVENT> by <ENAMEX TYPE="ORGANIZATION">Kyle</ENAMEX>'s board, but <EVENT eid="e13" class="I_STATE" >requires</EVENT> the <EVENT eid="e14" class="I_ACTION" >approval</EVENT> of the company's shareholders.</s> 
<s><ENAMEX TYPE="ORGANIZATION">Kyle</ENAMEX> manufactures electronic components.</s> 

</TEXT>

<MAKEINSTANCE aspect="NONE" eiid="ei83" tense="PAST" eventID="e1" />
<MAKEINSTANCE aspect="PERFECTIVE" eiid="ei84" tense="PRESENT" eventID="e2" />
<MAKEINSTANCE aspect="NONE" eiid="ei85" tense="NONE" eventID="e4" />
<MAKEINSTANCE aspect="NONE" eiid="ei86" tense="NONE" eventID="e6" />
<MAKEINSTANCE aspect="NONE" eiid="ei87" tense="PRESENT" eventID="e7" />
<MAKEINSTANCE aspect="NONE" eiid="ei88" tense="NONE" eventID="e9" />
<MAKEINSTANCE aspect="NONE" eiid="ei89" tense="PAST" eventID="e10" />
<MAKEINSTANCE aspect="NONE" eiid="ei90" tense="NONE" eventID="e11" />
<MAKEINSTANCE aspect="PERFECTIVE" eiid="ei91" tense="PRESENT" eventID="e12" />
<MAKEINSTANCE aspect="NONE" eiid="ei92" tense="PRESENT" eventID="e13" />
<MAKEINSTANCE aspect="NONE" eiid="ei93" tense="NONE" eventID="e14" />
<TLINK relatedToTime="t16" eventInstanceID="ei83" relType="BEFORE" />
<TLINK relatedToEventInstance="ei83" eventInstanceID="ei84" relType="BEFORE" />
<TLINK relatedToTime="t16" eventInstanceID="ei87" relType="INCLUDES" />
<TLINK relatedToEventInstance="ei83" eventInstanceID="ei89" relType="IDENTITY" />
<TLINK relatedToEventInstance="ei86" eventInstanceID="ei90" relType="INCLUDES" />
<TLINK relatedToTime="t16" eventInstanceID="ei91" relType="BEFORE" />
<TLINK relatedToTime="t16" eventInstanceID="ei92" relType="INCLUDES" />
<SLINK subordinatedEventInstance="ei90" eventInstanceID="ei93" relType="MODAL" />
<SLINK subordinatedEventInstance="ei84" eventInstanceID="ei83" relType="EVIDENTIAL" />
<SLINK subordinatedEventInstance="ei85" eventInstanceID="ei84" relType="FACTIVE" />
<SLINK signalID="s5" subordinatedEventInstance="ei86" eventInstanceID="ei85" relType="MODAL" />
<SLINK signalID="s8" subordinatedEventInstance="ei88" eventInstanceID="ei87" relType="MODAL" />
<SLINK subordinatedEventInstance="ei87" eventInstanceID="ei89" relType="EVIDENTIAL" />
<SLINK subordinatedEventInstance="ei90" eventInstanceID="ei91" relType="MODAL" />
<SLINK subordinatedEventInstance="ei93" eventInstanceID="ei92" relType="MODAL" />
</TimeML>
