<?xml version="1.0" ?>
<TimeML xmlns:xsi="http://www.w3.org/2001/XMLSchema-instance" xsi:noNamespaceSchemaLocation="TimeML1.1.xsd" >
<DOCNO> WSJ891102-0030 </DOCNO>
<DD> = 891102 </DD>
<AN> 891102-0030. </AN>
<HL> Business Brief -- Hadson Corp.:
@  Company Expects to Report
@  Deficit for Third Quarter </HL>
<DD> <TIMEX3 tid="t27" type="DATE" temporalFunction="false" functionInDocument="CREATION_TIME" value="1989-11-02" >11/02/89</TIMEX3> </DD>
<SO> WALL STREET JOURNAL (J) </SO>
<CO> HAD </CO>
<TEXT>
   <s><ENAMEX TYPE="ORGANIZATION">Hadson Corp.</ENAMEX> <EVENT eid="e1" class="REPORTING" >said</EVENT> it <EVENT eid="e2" class="I_STATE" >expects</EVENT> <SIGNAL sid="s3" >to</SIGNAL> <EVENT eid="e4" class="REPORTING" >report</EVENT> a <TIMEX3 tid="t28" type="TIME" temporalFunction="true" functionInDocument="NONE" value="1989-Q3" anchorTimeID="t27" >third-quarter</TIMEX3> net <EVENT eid="e5" class="OCCURRENCE" >loss</EVENT> of <NUMEX TYPE="MONEY">$17 million to $19 million</NUMEX> because of special reserves and continued low natural-gas prices.</s> 

   <s>The <ENAMEX TYPE="LOCATION">Oklahoma City</ENAMEX> energy and defense concern <EVENT eid="e7" class="REPORTING" >said</EVENT> it will <EVENT eid="e8" class="OCCURRENCE" >record</EVENT> a <NUMEX TYPE="MONEY">$7.5 million</NUMEX> <EVENT eid="e64" class="STATE" >reserve</EVENT> for its defense group, including a <NUMEX TYPE="MONEY">$4.7 million</NUMEX> <EVENT eid="e65" class="OCCURRENCE" >charge</EVENT> related to problems under a fixed-price development contract and <NUMEX TYPE="MONEY">$2.8 million</NUMEX> in overhead <EVENT eid="e66" class="OCCURRENCE" >costs</EVENT> that wo <SIGNAL sid="s13" >n't</SIGNAL> be <EVENT eid="e12" class="OCCURRENCE" >reimbursed</EVENT>.</s> 

   <s>In addition, <ENAMEX TYPE="ORGANIZATION">Hadson</ENAMEX> <EVENT eid="e15" class="REPORTING" >said</EVENT> it will <EVENT eid="e16" class="OCCURRENCE" >write</EVENT> off about <NUMEX TYPE="MONEY">$3.5 million</NUMEX> in costs related to international exploration leases where <EVENT eid="e30" class="OCCURRENCE" >exploration</EVENT> efforts have been <EVENT eid="e29" class="STATE" >unsuccessful</EVENT>.</s> 

   <s>The company also <EVENT eid="e20" class="OCCURRENCE" >cited</EVENT> interest <EVENT eid="e33" class="OCCURRENCE" >costs</EVENT> and <EVENT eid="e21" class="OCCURRENCE" >amortization</EVENT> of goodwill as factors in the <EVENT eid="e23" class="OCCURRENCE" >loss</EVENT>.</s> 

   <s><TIMEX3 tid="t31" type="TIME" temporalFunction="true" functionInDocument="NONE" value="1988-Q3" anchorTimeID="t28" >A year earlier</TIMEX3>, net <EVENT eid="e32" class="STATE" >income</EVENT> was <NUMEX TYPE="MONEY">$2.1 million</NUMEX>, or <NUMEX TYPE="MONEY">six cents</NUMEX> a share, on revenue of <NUMEX TYPE="MONEY">$169.9 million</NUMEX>.</s> 

</TEXT>

<MAKEINSTANCE aspect="NONE" eiid="ei141" tense="PAST" eventID="e1" />
<MAKEINSTANCE aspect="NONE" eiid="ei142" tense="PRESENT" eventID="e2" />
<MAKEINSTANCE aspect="NONE" eiid="ei143" tense="NONE" eventID="e4" />
<MAKEINSTANCE aspect="NONE" eiid="ei144" tense="NONE" eventID="e5" />
<MAKEINSTANCE aspect="NONE" eiid="ei145" tense="PAST" eventID="e7" />
<MAKEINSTANCE aspect="NONE" eiid="ei146" tense="FUTURE" eventID="e8" />
<MAKEINSTANCE aspect="NONE" eiid="ei147" tense="NONE" eventID="e64" />
<MAKEINSTANCE aspect="NONE" eiid="ei148" tense="NONE" eventID="e65" />
<MAKEINSTANCE aspect="NONE" eiid="ei149" tense="NONE" eventID="e66" />
<MAKEINSTANCE aspect="NONE" eiid="ei150" tense="FUTURE" eventID="e12" />
<MAKEINSTANCE aspect="NONE" eiid="ei151" tense="PAST" eventID="e15" />
<MAKEINSTANCE aspect="NONE" eiid="ei152" tense="FUTURE" eventID="e16" />
<MAKEINSTANCE aspect="NONE" eiid="ei153" tense="NONE" eventID="e30" />
<MAKEINSTANCE aspect="NONE" eiid="ei154" tense="NONE" eventID="e29" />
<MAKEINSTANCE aspect="NONE" eiid="ei155" tense="PAST" eventID="e20" />
<MAKEINSTANCE aspect="NONE" eiid="ei156" tense="NONE" eventID="e33" />
<MAKEINSTANCE aspect="NONE" eiid="ei157" tense="NONE" eventID="e21" />
<MAKEINSTANCE aspect="NONE" eiid="ei158" tense="NONE" eventID="e23" />
<MAKEINSTANCE aspect="NONE" eiid="ei159" tense="NONE" eventID="e32" />
<TLINK relatedToTime="t27" eventInstanceID="ei141" relType="BEFORE" />
<TLINK relatedToTime="t28" eventInstanceID="ei144" relType="SIMULTANEOUS" />
<TLINK relatedToEventInstance="ei145" eventInstanceID="ei141" relType="SIMULTANEOUS" />
<TLINK relatedToEventInstance="ei148" eventInstanceID="ei147" relType="INCLUDES" />
<TLINK relatedToEventInstance="ei149" eventInstanceID="ei147" relType="INCLUDES" />
<TLINK relatedToEventInstance="ei150" eventInstanceID="ei149" relType="BEFORE" />
<TLINK relatedToEventInstance="ei141" eventInstanceID="ei151" relType="SIMULTANEOUS" />
<TLINK relatedToEventInstance="ei153" eventInstanceID="ei152" relType="AFTER" />
<TLINK relatedToTime="t27" eventInstanceID="ei152" relType="AFTER" />
<TLINK relatedToEventInstance="ei154" eventInstanceID="ei153" relType="INCLUDES" />
<TLINK relatedToEventInstance="ei141" eventInstanceID="ei155" relType="SIMULTANEOUS" />
<TLINK relatedToEventInstance="ei146" eventInstanceID="ei152" relType="IS_INCLUDED" />
<TLINK relatedToEventInstance="ei144" eventInstanceID="ei158" relType="IDENTITY" />
<TLINK relatedToEventInstance="ei158" eventInstanceID="ei156" relType="IS_INCLUDED" />
<TLINK relatedToEventInstance="ei158" eventInstanceID="ei157" relType="IS_INCLUDED" />
<TLINK relatedToTime="t28" timeID="t31" relType="BEFORE" />
<TLINK relatedToEventInstance="ei159" timeID="t31" relType="SIMULTANEOUS" />
<SLINK subordinatedEventInstance="ei142" eventInstanceID="ei141" relType="EVIDENTIAL" />
<SLINK signalID="s3" subordinatedEventInstance="ei143" eventInstanceID="ei142" relType="MODAL" />
<SLINK subordinatedEventInstance="ei144" eventInstanceID="ei143" relType="EVIDENTIAL" />
<SLINK subordinatedEventInstance="ei146" eventInstanceID="ei145" relType="EVIDENTIAL" />
<SLINK subordinatedEventInstance="ei147" eventInstanceID="ei146" relType="FACTIVE" />
<SLINK subordinatedEventInstance="ei152" eventInstanceID="ei151" relType="EVIDENTIAL" />
<SLINK subordinatedEventInstance="ei156" eventInstanceID="ei155" relType="EVIDENTIAL" />
<SLINK subordinatedEventInstance="ei157" eventInstanceID="ei155" relType="EVIDENTIAL" />
</TimeML>
