<?xml version="1.0"?>
<!DOCTYPE source_file SYSTEM "apf.v5.1.2.dtd">
<source_file URI="keyinline/01_WW2.key.xml" SOURCE="01_wikipedia" TYPE="text">
<document DOCID="01_WW2">
<timex2 ID="01_WW2-T1"  VAL="2009-12-19T17:00:00">
  <timex2_mention ID="01_WW2-T1-1">
    <extent>
      <charseq START="27" END="45">2009-12-19T17:00:00</charseq>
    </extent>
  </timex2_mention>
</timex2>
<timex2 ID="01_WW2-T2"  VAL="1939-09-01">
  <timex2_mention ID="01_WW2-T2-1">
    <extent>
      <charseq START="97" END="113">September 1, 1939</charseq>
    </extent>
  </timex2_mention>
</timex2>
<timex2 ID="01_WW2-T3"  VAL="1939">
  <timex2_mention ID="01_WW2-T3-1">
    <extent>
      <charseq START="157" END="160">1939</charseq>
    </extent>
  </timex2_mention>
</timex2>
<timex2 ID="01_WW2-T4"  VAL="1939-09-17">
  <timex2_mention ID="01_WW2-T4-1">
    <extent>
      <charseq START="389" END="406">September 17, 1939</charseq>
    </extent>
  </timex2_mention>
</timex2>
<timex2 ID="01_WW2-T5"  MOD="START" VAL="1939-10">
  <timex2_mention ID="01_WW2-T5-1">
    <extent>
      <charseq START="502" END="514">early October</charseq>
    </extent>
  </timex2_mention>
</timex2>
<timex2 ID="01_WW2-T6"  COMMENT="EC:EVENT-BASED" VAL="1939-09-17">
  <timex2_mention ID="01_WW2-T6-1">
    <extent>
      <charseq START="722" END="758">the same time as the battle in Poland</charseq>
    </extent>
  </timex2_mention>
</timex2>
<timex2 ID="01_WW2-T7"  MOD="END" VAL="1939-09">
  <timex2_mention ID="01_WW2-T7-1">
    <extent>
      <charseq START="871" END="884">late September</charseq>
    </extent>
  </timex2_mention>
</timex2>
<timex2 ID="01_WW2-T8"  VAL="1939-11">
  <timex2_mention ID="01_WW2-T8-1">
    <extent>
      <charseq START="1182" END="1194">November 1939</charseq>
    </extent>
  </timex2_mention>
</timex2>
<timex2 ID="01_WW2-T9"  VAL="1940-03">
  <timex2_mention ID="01_WW2-T9-1">
    <extent>
      <charseq START="1229" END="1238">March 1940</charseq>
    </extent>
  </timex2_mention>
</timex2>
<timex2 ID="01_WW2-T10"  VAL="1940-06">
  <timex2_mention ID="01_WW2-T10-1">
    <extent>
      <charseq START="1489" END="1497">June 1940</charseq>
    </extent>
  </timex2_mention>
</timex2>
<timex2 ID="01_WW2-T11"  VAL="1940-04">
  <timex2_mention ID="01_WW2-T11-1">
    <extent>
      <charseq START="1784" END="1793">April 1940</charseq>
    </extent>
  </timex2_mention>
</timex2>
<timex2 ID="01_WW2-T12"  VAL="1940-02">
  <timex2_mention ID="01_WW2-T12-1">
    <extent>
      <charseq START="1849" END="1864">February of 1940</charseq>
    </extent>
  </timex2_mention>
</timex2>
<timex2 ID="01_WW2-T13"  VAL="1940-04">
  <timex2_mention ID="01_WW2-T13-1">
    <extent>
      <charseq START="2040" END="2044">April</charseq>
    </extent>
  </timex2_mention>
</timex2>
<timex2 ID="01_WW2-T14"  ANCHOR_DIR="STARTING" ANCHOR_VAL="1940-04" VAL="P2M">
  <timex2_mention ID="01_WW2-T14-1">
    <extent>
      <charseq START="2255" END="2264">two months</charseq>
    </extent>
  </timex2_mention>
</timex2>
<timex2 ID="01_WW2-T15"  VAL="1940-05-10">
  <timex2_mention ID="01_WW2-T15-1">
    <extent>
      <charseq START="2399" END="2410">May 10, 1940</charseq>
    </extent>
  </timex2_mention>
</timex2>
<timex2 ID="01_WW2-T16"  VAL="1940-05-10">
  <timex2_mention ID="01_WW2-T16-1">
    <extent>
      <charseq START="2432" END="2444">that same day</charseq>
    </extent>
  </timex2_mention>
</timex2>
<timex2 ID="01_WW2-T17"  ANCHOR_DIR="STARTING" ANCHOR_VAL="1940-05-10" VAL="PXD">
  <timex2_mention ID="01_WW2-T17-1">
    <extent>
      <charseq START="2581" END="2590">a few days</charseq>
    </extent>
  </timex2_mention>
</timex2>
<timex2 ID="01_WW2-T18"  ANCHOR_DIR="STARTING" ANCHOR_VAL="1940-05-10" VAL="PXW">
  <timex2_mention ID="01_WW2-T18-1">
    <extent>
      <charseq START="2596" END="2600">weeks</charseq>
    </extent>
  </timex2_mention>
</timex2>
<timex2 ID="01_WW2-T19"  MOD="END" VAL="1940-05">
  <timex2_mention ID="01_WW2-T19-1">
    <extent>
      <charseq START="2937" END="2956">the end of the month</charseq>
    </extent>
  </timex2_mention>
</timex2>
<timex2 ID="01_WW2-T20"  VAL="1940-06-10">
  <timex2_mention ID="01_WW2-T20-1">
    <extent>
      <charseq START="2962" END="2968">June 10</charseq>
    </extent>
  </timex2_mention>
</timex2>
<timex2 ID="01_WW2-T21"  VAL="1940-06-22">
  <timex2_mention ID="01_WW2-T21-1">
    <extent>
      <charseq START="3039" END="3055">twelve days later</charseq>
    </extent>
  </timex2_mention>
</timex2>
<timex2 ID="01_WW2-T22"  VAL="1940-07-14">
  <timex2_mention ID="01_WW2-T22-1">
    <extent>
      <charseq START="3195" END="3201">July 14</charseq>
    </extent>
  </timex2_mention>
</timex2>
<timex2 ID="01_WW2-T23"  VAL="1940-09">
  <timex2_mention ID="01_WW2-T23-1">
    <extent>
      <charseq START="3456" END="3464">September</charseq>
    </extent>
  </timex2_mention>
</timex2>
<timex2 ID="01_WW2-T24"  VAL="1940-06">
  <timex2_mention ID="01_WW2-T24-1">
    <extent>
      <charseq START="3736" END="3739">June</charseq>
    </extent>
  </timex2_mention>
</timex2>
<timex2 ID="01_WW2-T25"  VAL="1940-08">
  <timex2_mention ID="01_WW2-T25-1">
    <extent>
      <charseq START="3775" END="3780">August</charseq>
    </extent>
  </timex2_mention>
</timex2>
<timex2 ID="01_WW2-T26"  VAL="1940-09">
  <timex2_mention ID="01_WW2-T26-1">
    <extent>
      <charseq START="3834" END="3847">September 1940</charseq>
    </extent>
  </timex2_mention>
</timex2>
<timex2 ID="01_WW2-T27"  VAL="1940-09">
  <timex2_mention ID="01_WW2-T27-1">
    <extent>
      <charseq START="3891" END="3899">September</charseq>
    </extent>
  </timex2_mention>
</timex2>
<timex2 ID="01_WW2-T28"  VAL="PRESENT_REF">
  <timex2_mention ID="01_WW2-T28-1">
    <extent>
      <charseq START="3954" END="3956">now</charseq>
    </extent>
  </timex2_mention>
</timex2>
<timex2 ID="01_WW2-T29" >
  <timex2_mention ID="01_WW2-T29-1">
    <extent>
      <charseq START="3997" END="4007">this period</charseq>
    </extent>
  </timex2_mention>
</timex2>
<timex2 ID="01_WW2-T30"  VAL="1939-11">
  <timex2_mention ID="01_WW2-T30-1">
    <extent>
      <charseq START="4093" END="4105">November 1939</charseq>
    </extent>
  </timex2_mention>
</timex2>
<timex2 ID="01_WW2-T31"  VAL="1940">
  <timex2_mention ID="01_WW2-T31-1">
    <extent>
      <charseq START="4202" END="4205">1940</charseq>
    </extent>
  </timex2_mention>
</timex2>
<timex2 ID="01_WW2-T32"  VAL="1940-09">
  <timex2_mention ID="01_WW2-T32-1">
    <extent>
      <charseq START="4439" END="4447">September</charseq>
    </extent>
  </timex2_mention>
</timex2>
<timex2 ID="01_WW2-T33"  VAL="1941">
  <timex2_mention ID="01_WW2-T33-1">
    <extent>
      <charseq START="4664" END="4667">1941</charseq>
    </extent>
  </timex2_mention>
</timex2>
<timex2 ID="01_WW2-T34"  MOD="END" VAL="1940-09">
  <timex2_mention ID="01_WW2-T34-1">
    <extent>
      <charseq START="4673" END="4697">the end of September 1940</charseq>
    </extent>
  </timex2_mention>
</timex2>
<timex2 ID="01_WW2-T35" >
  <timex2_mention ID="01_WW2-T35-1">
    <extent>
      <charseq START="4961" END="4969">this time</charseq>
    </extent>
  </timex2_mention>
</timex2>
<timex2 ID="01_WW2-T36"  VAL="1941-10">
  <timex2_mention ID="01_WW2-T36-1">
    <extent>
      <charseq START="5412" END="5423">October 1941</charseq>
    </extent>
  </timex2_mention>
</timex2>
<timex2 ID="01_WW2-T37"  VAL="1940-11">
  <timex2_mention ID="01_WW2-T37-1">
    <extent>
      <charseq START="5506" END="5518">November 1940</charseq>
    </extent>
  </timex2_mention>
</timex2>
<timex2 ID="01_WW2-T38"  VAL="1940-10">
  <timex2_mention ID="01_WW2-T38-1">
    <extent>
      <charseq START="5808" END="5819">October 1940</charseq>
    </extent>
  </timex2_mention>
</timex2>
<timex2 ID="01_WW2-T39"  ANCHOR_DIR="STARTING" ANCHOR_VAL="1940-10-XX" VAL="PXD">
  <timex2_mention ID="01_WW2-T39-1">
    <extent>
      <charseq START="5854" END="5857">days</charseq>
    </extent>
  </timex2_mention>
</timex2>
<timex2 ID="01_WW2-T40"  VAL="1940-12">
  <timex2_mention ID="01_WW2-T40-1">
    <extent>
      <charseq START="5938" END="5950">December 1940</charseq>
    </extent>
  </timex2_mention>
</timex2>
<timex2 ID="01_WW2-T41"  MOD="START" VAL="1941">
  <timex2_mention ID="01_WW2-T41-1">
    <extent>
      <charseq START="6066" END="6075">early 1941</charseq>
    </extent>
  </timex2_mention>
</timex2>
<timex2 ID="01_WW2-T42"  VAL="1941-02">
  <timex2_mention ID="01_WW2-T42-1">
    <extent>
      <charseq START="6521" END="6528">February</charseq>
    </extent>
  </timex2_mention>
</timex2>
<timex2 ID="01_WW2-T43"  MOD="END" VAL="1941-03">
  <timex2_mention ID="01_WW2-T43-1">
    <extent>
      <charseq START="6538" END="6553">the end of March</charseq>
    </extent>
  </timex2_mention>
</timex2>
<timex2 ID="01_WW2-T44"  ANCHOR_DIR="STARTING" ANCHOR_VAL="1941-03" MOD="LESS_THAN" VAL="P1M">
  <timex2_mention ID="01_WW2-T44-1">
    <extent>
      <charseq START="6633" END="6645">under a month</charseq>
    </extent>
  </timex2_mention>
</timex2>
<timex2 ID="01_WW2-T45"  VAL="1941-05">
  <timex2_mention ID="01_WW2-T45-1">
    <extent>
      <charseq START="6801" END="6803">May</charseq>
    </extent>
  </timex2_mention>
</timex2>
<timex2 ID="01_WW2-T46"  VAL="1941-06">
  <timex2_mention ID="01_WW2-T46-1">
    <extent>
      <charseq START="6818" END="6821">June</charseq>
    </extent>
  </timex2_mention>
</timex2>
<timex2 ID="01_WW2-T47"  MOD="START" VAL="1941-04">
  <timex2_mention ID="01_WW2-T47-1">
    <extent>
      <charseq START="6857" END="6867">early April</charseq>
    </extent>
  </timex2_mention>
</timex2>
<timex2 ID="01_WW2-T48"  MOD="END" VAL="1941-05">
  <timex2_mention ID="01_WW2-T48-1">
    <extent>
      <charseq START="7143" END="7156">the end of May</charseq>
    </extent>
  </timex2_mention>
</timex2>
<timex2 ID="01_WW2-T49" >
  <timex2_mention ID="01_WW2-T49-1">
    <extent>
      <charseq START="7201" END="7209">this time</charseq>
    </extent>
  </timex2_mention>
</timex2>
<timex2 ID="01_WW2-T50"  VAL="1941-05-11">
  <timex2_mention ID="01_WW2-T50-1">
    <extent>
      <charseq START="7720" END="7731">May 11, 1941</charseq>
    </extent>
  </timex2_mention>
</timex2>
<timex2 ID="01_WW2-T51"  VAL="1940">
  <timex2_mention ID="01_WW2-T51-1">
    <extent>
      <charseq START="7875" END="7878">1940</charseq>
    </extent>
  </timex2_mention>
</timex2>
<timex2 ID="01_WW2-T52"  VAL="1940-08">
  <timex2_mention ID="01_WW2-T52-1">
    <extent>
      <charseq START="7884" END="7902">August of that year</charseq>
    </extent>
  </timex2_mention>
</timex2>
<timex2 ID="01_WW2-T53"  VAL="1941-01">
  <timex2_mention ID="01_WW2-T53-1">
    <extent>
      <charseq START="8213" END="8224">January 1941</charseq>
    </extent>
  </timex2_mention>
</timex2>
<timex2 ID="01_WW2-T54"  VAL="1941-04">
  <timex2_mention ID="01_WW2-T54-1">
    <extent>
      <charseq START="8625" END="8634">April 1941</charseq>
    </extent>
  </timex2_mention>
</timex2>
<timex2 ID="01_WW2-T55"  VAL="1941-06-22">
  <timex2_mention ID="01_WW2-T55-1">
    <extent>
      <charseq START="8797" END="8809">June 22, 1941</charseq>
    </extent>
  </timex2_mention>
</timex2>
<timex2 ID="01_WW2-T56"  VAL="1941">
  <timex2_mention ID="01_WW2-T56-1">
    <extent>
      <charseq START="9051" END="9054">1941</charseq>
    </extent>
  </timex2_mention>
</timex2>
<timex2 ID="01_WW2-T57"  VAL="1941-SU">
  <timex2_mention ID="01_WW2-T57-1">
    <extent>
      <charseq START="9573" END="9582">the summer</charseq>
    </extent>
  </timex2_mention>
</timex2>
<timex2 ID="01_WW2-T58"  MOD="MID" VAL="1941-08">
  <timex2_mention ID="01_WW2-T58-1">
    <extent>
      <charseq START="9705" END="9724">the middle of August</charseq>
    </extent>
  </timex2_mention>
</timex2>
<timex2 ID="01_WW2-T59"  VAL="1941-07">
  <timex2_mention ID="01_WW2-T59-1">
    <extent>
      <charseq START="10393" END="10396">July</charseq>
    </extent>
  </timex2_mention>
</timex2>
<timex2 ID="01_WW2-T60"  VAL="1941-08">
  <timex2_mention ID="01_WW2-T60-1">
    <extent>
      <charseq START="10565" END="10570">August</charseq>
    </extent>
  </timex2_mention>
</timex2>
<timex2 ID="01_WW2-T61"  VAL="1941-10">
  <timex2_mention ID="01_WW2-T61-1">
    <extent>
      <charseq START="10654" END="10660">October</charseq>
    </extent>
  </timex2_mention>
</timex2>
<timex2 ID="01_WW2-T62"  ANCHOR_DIR="STARTING" ANCHOR_VAL="1941-10" COMMENT="EC:EVENT-BASED" VAL="P2M">
  <timex2_mention ID="01_WW2-T62-1">
    <extent>
      <charseq START="10862" END="10889">two months of fierce battles</charseq>
    </extent>
  </timex2_mention>
</timex2>
<timex2 ID="01_WW2-T63"  MOD="START" VAL="1941-12">
  <timex2_mention ID="01_WW2-T63-1">
    <extent>
      <charseq START="11337" END="11350">early December</charseq>
    </extent>
  </timex2_mention>
</timex2>
<timex2 ID="01_WW2-T64"  VAL="1941-12-05">
  <timex2_mention ID="01_WW2-T64-1">
    <extent>
      <charseq START="11681" END="11690">December 5</charseq>
    </extent>
  </timex2_mention>
</timex2>
<timex2 ID="01_WW2-T65"  VAL="1940">
  <timex2_mention ID="01_WW2-T65-1">
    <extent>
      <charseq START="11850" END="11866">the previous year</charseq>
    </extent>
  </timex2_mention>
</timex2>
<timex2 ID="01_WW2-T66"  VAL="1941-06">
  <timex2_mention ID="01_WW2-T66-1">
    <extent>
      <charseq START="12205" END="12213">June 1941</charseq>
    </extent>
  </timex2_mention>
</timex2>
<timex2 ID="01_WW2-T67"  VAL="1941-12-07">
  <timex2_mention ID="01_WW2-T67-1">
    <extent>
      <charseq START="13253" END="13262">December 7</charseq>
    </extent>
  </timex2_mention>
</timex2>
<timex2 ID="01_WW2-T68"  VAL="1941-12-08">
  <timex2_mention ID="01_WW2-T68-1">
    <extent>
      <charseq START="13265" END="13294">December 8 in Asian time zones</charseq>
    </extent>
  </timex2_mention>
</timex2>
<timex2 ID="01_WW2-T69"  VAL="1941">
  <timex2_mention ID="01_WW2-T69-1">
    <extent>
      <charseq START="13298" END="13301">1941</charseq>
    </extent>
  </timex2_mention>
</timex2>
<timex2 ID="01_WW2-T70"  VAL="1942-01">
  <timex2_mention ID="01_WW2-T70-1">
    <extent>
      <charseq START="13821" END="13827">January</charseq>
    </extent>
  </timex2_mention>
</timex2>
<timex2 ID="01_WW2-T71"  MOD="END" VAL="1942-04">
  <timex2_mention ID="01_WW2-T71-1">
    <extent>
      <charseq START="14183" END="14203">the end of April 1942</charseq>
    </extent>
  </timex2_mention>
</timex2>
<timex2 ID="01_WW2-T72"  VAL="1942-05">
  <timex2_mention ID="01_WW2-T72-1">
    <extent>
      <charseq START="14486" END="14493">May 1942</charseq>
    </extent>
  </timex2_mention>
</timex2>
<timex2 ID="01_WW2-T73"  MOD="START" VAL="1942-01">
  <timex2_mention ID="01_WW2-T73-1">
    <extent>
      <charseq START="14785" END="14802">early January 1942</charseq>
    </extent>
  </timex2_mention>
</timex2>
<timex2 ID="01_WW2-T74"  VAL="1941">
  <timex2_mention ID="01_WW2-T74-1">
    <extent>
      <charseq START="15247" END="15263">the previous year</charseq>
    </extent>
  </timex2_mention>
</timex2>
<timex2 ID="01_WW2-T75"  VAL="1942-01">
  <timex2_mention ID="01_WW2-T75-1">
    <extent>
      <charseq START="15320" END="15326">January</charseq>
    </extent>
  </timex2_mention>
</timex2>
<timex2 ID="01_WW2-T76"  MOD="START" VAL="1942-02">
  <timex2_mention ID="01_WW2-T76-1">
    <extent>
      <charseq START="15389" END="15402">early February</charseq>
    </extent>
  </timex2_mention>
</timex2>
<timex2 ID="01_WW2-T77"  MOD="START" VAL="1942-05">
  <timex2_mention ID="01_WW2-T77-1">
    <extent>
      <charseq START="15525" END="15538">early May 1942</charseq>
    </extent>
  </timex2_mention>
</timex2>
<timex2 ID="01_WW2-T78"  MOD="START" VAL="1942-06">
  <timex2_mention ID="01_WW2-T78-1">
    <extent>
      <charseq START="16024" END="16033">early June</charseq>
    </extent>
  </timex2_mention>
</timex2>
<timex2 ID="01_WW2-T79"  MOD="END" VAL="1942-05">
  <timex2_mention ID="01_WW2-T79-1">
    <extent>
      <charseq START="16130" END="16137">late May</charseq>
    </extent>
  </timex2_mention>
</timex2>
<timex2 ID="01_WW2-T80"  VAL="1942-07">
  <timex2_mention ID="01_WW2-T80-1">
    <extent>
      <charseq START="16718" END="16721">July</charseq>
    </extent>
  </timex2_mention>
</timex2>
<timex2 ID="01_WW2-T81"  MOD="MID" VAL="1942-09">
  <timex2_mention ID="01_WW2-T81-1">
    <extent>
      <charseq START="16731" END="16743">mid-September</charseq>
    </extent>
  </timex2_mention>
</timex2>
<timex2 ID="01_WW2-T82"  MOD="START" VAL="1943">
  <timex2_mention ID="01_WW2-T82-1">
    <extent>
      <charseq START="17129" END="17145">the start of 1943</charseq>
    </extent>
  </timex2_mention>
</timex2>
<timex2 ID="01_WW2-T83"  MOD="END" VAL="1942">
  <timex2_mention ID="01_WW2-T83-1">
    <extent>
      <charseq START="17320" END="17328">late 1942</charseq>
    </extent>
  </timex2_mention>
</timex2>
<timex2 ID="01_WW2-T84"  VAL="1943-05">
  <timex2_mention ID="01_WW2-T84-1">
    <extent>
      <charseq START="17384" END="17391">May 1943</charseq>
    </extent>
  </timex2_mention>
</timex2>
<timex2 ID="01_WW2-T85"  VAL="1943-02">
  <timex2_mention ID="01_WW2-T85-1">
    <extent>
      <charseq START="17474" END="17481">February</charseq>
    </extent>
  </timex2_mention>
</timex2>
<timex2 ID="01_WW2-T86"  MOD="END" VAL="1943-04">
  <timex2_mention ID="01_WW2-T86-1">
    <extent>
      <charseq START="17493" END="17508">the end of April</charseq>
    </extent>
  </timex2_mention>
</timex2>
<timex2 ID="01_WW2-T87"  VAL="1942-SU">
  <timex2_mention ID="01_WW2-T87-1">
    <extent>
      <charseq START="17674" END="17679">summer</charseq>
    </extent>
  </timex2_mention>
</timex2>
<timex2 ID="01_WW2-T88"  VAL="1942-06">
  <timex2_mention ID="01_WW2-T88-1">
    <extent>
      <charseq START="17718" END="17726">June 1942</charseq>
    </extent>
  </timex2_mention>
</timex2>
<timex2 ID="01_WW2-T89"  MOD="MID" VAL="1942-11">
  <timex2_mention ID="01_WW2-T89-1">
    <extent>
      <charseq START="17881" END="17892">mid-November</charseq>
    </extent>
  </timex2_mention>
</timex2>
<timex2 ID="01_WW2-T90"  VAL="XXXX-WI">
  <timex2_mention ID="01_WW2-T90-1">
    <extent>
      <charseq START="17996" END="18001">winter</charseq>
    </extent>
  </timex2_mention>
</timex2>
<timex2 ID="01_WW2-T91"  MOD="START" VAL="1943-02">
  <timex2_mention ID="01_WW2-T91-1">
    <extent>
      <charseq START="18174" END="18192">early February 1943</charseq>
    </extent>
  </timex2_mention>
</timex2>
<timex2 ID="01_WW2-T92"  VAL="1943-SU">
  <timex2_mention ID="01_WW2-T92-1">
    <extent>
      <charseq START="18368" END="18373">summer</charseq>
    </extent>
  </timex2_mention>
</timex2>
<timex2 ID="01_WW2-T93"  MOD="MID" VAL="1943-02">
  <timex2_mention ID="01_WW2-T93-1">
    <extent>
      <charseq START="18389" END="18400">mid-February</charseq>
    </extent>
  </timex2_mention>
</timex2>
<timex2 ID="01_WW2-T94"  VAL="1941-11">
  <timex2_mention ID="01_WW2-T94-1">
    <extent>
      <charseq START="18568" END="18580">November 1941</charseq>
    </extent>
  </timex2_mention>
</timex2>
<timex2 ID="01_WW2-T95"  MOD="START" VAL="1942-05">
  <timex2_mention ID="01_WW2-T95-1">
    <extent>
      <charseq START="18860" END="18873">early May 1942</charseq>
    </extent>
  </timex2_mention>
</timex2>
<timex2 ID="01_WW2-T96"  VAL="1942-08">
  <timex2_mention ID="01_WW2-T96-1">
    <extent>
      <charseq START="19296" END="19306">August 1942</charseq>
    </extent>
  </timex2_mention>
</timex2>
<timex2 ID="01_WW2-T97"  ANCHOR_DIR="AFTER" ANCHOR_VAL="1942-08" VAL="FUTURE_REF">
  <timex2_mention ID="01_WW2-T97-1">
    <extent>
      <charseq START="19465" END="19482">A few months later</charseq>
    </extent>
  </timex2_mention>
</timex2>
<timex2 ID="01_WW2-T98"  VAL="PRESENT_REF">
  <timex2_mention ID="01_WW2-T98-1">
    <extent>
      <charseq START="19996" END="19998">now</charseq>
    </extent>
  </timex2_mention>
</timex2>
<timex2 ID="01_WW2-T99"  VAL="1943-05">
  <timex2_mention ID="01_WW2-T99-1">
    <extent>
      <charseq START="20091" END="20098">May 1943</charseq>
    </extent>
  </timex2_mention>
</timex2>
<timex2 ID="01_WW2-T100"  VAL="1943-05">
  <timex2_mention ID="01_WW2-T100-1">
    <extent>
      <charseq START="20233" END="20240">May 1943</charseq>
    </extent>
  </timex2_mention>
</timex2>
<timex2 ID="01_WW2-T101"  MOD="END" VAL="1944-03">
  <timex2_mention ID="01_WW2-T101-1">
    <extent>
      <charseq START="20501" END="20521">the end of March 1944</charseq>
    </extent>
  </timex2_mention>
</timex2>
<timex2 ID="01_WW2-T102"  VAL="1944-04">
  <timex2_mention ID="01_WW2-T102-1">
    <extent>
      <charseq START="20660" END="20664">April</charseq>
    </extent>
  </timex2_mention>
</timex2>
<timex2 ID="01_WW2-T103"  VAL="1943-SP">
  <timex2_mention ID="01_WW2-T103-1">
    <extent>
      <charseq START="20796" END="20805">the spring</charseq>
    </extent>
  </timex2_mention>
</timex2>
<timex2 ID="01_WW2-T104"  MOD="START" VAL="1943-SU">
  <timex2_mention ID="01_WW2-T104-1">
    <extent>
      <charseq START="20811" END="20830">early summer of 1943</charseq>
    </extent>
  </timex2_mention>
</timex2>
<timex2 ID="01_WW2-T105"  VAL="1943-07-04">
  <timex2_mention ID="01_WW2-T105-1">
    <extent>
      <charseq START="20895" END="20906">July 4, 1943</charseq>
    </extent>
  </timex2_mention>
</timex2>
<timex2 ID="01_WW2-T106"  ANCHOR_DIR="STARTING" ANCHOR_VAL="1943-07-04" VAL="P1W">
  <timex2_mention ID="01_WW2-T106-1">
    <extent>
      <charseq START="20971" END="20976">a week</charseq>
    </extent>
  </timex2_mention>
</timex2>
<timex2 ID="01_WW2-T107"  VAL="1943-07-09">
  <timex2_mention ID="01_WW2-T107-1">
    <extent>
      <charseq START="21300" END="21305">July 9</charseq>
    </extent>
  </timex2_mention>
</timex2>
<timex2 ID="01_WW2-T108"  ANCHOR_DIR="AFTER" ANCHOR_VAL="1943-07-09" VAL="1943-07-XX">
  <timex2_mention ID="01_WW2-T108-1">
    <extent>
      <charseq START="21403" END="21418">later that month</charseq>
    </extent>
  </timex2_mention>
</timex2>
<timex2 ID="01_WW2-T109"  VAL="1943-07-12">
  <timex2_mention ID="01_WW2-T109-1">
    <extent>
      <charseq START="21424" END="21436">July 12, 1943</charseq>
    </extent>
  </timex2_mention>
</timex2>
<timex2 ID="01_WW2-T110"  MOD="START" VAL="1943-09">
  <timex2_mention ID="01_WW2-T110-1">
    <extent>
      <charseq START="21914" END="21933">early September 1943</charseq>
    </extent>
  </timex2_mention>
</timex2>
<timex2 ID="01_WW2-T111"  MOD="MID" VAL="1943-11">
  <timex2_mention ID="01_WW2-T111-1">
    <extent>
      <charseq START="22413" END="22424">mid-November</charseq>
    </extent>
  </timex2_mention>
</timex2>
<timex2 ID="01_WW2-T112"  VAL="1943-05">
  <timex2_mention ID="01_WW2-T112-1">
    <extent>
      <charseq START="22479" END="22486">May 1943</charseq>
    </extent>
  </timex2_mention>
</timex2>
<timex2 ID="01_WW2-T113"  VAL="1943-11">
  <timex2_mention ID="01_WW2-T113-1">
    <extent>
      <charseq START="22660" END="22672">November 1943</charseq>
    </extent>
  </timex2_mention>
</timex2>
<timex2 ID="01_WW2-T114"  VAL="1944">
  <timex2_mention ID="01_WW2-T114-1">
    <extent>
      <charseq START="22950" END="22953">1944</charseq>
    </extent>
  </timex2_mention>
</timex2>
<timex2 ID="01_WW2-T115"  COMMENT="EC:EVENT-BASED" VAL="P3M">
  <timex2_mention ID="01_WW2-T115-1">
    <extent>
      <charseq START="23015" END="23046">three months of Germany's defeat</charseq>
    </extent>
  </timex2_mention>
</timex2>
<timex2 ID="01_WW2-T116"  VAL="1944-01">
  <timex2_mention ID="01_WW2-T116-1">
    <extent>
      <charseq START="23052" END="23063">January 1944</charseq>
    </extent>
  </timex2_mention>
</timex2>
<timex2 ID="01_WW2-T117"  MOD="END" VAL="1944-01">
  <timex2_mention ID="01_WW2-T117-1">
    <extent>
      <charseq START="23205" END="23222">the end of January</charseq>
    </extent>
  </timex2_mention>
</timex2>
<timex2 ID="01_WW2-T118"  MOD="END" VAL="1944-05">
  <timex2_mention ID="01_WW2-T118-1">
    <extent>
      <charseq START="23598" END="23610">late May 1944</charseq>
    </extent>
  </timex2_mention>
</timex2>
<timex2 ID="01_WW2-T119"  VAL="1944-06-04">
  <timex2_mention ID="01_WW2-T119-1">
    <extent>
      <charseq START="23880" END="23885">June 4</charseq>
    </extent>
  </timex2_mention>
</timex2>
<timex2 ID="01_WW2-T120"  VAL="1944-03">
  <timex2_mention ID="01_WW2-T120-1">
    <extent>
      <charseq START="23966" END="23975">March 1944</charseq>
    </extent>
  </timex2_mention>
</timex2>
<timex2 ID="01_WW2-T121"  VAL="1944-05">
  <timex2_mention ID="01_WW2-T121-1">
    <extent>
      <charseq START="24150" END="24157">May 1944</charseq>
    </extent>
  </timex2_mention>
</timex2>
<timex2 ID="01_WW2-T122"  MOD="END" VAL="1943">
  <timex2_mention ID="01_WW2-T122-1">
    <extent>
      <charseq START="24299" END="24307">late 1943</charseq>
    </extent>
  </timex2_mention>
</timex2>
<timex2 ID="01_WW2-T123"  VAL="1944-06">
  <timex2_mention ID="01_WW2-T123-1">
    <extent>
      <charseq START="24509" END="24512">June</charseq>
    </extent>
  </timex2_mention>
</timex2>
<timex2 ID="01_WW2-T124"  VAL="1944-06-06">
  <timex2_mention ID="01_WW2-T124-1">
    <extent>
      <charseq START="24653" END="24664">June 6, 1944</charseq>
    </extent>
  </timex2_mention>
</timex2>
<timex2 ID="01_WW2-T125"  VAL="1944-06-06">
  <timex2_mention ID="01_WW2-T125-1">
    <extent>
      <charseq START="24676" END="24680">D-Day</charseq>
    </extent>
  </timex2_mention>
</timex2>
<timex2 ID="01_WW2-T126"  VAL="1944-08-25">
  <timex2_mention ID="01_WW2-T126-1">
    <extent>
      <charseq START="24976" END="24984">August 25</charseq>
    </extent>
  </timex2_mention>
</timex2>
<timex2 ID="01_WW2-T127"  MOD="END" VAL="1944">
  <timex2_mention ID="01_WW2-T127-1">
    <extent>
      <charseq START="25071" END="25097">the latter part of the year</charseq>
    </extent>
  </timex2_mention>
</timex2>
<timex2 ID="01_WW2-T128"  VAL="1944-06-22">
  <timex2_mention ID="01_WW2-T128-1">
    <extent>
      <charseq START="25329" END="25335">June 22</charseq>
    </extent>
  </timex2_mention>
</timex2>
<timex2 ID="01_WW2-T129"  VAL="1944-09">
  <timex2_mention ID="01_WW2-T129-1">
    <extent>
      <charseq START="26120" END="26133">September 1944</charseq>
    </extent>
  </timex2_mention>
</timex2>
<timex2 ID="01_WW2-T130"  VAL="1944-10-20">
  <timex2_mention ID="01_WW2-T130-1">
    <extent>
      <charseq START="26671" END="26680">October 20</charseq>
    </extent>
  </timex2_mention>
</timex2>
<timex2 ID="01_WW2-T131"  ANCHOR_DIR="AFTER" ANCHOR_VAL="1944-10-20" VAL="FUTURE_REF">
  <timex2_mention ID="01_WW2-T131-1">
    <extent>
      <charseq START="26683" END="26698">A few days later</charseq>
    </extent>
  </timex2_mention>
</timex2>
<timex2 ID="01_WW2-T132"  VAL="1945-02">
  <timex2_mention ID="01_WW2-T132-1">
    <extent>
      <charseq START="26814" END="26826">February 1945</charseq>
    </extent>
  </timex2_mention>
</timex2>
<timex2 ID="01_WW2-T133"  MOD="START" VAL="1944-07">
  <timex2_mention ID="01_WW2-T133-1">
    <extent>
      <charseq START="27145" END="27161">the start of July</charseq>
    </extent>
  </timex2_mention>
</timex2>
<timex2 ID="01_WW2-T134"  MOD="MID" VAL="1944-06">
  <timex2_mention ID="01_WW2-T134-1">
    <extent>
      <charseq START="27421" END="27428">mid-June</charseq>
    </extent>
  </timex2_mention>
</timex2>
<timex2 ID="01_WW2-T135"  MOD="START" VAL="1944-08">
  <timex2_mention ID="01_WW2-T135-1">
    <extent>
      <charseq START="27458" END="27469">early August</charseq>
    </extent>
  </timex2_mention>
</timex2>
<timex2 ID="01_WW2-T136"  MOD="END" VAL="1944-11">
  <timex2_mention ID="01_WW2-T136-1">
    <extent>
      <charseq START="27604" END="27622">the end of November</charseq>
    </extent>
  </timex2_mention>
</timex2>
<timex2 ID="01_WW2-T137"  MOD="MID" VAL="1944-12">
  <timex2_mention ID="01_WW2-T137-1">
    <extent>
      <charseq START="27691" END="27712">the middle of December</charseq>
    </extent>
  </timex2_mention>
</timex2>
<timex2 ID="01_WW2-T138"  MOD="MID" VAL="1944-06">
  <timex2_mention ID="01_WW2-T138-1">
    <extent>
      <charseq START="27798" END="27810">mid-June 1944</charseq>
    </extent>
  </timex2_mention>
</timex2>
<timex2 ID="01_WW2-T139"  ANCHOR_DIR="STARTING" ANCHOR_VAL="1944-06-15" VAL="PXD">
  <timex2_mention ID="01_WW2-T139-1">
    <extent>
      <charseq START="27958" END="27967">a few days</charseq>
    </extent>
  </timex2_mention>
</timex2>
<timex2 ID="01_WW2-T140"  MOD="END" VAL="1944-10">
  <timex2_mention ID="01_WW2-T140-1">
    <extent>
      <charseq START="28161" END="28172">late October</charseq>
    </extent>
  </timex2_mention>
</timex2>
<timex2 ID="01_WW2-T141"  VAL="1944-12-16">
  <timex2_mention ID="01_WW2-T141-1">
    <extent>
      <charseq START="28395" END="28411">December 16, 1944</charseq>
    </extent>
  </timex2_mention>
</timex2>
<timex2 ID="01_WW2-T142"  VAL="1945-01">
  <timex2_mention ID="01_WW2-T142-1">
    <extent>
      <charseq START="28793" END="28799">January</charseq>
    </extent>
  </timex2_mention>
</timex2>
<timex2 ID="01_WW2-T143"  MOD="MID" VAL="1945-01">
  <timex2_mention ID="01_WW2-T143-1">
    <extent>
      <charseq START="28923" END="28938">mid-January 1945</charseq>
    </extent>
  </timex2_mention>
</timex2>
<timex2 ID="01_WW2-T144"  VAL="1945-02-04">
  <timex2_mention ID="01_WW2-T144-1">
    <extent>
      <charseq START="29057" END="29066">February 4</charseq>
    </extent>
  </timex2_mention>
</timex2>
<timex2 ID="01_WW2-T145"  VAL="1945-02">
  <timex2_mention ID="01_WW2-T145-1">
    <extent>
      <charseq START="29231" END="29238">February</charseq>
    </extent>
  </timex2_mention>
</timex2>
<timex2 ID="01_WW2-T146"  VAL="1945-03">
  <timex2_mention ID="01_WW2-T146-1">
    <extent>
      <charseq START="29370" END="29374">March</charseq>
    </extent>
  </timex2_mention>
</timex2>
<timex2 ID="01_WW2-T147"  MOD="START" VAL="1945-04">
  <timex2_mention ID="01_WW2-T147-1">
    <extent>
      <charseq START="29528" END="29538">early April</charseq>
    </extent>
  </timex2_mention>
</timex2>
<timex2 ID="01_WW2-T148"  MOD="END" VAL="1945-04">
  <timex2_mention ID="01_WW2-T148-1">
    <extent>
      <charseq START="29634" END="29643">late April</charseq>
    </extent>
  </timex2_mention>
</timex2>
<timex2 ID="01_WW2-T149"  VAL="1945-04-25">
  <timex2_mention ID="01_WW2-T149-1">
    <extent>
      <charseq START="29717" END="29724">April 25</charseq>
    </extent>
  </timex2_mention>
</timex2>
<timex2 ID="01_WW2-T150" >
  <timex2_mention ID="01_WW2-T150-1">
    <extent>
      <charseq START="29774" END="29784">this period</charseq>
    </extent>
  </timex2_mention>
</timex2>
<timex2 ID="01_WW2-T151"  VAL="1945-04-12">
  <timex2_mention ID="01_WW2-T151-1">
    <extent>
      <charseq START="29790" END="29797">April 12</charseq>
    </extent>
  </timex2_mention>
</timex2>
<timex2 ID="01_WW2-T152"  VAL="1945-04-28">
  <timex2_mention ID="01_WW2-T152-1">
    <extent>
      <charseq START="29917" END="29924">April 28</charseq>
    </extent>
  </timex2_mention>
</timex2>
<timex2 ID="01_WW2-T153"  VAL="1945-04-30">
  <timex2_mention ID="01_WW2-T153-1">
    <extent>
      <charseq START="29927" END="29940">Two days later</charseq>
    </extent>
  </timex2_mention>
</timex2>
<timex2 ID="01_WW2-T154"  VAL="1945-04-19">
  <timex2_mention ID="01_WW2-T154-1">
    <extent>
      <charseq START="30056" END="30063">April 29</charseq>
    </extent>
  </timex2_mention>
</timex2>
<timex2 ID="01_WW2-T155"  VAL="1945-05-07">
  <timex2_mention ID="01_WW2-T155-1">
    <extent>
      <charseq START="30090" END="30094">May 7</charseq>
    </extent>
  </timex2_mention>
</timex2>
<timex2 ID="01_WW2-T156"  VAL="1945-05-08">
  <timex2_mention ID="01_WW2-T156-1">
    <extent>
      <charseq START="30157" END="30161">May 8</charseq>
    </extent>
  </timex2_mention>
</timex2>
<timex2 ID="01_WW2-T157"  VAL="1945-05-11">
  <timex2_mention ID="01_WW2-T157-1">
    <extent>
      <charseq START="30216" END="30221">May 11</charseq>
    </extent>
  </timex2_mention>
</timex2>
<timex2 ID="01_WW2-T158"  MOD="END" VAL="1944">
  <timex2_mention ID="01_WW2-T158-1">
    <extent>
      <charseq START="30368" END="30382">the end of 1944</charseq>
    </extent>
  </timex2_mention>
</timex2>
<timex2 ID="01_WW2-T159"  VAL="1945-01">
  <timex2_mention ID="01_WW2-T159-1">
    <extent>
      <charseq START="30409" END="30420">January 1945</charseq>
    </extent>
  </timex2_mention>
</timex2>
<timex2 ID="01_WW2-T160"  VAL="1945-03">
  <timex2_mention ID="01_WW2-T160-1">
    <extent>
      <charseq START="30443" END="30447">March</charseq>
    </extent>
  </timex2_mention>
</timex2>
<timex2 ID="01_WW2-T161"  VAL="1945-03">
  <timex2_mention ID="01_WW2-T161-1">
    <extent>
      <charseq START="30492" END="30507">later that month</charseq>
    </extent>
  </timex2_mention>
</timex2>
<timex2 ID="01_WW2-T162"  VAL="1944-10">
  <timex2_mention ID="01_WW2-T162-1">
    <extent>
      <charseq START="30582" END="30588">October</charseq>
    </extent>
  </timex2_mention>
</timex2>
<timex2 ID="01_WW2-T163"  VAL="1945-03">
  <timex2_mention ID="01_WW2-T163-1">
    <extent>
      <charseq START="30593" END="30597">March</charseq>
    </extent>
  </timex2_mention>
</timex2>
<timex2 ID="01_WW2-T164"  VAL="1945-05-03">
  <timex2_mention ID="01_WW2-T164-1">
    <extent>
      <charseq START="30641" END="30645">May 3</charseq>
    </extent>
  </timex2_mention>
</timex2>
<timex2 ID="01_WW2-T165"  VAL="1945-03">
  <timex2_mention ID="01_WW2-T165-1">
    <extent>
      <charseq START="30708" END="30712">March</charseq>
    </extent>
  </timex2_mention>
</timex2>
<timex2 ID="01_WW2-T166"  VAL="1945-06">
  <timex2_mention ID="01_WW2-T166-1">
    <extent>
      <charseq START="30730" END="30733">June</charseq>
    </extent>
  </timex2_mention>
</timex2>
<timex2 ID="01_WW2-T167"  VAL="1945-07-11">
  <timex2_mention ID="01_WW2-T167-1">
    <extent>
      <charseq START="30833" END="30839">July 11</charseq>
    </extent>
  </timex2_mention>
</timex2>
<timex2 ID="01_WW2-T168"  MOD="START" VAL="1945-08">
  <timex2_mention ID="01_WW2-T168-1">
    <extent>
      <charseq START="31380" END="31391">early August</charseq>
    </extent>
  </timex2_mention>
</timex2>
<timex2 ID="01_WW2-T169"  VAL="1945-08-15">
  <timex2_mention ID="01_WW2-T169-1">
    <extent>
      <charseq START="31485" END="31499">August 15, 1945</charseq>
    </extent>
  </timex2_mention>
</timex2>
<timex2 ID="01_WW2-T170"  VAL="1945-09-02">
  <timex2_mention ID="01_WW2-T170-1">
    <extent>
      <charseq START="31623" END="31639">September 2, 1945</charseq>
    </extent>
  </timex2_mention>
</timex2>
</document>
</source_file>
