<?xml version="1.0"?>
<!DOCTYPE source_file SYSTEM "apf.v5.1.2.dtd">
<source_file URI="keyinline/02_WW1.key.xml" SOURCE="02_wikipedia" TYPE="text">
<document DOCID="02_WW1">
<timex2 ID="02_WW1-T1"  VAL="2009-12-19T17:00:00">
  <timex2_mention ID="02_WW1-T1-1">
    <extent>
      <charseq START="27" END="45">2009-12-19T17:00:00</charseq>
    </extent>
  </timex2_mention>
</timex2>
<timex2 ID="02_WW1-T2"  MOD="START" VAL="1914">
  <timex2_mention ID="02_WW1-T2-1">
    <extent>
      <charseq START="345" END="357">early in 1914</charseq>
    </extent>
  </timex2_mention>
</timex2>
<timex2 ID="02_WW1-T3"  VAL="1914-09-09">
  <timex2_mention ID="02_WW1-T3-1">
    <extent>
      <charseq START="723" END="738">9 September 1914</charseq>
    </extent>
  </timex2_mention>
</timex2>
<timex2 ID="02_WW1-T4"  VAL="1914-08-07">
  <timex2_mention ID="02_WW1-T4-1">
    <extent>
      <charseq START="1073" END="1080">7 August</charseq>
    </extent>
  </timex2_mention>
</timex2>
<timex2 ID="02_WW1-T5"  VAL="1914-08-10">
  <timex2_mention ID="02_WW1-T5-1">
    <extent>
      <charseq START="1157" END="1165">10 August</charseq>
    </extent>
  </timex2_mention>
</timex2>
<timex2 ID="02_WW1-T6"  ANCHOR_DIR="STARTING" ANCHOR_VAL="1914" COMMENT="EC:EVENT-BASED" VAL="P4Y">
  <timex2_mention ID="02_WW1-T6-1">
    <extent>
      <charseq START="1428" END="1454">the duration of World War I</charseq>
    </extent>
  </timex2_mention>
</timex2>
<timex2 ID="02_WW1-T7"  COMMENT="EC:EVENT-BASED">
  <timex2_mention ID="02_WW1-T7-1">
    <extent>
      <charseq START="1470" END="1525">only two weeks after the armistice took effect in Europe</charseq>
    </extent>
  </timex2_mention>
</timex2>
<timex2 ID="02_WW1-T8"  VAL="1914-08-12">
  <timex2_mention ID="02_WW1-T8-1">
    <extent>
      <charseq START="1642" END="1650">12 August</charseq>
    </extent>
  </timex2_mention>
</timex2>
<timex2 ID="02_WW1-T9"  ANCHOR_DIR="STARTING" ANCHOR_VAL="1914-08-12" VAL="P2W">
  <timex2_mention ID="02_WW1-T9-1">
    <extent>
      <charseq START="1736" END="1753">the next two weeks</charseq>
    </extent>
  </timex2_mention>
</timex2>
<timex2 ID="02_WW1-T10"  VAL="1914-08-14">
  <timex2_mention ID="02_WW1-T10-1">
    <extent>
      <charseq START="2526" END="2534">14 August</charseq>
    </extent>
  </timex2_mention>
</timex2>
<timex2 ID="02_WW1-T11"  VAL="1914-08-24">
  <timex2_mention ID="02_WW1-T11-1">
    <extent>
      <charseq START="2536" END="2544">24 August</charseq>
    </extent>
  </timex2_mention>
</timex2>
<timex2 ID="02_WW1-T12"  VAL="1914-09-12">
  <timex2_mention ID="02_WW1-T12-1">
    <extent>
      <charseq START="2551" END="2562">12 September</charseq>
    </extent>
  </timex2_mention>
</timex2>
<timex2 ID="02_WW1-T13"  VAL="1914-09-05">
  <timex2_mention ID="02_WW1-T13-1">
    <extent>
      <charseq START="2690" END="2700">5 September</charseq>
    </extent>
  </timex2_mention>
</timex2>
<timex2 ID="02_WW1-T14"  VAL="1914-09-12">
  <timex2_mention ID="02_WW1-T14-1">
    <extent>
      <charseq START="2702" END="2713">12 September</charseq>
    </extent>
  </timex2_mention>
</timex2>
<timex2 ID="02_WW1-T15"  ANCHOR_DIR="ENDING" ANCHOR_VAL="1914-09-12" COMMENT="EC:EVENT-BASED" VAL="PXD">
  <timex2_mention ID="02_WW1-T15-1">
    <extent>
      <charseq START="2717" END="2744">The last days of this battle</charseq>
    </extent>
  </timex2_mention>
</timex2>
<timex2 ID="02_WW1-T16"  VAL="1914-08-17">
  <timex2_mention ID="02_WW1-T16-1">
    <extent>
      <charseq START="3049" END="3057">17 August</charseq>
    </extent>
  </timex2_mention>
</timex2>
<timex2 ID="02_WW1-T17"  VAL="1914-09-02">
  <timex2_mention ID="02_WW1-T17-1">
    <extent>
      <charseq START="3059" END="3069">2 September</charseq>
    </extent>
  </timex2_mention>
</timex2>
<timex2 ID="02_WW1-T18"  VAL="1914-08-30">
  <timex2_mention ID="02_WW1-T18-1">
    <extent>
      <charseq START="3688" END="3696">30 August</charseq>
    </extent>
  </timex2_mention>
</timex2>
<timex2 ID="02_WW1-T19"  VAL="1914-09-11">
  <timex2_mention ID="02_WW1-T19-1">
    <extent>
      <charseq START="3702" END="3713">11 September</charseq>
    </extent>
  </timex2_mention>
</timex2>
<timex2 ID="02_WW1-T20"  ANCHOR_DIR="AFTER" ANCHOR_VAL="1914-08-30" VAL="PXM">
  <timex2_mention ID="02_WW1-T20-1">
    <extent>
      <charseq START="4022" END="4033">a few months</charseq>
    </extent>
  </timex2_mention>
</timex2>
<timex2 ID="02_WW1-T21"  VAL="187">
  <timex2_mention ID="02_WW1-T21-1">
    <extent>
      <charseq START="4557" END="4565">the 1870s</charseq>
    </extent>
  </timex2_mention>
</timex2>
<timex2 ID="02_WW1-T22"  VAL="1915-04-22">
  <timex2_mention ID="02_WW1-T22-1">
    <extent>
      <charseq START="5884" END="5896">22 April 1915</charseq>
    </extent>
  </timex2_mention>
</timex2>
<timex2 ID="02_WW1-T23"  COMMENT="EC:EVENT-BASED" VAL="1916-07-01">
  <timex2_mention ID="02_WW1-T23-1">
    <extent>
      <charseq START="6390" END="6421">the bloodiest day in its history</charseq>
    </extent>
  </timex2_mention>
</timex2>
<timex2 ID="02_WW1-T24"  VAL="1916-07-01">
  <timex2_mention ID="02_WW1-T24-1">
    <extent>
      <charseq START="6477" END="6487">1 July 1916</charseq>
    </extent>
  </timex2_mention>
</timex2>
<timex2 ID="02_WW1-T25"  COMMENT="EC:EVENT-BASED" VAL="1916-07-01">
  <timex2_mention ID="02_WW1-T25-1">
    <extent>
      <charseq START="6490" END="6529">the first day of the Battle of the Somme</charseq>
    </extent>
  </timex2_mention>
</timex2>
<timex2 ID="02_WW1-T26"  ANCHOR_DIR="WITHIN" ANCHOR_VAL="1916-07-01" COMMENT="EC:EVENT-BASED" VAL="PT1H">
  <timex2_mention ID="02_WW1-T26-1">
    <extent>
      <charseq START="6567" END="6594">the first hour of the attack</charseq>
    </extent>
  </timex2_mention>
</timex2>
<timex2 ID="02_WW1-T27"  ANCHOR_DIR="STARTING" ANCHOR_VAL="1916" VAL="P2Y">
  <timex2_mention ID="02_WW1-T27-1">
    <extent>
      <charseq START="6729" END="6746">the next two years</charseq>
    </extent>
  </timex2_mention>
</timex2>
<timex2 ID="02_WW1-T28"  VAL="1916">
  <timex2_mention ID="02_WW1-T28-1">
    <extent>
      <charseq START="6802" END="6805">1916</charseq>
    </extent>
  </timex2_mention>
</timex2>
<timex2 ID="02_WW1-T29"  VAL="1915">
  <timex2_mention ID="02_WW1-T29-1">
    <extent>
      <charseq START="7107" END="7110">1915</charseq>
    </extent>
  </timex2_mention>
</timex2>
<timex2 ID="02_WW1-T30"  VAL="1917">
  <timex2_mention ID="02_WW1-T30-1">
    <extent>
      <charseq START="7112" END="7113">17</charseq>
    </extent>
  </timex2_mention>
</timex2>
<timex2 ID="02_WW1-T31"  VAL="1917">
  <timex2_mention ID="02_WW1-T31-1">
    <extent>
      <charseq START="7754" END="7757">1917</charseq>
    </extent>
  </timex2_mention>
</timex2>
<timex2 ID="02_WW1-T32"  VAL="1917-08-25">
  <timex2_mention ID="02_WW1-T32-1">
    <extent>
      <charseq START="7761" END="7778">The 25th of August</charseq>
    </extent>
  </timex2_mention>
</timex2>
<timex2 ID="02_WW1-T33"  VAL="1917-08">
  <timex2_mention ID="02_WW1-T33-1">
    <extent>
      <charseq START="7870" END="7875">August</charseq>
    </extent>
  </timex2_mention>
</timex2>
<timex2 ID="02_WW1-T34"  VAL="1917-09-20">
  <timex2_mention ID="02_WW1-T34-1">
    <extent>
      <charseq START="8616" END="8631">the 20 September</charseq>
    </extent>
  </timex2_mention>
</timex2>
<timex2 ID="02_WW1-T35"  VAL="1917-09-20">
  <timex2_mention ID="02_WW1-T35-1">
    <extent>
      <charseq START="8662" END="8669">the 20th</charseq>
    </extent>
  </timex2_mention>
</timex2>
<timex2 ID="02_WW1-T36"  COMMENT="EC:EVENT-BASED" VAL="1917-09-20TXX">
  <timex2_mention ID="02_WW1-T36-1">
    <extent>
      <charseq START="9024" END="9053">the actual time of the assault</charseq>
    </extent>
  </timex2_mention>
</timex2>
<timex2 ID="02_WW1-T37" >
  <timex2_mention ID="02_WW1-T37-1">
    <extent>
      <charseq START="9159" END="9170">any one time</charseq>
    </extent>
  </timex2_mention>
</timex2>
<timex2 ID="02_WW1-T38"  VAL="P1M">
  <timex2_mention ID="02_WW1-T38-1">
    <extent>
      <charseq START="9277" END="9286">month-long</charseq>
    </extent>
  </timex2_mention>
</timex2>
<timex2 ID="02_WW1-T39"  MOD="APPROX" VAL="P1W">
  <timex2_mention ID="02_WW1-T39-1">
    <extent>
      <charseq START="9451" END="9462">about a week</charseq>
    </extent>
  </timex2_mention>
</timex2>
<timex2 ID="02_WW1-T40"  VAL="P1W">
  <timex2_mention ID="02_WW1-T40-1">
    <extent>
      <charseq START="9550" END="9555">a week</charseq>
    </extent>
  </timex2_mention>
</timex2>
<timex2 ID="02_WW1-T41"  VAL="1917">
  <timex2_mention ID="02_WW1-T41-1">
    <extent>
      <charseq START="9617" END="9620">1917</charseq>
    </extent>
  </timex2_mention>
</timex2>
<timex2 ID="02_WW1-T42"  VAL="1914-12">
  <timex2_mention ID="02_WW1-T42-1">
    <extent>
      <charseq START="10892" END="10904">December 1914</charseq>
    </extent>
  </timex2_mention>
</timex2>
<timex2 ID="02_WW1-T43"  ANCHOR_DIR="ENDING" ANCHOR_VAL="1914" VAL="P2CE">
  <timex2_mention ID="02_WW1-T43-1">
    <extent>
      <charseq START="11316" END="11337">the past two centuries</charseq>
    </extent>
  </timex2_mention>
</timex2>
<timex2 ID="02_WW1-T44"  VAL="1916">
  <timex2_mention ID="02_WW1-T44-1">
    <extent>
      <charseq START="11602" END="11605">1916</charseq>
    </extent>
  </timex2_mention>
</timex2>
<timex2 ID="02_WW1-T45"  VAL="1916-05-31">
  <timex2_mention ID="02_WW1-T45-1">
    <extent>
      <charseq START="11809" END="11814">31 May</charseq>
    </extent>
  </timex2_mention>
</timex2>
<timex2 ID="02_WW1-T46"  VAL="1916-06-01">
  <timex2_mention ID="02_WW1-T46-1">
    <extent>
      <charseq START="11816" END="11826">1 June 1916</charseq>
    </extent>
  </timex2_mention>
</timex2>
<timex2 ID="02_WW1-T47"  ANCHOR_DIR="STARTING" ANCHOR_VAL="1916-06-01" COMMENT="EC:EVENT-BASED" VAL="P2Y">
  <timex2_mention ID="02_WW1-T47-1">
    <extent>
      <charseq START="12347" END="12369">the duration of the war</charseq>
    </extent>
  </timex2_mention>
</timex2>
<timex2 ID="02_WW1-T48"  VAL="1915">
  <timex2_mention ID="02_WW1-T48-1">
    <extent>
      <charseq START="12750" END="12753">1915</charseq>
    </extent>
  </timex2_mention>
</timex2>
<timex2 ID="02_WW1-T49"  MOD="START" VAL="1917">
  <timex2_mention ID="02_WW1-T49-1">
    <extent>
      <charseq START="13022" END="13031">early 1917</charseq>
    </extent>
  </timex2_mention>
</timex2>
<timex2 ID="02_WW1-T50"  VAL="1917">
  <timex2_mention ID="02_WW1-T50-1">
    <extent>
      <charseq START="13365" END="13368">1917</charseq>
    </extent>
  </timex2_mention>
</timex2>
<timex2 ID="02_WW1-T51"  VAL="1918-07">
  <timex2_mention ID="02_WW1-T51-1">
    <extent>
      <charseq START="14189" END="14197">July 1918</charseq>
    </extent>
  </timex2_mention>
</timex2>
<timex2 ID="02_WW1-T52"  MOD="END" VAL="1914">
  <timex2_mention ID="02_WW1-T52-1">
    <extent>
      <charseq START="14575" END="14589">the end of 1914</charseq>
    </extent>
  </timex2_mention>
</timex2>
<timex2 ID="02_WW1-T53"  ANCHOR_DIR="STARTING" ANCHOR_VAL="1915" VAL="P10M">
  <timex2_mention ID="02_WW1-T53-1">
    <extent>
      <charseq START="14596" END="14623">the first ten months of 1915</charseq>
    </extent>
  </timex2_mention>
</timex2>
<timex2 ID="02_WW1-T54"  VAL="1915">
  <timex2_mention ID="02_WW1-T54-1">
    <extent>
      <charseq START="14620" END="14623">1915</charseq>
    </extent>
  </timex2_mention>
</timex2>
<timex2 ID="02_WW1-T55"  ANCHOR_DIR="STARTING" ANCHOR_VAL="1915-10" MOD="MORE_THAN" VAL="P1M">
  <timex2_mention ID="02_WW1-T55-1">
    <extent>
      <charseq START="15023" END="15048">a little more than a month</charseq>
    </extent>
  </timex2_mention>
</timex2>
<timex2 ID="02_WW1-T56"  VAL="1915-10">
  <timex2_mention ID="02_WW1-T56-1">
    <extent>
      <charseq START="15071" END="15077">October</charseq>
    </extent>
  </timex2_mention>
</timex2>
<timex2 ID="02_WW1-T57"  COMMENT="EC:EVENT-BASED" VAL="1915-XX-XX">
  <timex2_mention ID="02_WW1-T57-1">
    <extent>
      <charseq START="15142" END="15156">four days later</charseq>
    </extent>
  </timex2_mention>
</timex2>
<timex2 ID="02_WW1-T58"  ANCHOR_DIR="AS_OF" ANCHOR_VAL="2009-12-19" VAL="PRESENT_REF">
  <timex2_mention ID="02_WW1-T58-1">
    <extent>
      <charseq START="15387" END="15396">modern day</charseq>
    </extent>
  </timex2_mention>
</timex2>
<timex2 ID="02_WW1-T59"  VAL="1916-01-06">
  <timex2_mention ID="02_WW1-T59-1">
    <extent>
      <charseq START="15526" END="15526">6</charseq>
    </extent>
  </timex2_mention>
</timex2>
<timex2 ID="02_WW1-T60"  VAL="1916-01-07">
  <timex2_mention ID="02_WW1-T60-1">
    <extent>
      <charseq START="15528" END="15541">7 January 1916</charseq>
    </extent>
  </timex2_mention>
</timex2>
<timex2 ID="02_WW1-T61"  MOD="END" VAL="1915">
  <timex2_mention ID="02_WW1-T61-1">
    <extent>
      <charseq START="15652" END="15660">late 1915</charseq>
    </extent>
  </timex2_mention>
</timex2>
<timex2 ID="02_WW1-T62"  VAL="1917">
  <timex2_mention ID="02_WW1-T62-1">
    <extent>
      <charseq START="16286" END="16289">1917</charseq>
    </extent>
  </timex2_mention>
</timex2>
<timex2 ID="02_WW1-T63" >
  <timex2_mention ID="02_WW1-T63-1">
    <extent>
      <charseq START="16349" END="16360">a short time</charseq>
    </extent>
  </timex2_mention>
</timex2>
<timex2 ID="02_WW1-T64"  MOD="END" VAL="1917-03">
  <timex2_mention ID="02_WW1-T64-1">
    <extent>
      <charseq START="16508" END="16528">the end of March 1917</charseq>
    </extent>
  </timex2_mention>
</timex2>
<timex2 ID="02_WW1-T65"  VAL="1916-11-19">
  <timex2_mention ID="02_WW1-T65-1">
    <extent>
      <charseq START="16650" END="16665">19 November 1916</charseq>
    </extent>
  </timex2_mention>
</timex2>
<timex2 ID="02_WW1-T66"  ANCHOR_DIR="AFTER" ANCHOR_VAL="1916-11-19" VAL="XXXX-XX-XX">
  <timex2_mention ID="02_WW1-T66-1">
    <extent>
      <charseq START="16900" END="16909">days later</charseq>
    </extent>
  </timex2_mention>
</timex2>
<timex2 ID="02_WW1-T67"  VAL="1918-09-29">
  <timex2_mention ID="02_WW1-T67-1">
    <extent>
      <charseq START="17040" END="17056">29 September 1918</charseq>
    </extent>
  </timex2_mention>
</timex2>
<timex2 ID="02_WW1-T68"  VAL="1914-08">
  <timex2_mention ID="02_WW1-T68-1">
    <extent>
      <charseq START="17190" END="17200">August 1914</charseq>
    </extent>
  </timex2_mention>
</timex2>
<timex2 ID="02_WW1-T69"  VAL="1915">
  <timex2_mention ID="02_WW1-T69-1">
    <extent>
      <charseq START="17374" END="17377">1915</charseq>
    </extent>
  </timex2_mention>
</timex2>
<timex2 ID="02_WW1-T70"  VAL="1915">
  <timex2_mention ID="02_WW1-T70-1">
    <extent>
      <charseq START="17587" END="17590">1915</charseq>
    </extent>
  </timex2_mention>
</timex2>
<timex2 ID="02_WW1-T71"  VAL="1916">
  <timex2_mention ID="02_WW1-T71-1">
    <extent>
      <charseq START="17592" END="17593">16</charseq>
    </extent>
  </timex2_mention>
</timex2>
<timex2 ID="02_WW1-T72"  VAL="1917-03">
  <timex2_mention ID="02_WW1-T72-1">
    <extent>
      <charseq START="17657" END="17666">March 1917</charseq>
    </extent>
  </timex2_mention>
</timex2>
<timex2 ID="02_WW1-T73"  VAL="1917-12">
  <timex2_mention ID="02_WW1-T73-1">
    <extent>
      <charseq START="17797" END="17809">December 1917</charseq>
    </extent>
  </timex2_mention>
</timex2>
<timex2 ID="02_WW1-T74"  VAL="1918-09">
  <timex2_mention ID="02_WW1-T74-1">
    <extent>
      <charseq START="17935" END="17948">September 1918</charseq>
    </extent>
  </timex2_mention>
</timex2>
<timex2 ID="02_WW1-T75"  VAL="1914-12">
  <timex2_mention ID="02_WW1-T75-1">
    <extent>
      <charseq START="18227" END="18239">December 1914</charseq>
    </extent>
  </timex2_mention>
</timex2>
<timex2 ID="02_WW1-T76"  VAL="1915-WI">
  <timex2_mention ID="02_WW1-T76-1">
    <extent>
      <charseq START="18333" END="18338">winter</charseq>
    </extent>
  </timex2_mention>
</timex2>
<timex2 ID="02_WW1-T77"  VAL="1915">
  <timex2_mention ID="02_WW1-T77-1">
    <extent>
      <charseq START="18422" END="18425">1915</charseq>
    </extent>
  </timex2_mention>
</timex2>
<timex2 ID="02_WW1-T78"  VAL="1916">
  <timex2_mention ID="02_WW1-T78-1">
    <extent>
      <charseq START="18430" END="18433">1916</charseq>
    </extent>
  </timex2_mention>
</timex2>
<timex2 ID="02_WW1-T79"  VAL="1917">
  <timex2_mention ID="02_WW1-T79-1">
    <extent>
      <charseq START="18538" END="18541">1917</charseq>
    </extent>
  </timex2_mention>
</timex2>
<timex2 ID="02_WW1-T80"  VAL="1917">
  <timex2_mention ID="02_WW1-T80-1">
    <extent>
      <charseq START="18755" END="18758">1917</charseq>
    </extent>
  </timex2_mention>
</timex2>
<timex2 ID="02_WW1-T81"  VAL="1917-03">
  <timex2_mention ID="02_WW1-T81-1">
    <extent>
      <charseq START="18773" END="18782">March 1917</charseq>
    </extent>
  </timex2_mention>
</timex2>
<timex2 ID="02_WW1-T82"  VAL="1917-02">
  <timex2_mention ID="02_WW1-T82-1">
    <extent>
      <charseq START="18786" END="18793">February</charseq>
    </extent>
  </timex2_mention>
</timex2>
<timex2 ID="02_WW1-T83"  VAL="1917-02">
  <timex2_mention ID="02_WW1-T83-1">
    <extent>
      <charseq START="18870" END="18877">February</charseq>
    </extent>
  </timex2_mention>
</timex2>
<timex2 ID="02_WW1-T84"  VAL="1916-06">
  <timex2_mention ID="02_WW1-T84-1">
    <extent>
      <charseq START="19691" END="19699">June 1916</charseq>
    </extent>
  </timex2_mention>
</timex2>
<timex2 ID="02_WW1-T85"  ANCHOR_DIR="AFTER" ANCHOR_VAL="1916-06" MOD="MORE_THAN" VAL="P2.5Y">
  <timex2_mention ID="02_WW1-T85-1">
    <extent>
      <charseq START="19828" END="19850">over two and half years</charseq>
    </extent>
  </timex2_mention>
</timex2>
<timex2 ID="02_WW1-T86"  MOD="MID" VAL="1916">
  <timex2_mention ID="02_WW1-T86-1">
    <extent>
      <charseq START="20206" END="20213">mid-1916</charseq>
    </extent>
  </timex2_mention>
</timex2>
<timex2 ID="02_WW1-T87"  VAL="1882">
  <timex2_mention ID="02_WW1-T87-1">
    <extent>
      <charseq START="20313" END="20316">1882</charseq>
    </extent>
  </timex2_mention>
</timex2>
<timex2 ID="02_WW1-T88"  VAL="1902">
  <timex2_mention ID="02_WW1-T88-1">
    <extent>
      <charseq START="20464" END="20467">1902</charseq>
    </extent>
  </timex2_mention>
</timex2>
<timex2 ID="02_WW1-T89"  VAL="1915-04">
  <timex2_mention ID="02_WW1-T89-1">
    <extent>
      <charseq START="21085" END="21094">April 1915</charseq>
    </extent>
  </timex2_mention>
</timex2>
<timex2 ID="02_WW1-T90"  VAL="1915-05-23">
  <timex2_mention ID="02_WW1-T90-1">
    <extent>
      <charseq START="21168" END="21173">May 23</charseq>
    </extent>
  </timex2_mention>
</timex2>
<timex2 ID="02_WW1-T91"  VAL="1916-08">
  <timex2_mention ID="02_WW1-T91-1">
    <extent>
      <charseq START="21176" END="21195">Fifteen months later</charseq>
    </extent>
  </timex2_mention>
</timex2>
<timex2 ID="02_WW1-T92"  VAL="1915-SU">
  <timex2_mention ID="02_WW1-T92-1">
    <extent>
      <charseq START="22095" END="22104">the summer</charseq>
    </extent>
  </timex2_mention>
</timex2>
<timex2 ID="02_WW1-T93"  VAL="1916-SP">
  <timex2_mention ID="02_WW1-T93-1">
    <extent>
      <charseq START="22203" END="22220">the spring of 1916</charseq>
    </extent>
  </timex2_mention>
</timex2>
<timex2 ID="02_WW1-T94"  VAL="1915">
  <timex2_mention ID="02_WW1-T94-1">
    <extent>
      <charseq START="22281" END="22284">1915</charseq>
    </extent>
  </timex2_mention>
</timex2>
<timex2 ID="02_WW1-T95"  VAL="1916-SU">
  <timex2_mention ID="02_WW1-T95-1">
    <extent>
      <charseq START="22500" END="22517">the summer of 1916</charseq>
    </extent>
  </timex2_mention>
</timex2>
<timex2 ID="02_WW1-T96"  ANCHOR_DIR="STARTING" ANCHOR_VAL="1916-SU" MOD="MORE_THAN" VAL="P1Y">
  <timex2_mention ID="02_WW1-T96-1">
    <extent>
      <charseq START="22619" END="22629">over a year</charseq>
    </extent>
  </timex2_mention>
</timex2>
<timex2 ID="02_WW1-T97"  VAL="1917-FA">
  <timex2_mention ID="02_WW1-T97-1">
    <extent>
      <charseq START="22671" END="22688">the autumn of 1917</charseq>
    </extent>
  </timex2_mention>
</timex2>
<timex2 ID="02_WW1-T98"  VAL="1917-10-26">
  <timex2_mention ID="02_WW1-T98-1">
    <extent>
      <charseq START="22926" END="22940">26 October 1917</charseq>
    </extent>
  </timex2_mention>
</timex2>
<timex2 ID="02_WW1-T99"  VAL="1899">
  <timex2_mention ID="02_WW1-T99-1">
    <extent>
      <charseq START="23258" END="23260">'99</charseq>
    </extent>
  </timex2_mention>
</timex2>
<timex2 ID="02_WW1-T100"  VAL="1899">
  <timex2_mention ID="02_WW1-T100-1">
    <extent>
      <charseq START="23280" END="23282">'99</charseq>
    </extent>
  </timex2_mention>
</timex2>
<timex2 ID="02_WW1-T101"  ANCHOR_DIR="STARTING" ANCHOR_VAL="1899" VAL="P18Y">
  <timex2_mention ID="02_WW1-T101-1">
    <extent>
      <charseq START="23314" END="23325">18 years old</charseq>
    </extent>
  </timex2_mention>
</timex2>
<timex2 ID="02_WW1-T102"  VAL="1918">
  <timex2_mention ID="02_WW1-T102-1">
    <extent>
      <charseq START="23331" END="23334">1918</charseq>
    </extent>
  </timex2_mention>
</timex2>
<timex2 ID="02_WW1-T103"  VAL="1918-10">
  <timex2_mention ID="02_WW1-T103-1">
    <extent>
      <charseq START="23500" END="23519">October of that year</charseq>
    </extent>
  </timex2_mention>
</timex2>
<timex2 ID="02_WW1-T104"  MOD="START" VAL="1918-11">
  <timex2_mention ID="02_WW1-T104-1">
    <extent>
      <charseq START="23553" END="23571">early November 1918</charseq>
    </extent>
  </timex2_mention>
</timex2>
<timex2 ID="02_WW1-T105"  VAL="1882">
  <timex2_mention ID="02_WW1-T105-1">
    <extent>
      <charseq START="23653" END="23656">1882</charseq>
    </extent>
  </timex2_mention>
</timex2>
<timex2 ID="02_WW1-T106"  VAL="1916-08-27">
  <timex2_mention ID="02_WW1-T106-1">
    <extent>
      <charseq START="24060" END="24073">27 August 1916</charseq>
    </extent>
  </timex2_mention>
</timex2>
<timex2 ID="02_WW1-T107"  VAL="1916-12-06">
  <timex2_mention ID="02_WW1-T107-1">
    <extent>
      <charseq START="24412" END="24426">6 December 1916</charseq>
    </extent>
  </timex2_mention>
</timex2>
<timex2 ID="02_WW1-T108"  VAL="1917">
  <timex2_mention ID="02_WW1-T108-1">
    <extent>
      <charseq START="24462" END="24465">1917</charseq>
    </extent>
  </timex2_mention>
</timex2>
<timex2 ID="02_WW1-T109"  VAL="1917-12-09">
  <timex2_mention ID="02_WW1-T109-1">
    <extent>
      <charseq START="24539" END="24553">9 December 1917</charseq>
    </extent>
  </timex2_mention>
</timex2>
<timex2 ID="02_WW1-T110"  VAL="1918-01">
  <timex2_mention ID="02_WW1-T110-1">
    <extent>
      <charseq START="24559" END="24571">January, 1918</charseq>
    </extent>
  </timex2_mention>
</timex2>
<timex2 ID="02_WW1-T111"  VAL="1918-03-05">
  <timex2_mention ID="02_WW1-T111-1">
    <extent>
      <charseq START="24814" END="24820">March 5</charseq>
    </extent>
  </timex2_mention>
</timex2>
<timex2 ID="02_WW1-T112"  VAL="1918-03-09">
  <timex2_mention ID="02_WW1-T112-1">
    <extent>
      <charseq START="24822" END="24828">9, 1918</charseq>
    </extent>
  </timex2_mention>
</timex2>
<timex2 ID="02_WW1-T113"  MOD="EQUAL_OR_LESS" VAL="P2M">
  <timex2_mention ID="02_WW1-T113-1">
    <extent>
      <charseq START="24890" END="24899">two months</charseq>
    </extent>
  </timex2_mention>
</timex2>
<timex2 ID="02_WW1-T114"  VAL="1918-03-27">
  <timex2_mention ID="02_WW1-T114-1">
    <extent>
      <charseq START="24905" END="24918">March 27, 1918</charseq>
    </extent>
  </timex2_mention>
</timex2>
<timex2 ID="02_WW1-T115"  VAL="1918-05-07">
  <timex2_mention ID="02_WW1-T115-1">
    <extent>
      <charseq START="25165" END="25174">7 May 1918</charseq>
    </extent>
  </timex2_mention>
</timex2>
<timex2 ID="02_WW1-T116"  VAL="1918-10">
  <timex2_mention ID="02_WW1-T116-1">
    <extent>
      <charseq START="25537" END="25548">October 1918</charseq>
    </extent>
  </timex2_mention>
</timex2>
<timex2 ID="02_WW1-T117"  VAL="1918-11-10">
  <timex2_mention ID="02_WW1-T117-1">
    <extent>
      <charseq START="25634" END="25649">10 November 1918</charseq>
    </extent>
  </timex2_mention>
</timex2>
<timex2 ID="02_WW1-T118"  VAL="1918-11-11">
  <timex2_mention ID="02_WW1-T118-1">
    <extent>
      <charseq START="25652" END="25663">The next day</charseq>
    </extent>
  </timex2_mention>
</timex2>
<timex2 ID="02_WW1-T119"  COMMENT="EC:EVENT-BASED">
  <timex2_mention ID="02_WW1-T119-1">
    <extent>
      <charseq START="26294" END="26309">the Gandhian Era</charseq>
    </extent>
  </timex2_mention>
</timex2>
<timex2 ID="02_WW1-T120"  VAL="1914-08">
  <timex2_mention ID="02_WW1-T120-1">
    <extent>
      <charseq START="27098" END="27103">August</charseq>
    </extent>
  </timex2_mention>
</timex2>
<timex2 ID="02_WW1-T121"  VAL="1914-09">
  <timex2_mention ID="02_WW1-T121-1">
    <extent>
      <charseq START="27109" END="27122">September 1914</charseq>
    </extent>
  </timex2_mention>
</timex2>
<timex2 ID="02_WW1-T122"  VAL="1915-SP">
  <timex2_mention ID="02_WW1-T122-1">
    <extent>
      <charseq START="27250" END="27267">the spring of 1915</charseq>
    </extent>
  </timex2_mention>
</timex2>
<timex2 ID="02_WW1-T123"  VAL="1915-05">
  <timex2_mention ID="02_WW1-T123-1">
    <extent>
      <charseq START="27318" END="27320">May</charseq>
    </extent>
  </timex2_mention>
</timex2>
<timex2 ID="02_WW1-T124"  VAL="1915-08-05">
  <timex2_mention ID="02_WW1-T124-1">
    <extent>
      <charseq START="27411" END="27418">5 August</charseq>
    </extent>
  </timex2_mention>
</timex2>
<timex2 ID="02_WW1-T125"  VAL="1916-06">
  <timex2_mention ID="02_WW1-T125-1">
    <extent>
      <charseq START="27538" END="27546">June 1916</charseq>
    </extent>
  </timex2_mention>
</timex2>
<timex2 ID="02_WW1-T126"  VAL="1916-08-27">
  <timex2_mention ID="02_WW1-T126-1">
    <extent>
      <charseq START="27861" END="27869">27 August</charseq>
    </extent>
  </timex2_mention>
</timex2>
<timex2 ID="02_WW1-T127"  VAL="1916-12-06">
  <timex2_mention ID="02_WW1-T127-1">
    <extent>
      <charseq START="27998" END="28007">6 December</charseq>
    </extent>
  </timex2_mention>
</timex2>
<timex2 ID="02_WW1-T128"  MOD="END" VAL="1916">
  <timex2_mention ID="02_WW1-T128-1">
    <extent>
      <charseq START="28201" END="28215">the end of 1916</charseq>
    </extent>
  </timex2_mention>
</timex2>
<timex2 ID="02_WW1-T129"  VAL="1917-03">
  <timex2_mention ID="02_WW1-T129-1">
    <extent>
      <charseq START="28221" END="28230">March 1917</charseq>
    </extent>
  </timex2_mention>
</timex2>
<timex2 ID="02_WW1-T130"  VAL="1917-11">
  <timex2_mention ID="02_WW1-T130-1">
    <extent>
      <charseq START="28785" END="28792">November</charseq>
    </extent>
  </timex2_mention>
</timex2>
<timex2 ID="02_WW1-T131"  VAL="1917-12">
  <timex2_mention ID="02_WW1-T131-1">
    <extent>
      <charseq START="28810" END="28817">December</charseq>
    </extent>
  </timex2_mention>
</timex2>
<timex2 ID="02_WW1-T132"  VAL="1918-03-03">
  <timex2_mention ID="02_WW1-T132-1">
    <extent>
      <charseq START="29052" END="29063">3 March 1918</charseq>
    </extent>
  </timex2_mention>
</timex2>
<timex2 ID="02_WW1-T133"  ANCHOR_DIR="BEFORE" ANCHOR_VAL="1918-03-03" VAL="PAST_REF">
  <timex2_mention ID="02_WW1-T133-1">
    <extent>
      <charseq START="29263" END="29268">former</charseq>
    </extent>
  </timex2_mention>
</timex2>
<timex2 ID="02_WW1-T134"  VAL="1918-SP">
  <timex2_mention ID="02_WW1-T134-1">
    <extent>
      <charseq START="29331" END="29336">Spring</charseq>
    </extent>
  </timex2_mention>
</timex2>
<timex2 ID="02_WW1-T135"  VAL="1916-12">
  <timex2_mention ID="02_WW1-T135-1">
    <extent>
      <charseq START="29767" END="29779">December 1916</charseq>
    </extent>
  </timex2_mention>
</timex2>
<timex2 ID="02_WW1-T136"  ANCHOR_DIR="ENDING" ANCHOR_VAL="1916-12" COMMENT="EC:EVENT-BASED" VAL="P10M">
  <timex2_mention ID="02_WW1-T136-1">
    <extent>
      <charseq START="29788" END="29828">ten brutal months of the Battle of Verdun</charseq>
    </extent>
  </timex2_mention>
</timex2>
<timex2 ID="02_WW1-T137"  VAL="1917-01-14">
  <timex2_mention ID="02_WW1-T137-1">
    <extent>
      <charseq START="30613" END="30622">14 January</charseq>
    </extent>
  </timex2_mention>
</timex2>
<timex2 ID="02_WW1-T138"  ANCHOR_DIR="AFTER" ANCHOR_VAL="1917-01-14" VAL="FUTURE_REF">
  <timex2_mention ID="02_WW1-T138-1">
    <extent>
      <charseq START="31010" END="31015">future</charseq>
    </extent>
  </timex2_mention>
</timex2>
<timex2 ID="02_WW1-T139"  VAL="1917">
  <timex2_mention ID="02_WW1-T139-1">
    <extent>
      <charseq START="31089" END="31092">1917</charseq>
    </extent>
  </timex2_mention>
</timex2>
<timex2 ID="02_WW1-T140"  VAL="1918">
  <timex2_mention ID="02_WW1-T140-1">
    <extent>
      <charseq START="31094" END="31097">1918</charseq>
    </extent>
  </timex2_mention>
</timex2>
<timex2 ID="02_WW1-T141"  VAL="1917">
  <timex2_mention ID="02_WW1-T141-1">
    <extent>
      <charseq START="31110" END="31113">1917</charseq>
    </extent>
  </timex2_mention>
</timex2>
<timex2 ID="02_WW1-T142"  VAL="1918">
  <timex2_mention ID="02_WW1-T142-1">
    <extent>
      <charseq START="31199" END="31202">1918</charseq>
    </extent>
  </timex2_mention>
</timex2>
<timex2 ID="02_WW1-T143"  VAL="1917-02">
  <timex2_mention ID="02_WW1-T143-1">
    <extent>
      <charseq START="31291" END="31303">February 1917</charseq>
    </extent>
  </timex2_mention>
</timex2>
<timex2 ID="02_WW1-T144"  SET="YES" VAL="P1M">
  <timex2_mention ID="02_WW1-T144-1">
    <extent>
      <charseq START="31512" END="31520">per month</charseq>
    </extent>
  </timex2_mention>
</timex2>
<timex2 ID="02_WW1-T145"  VAL="1917-02">
  <timex2_mention ID="02_WW1-T145-1">
    <extent>
      <charseq START="31527" END="31534">February</charseq>
    </extent>
  </timex2_mention>
</timex2>
<timex2 ID="02_WW1-T146"  VAL="1917-07">
  <timex2_mention ID="02_WW1-T146-1">
    <extent>
      <charseq START="31539" END="31542">July</charseq>
    </extent>
  </timex2_mention>
</timex2>
<timex2 ID="02_WW1-T147"  VAL="1917-04">
  <timex2_mention ID="02_WW1-T147-1">
    <extent>
      <charseq START="31574" END="31578">April</charseq>
    </extent>
  </timex2_mention>
</timex2>
<timex2 ID="02_WW1-T148"  VAL="1917-07">
  <timex2_mention ID="02_WW1-T148-1">
    <extent>
      <charseq START="31587" END="31590">July</charseq>
    </extent>
  </timex2_mention>
</timex2>
<timex2 ID="02_WW1-T149"  VAL="1917-05-03">
  <timex2_mention ID="02_WW1-T149-1">
    <extent>
      <charseq START="31758" END="31767">3 May 1917</charseq>
    </extent>
  </timex2_mention>
</timex2>
<timex2 ID="02_WW1-T150"  VAL="1917-05-15">
  <timex2_mention ID="02_WW1-T150-1">
    <extent>
      <charseq START="32463" END="32468">15 May</charseq>
    </extent>
  </timex2_mention>
</timex2>
<timex2 ID="02_WW1-T151"  VAL="1917-12">
  <timex2_mention ID="02_WW1-T151-1">
    <extent>
      <charseq START="32796" END="32803">December</charseq>
    </extent>
  </timex2_mention>
</timex2>
<timex2 ID="02_WW1-T152"  VAL="1915">
  <timex2_mention ID="02_WW1-T152-1">
    <extent>
      <charseq START="33707" END="33710">1915</charseq>
    </extent>
  </timex2_mention>
</timex2>
<timex2 ID="02_WW1-T153"  ANCHOR_DIR="BEFORE" ANCHOR_VAL="1915" VAL="PAST_REF">
  <timex2_mention ID="02_WW1-T153-1">
    <extent>
      <charseq START="34109" END="34114">former</charseq>
    </extent>
  </timex2_mention>
</timex2>
<timex2 ID="02_WW1-T154"  VAL="PRESENT_REF">
  <timex2_mention ID="02_WW1-T154-1">
    <extent>
      <charseq START="34622" END="34624">now</charseq>
    </extent>
  </timex2_mention>
</timex2>
<timex2 ID="02_WW1-T155"  VAL="1917-01">
  <timex2_mention ID="02_WW1-T155-1">
    <extent>
      <charseq START="34670" END="34681">January 1917</charseq>
    </extent>
  </timex2_mention>
</timex2>
<timex2 ID="02_WW1-T156"  VAL="1917-04-06">
  <timex2_mention ID="02_WW1-T156-1">
    <extent>
      <charseq START="36236" END="36247">6 April 1917</charseq>
    </extent>
  </timex2_mention>
</timex2>
<timex2 ID="02_WW1-T157"  ANCHOR_DIR="AS_OF" ANCHOR_VAL="1917" VAL="PRESENT_REF">
  <timex2_mention ID="02_WW1-T157-1">
    <extent>
      <charseq START="36927" END="36933">the day</charseq>
    </extent>
  </timex2_mention>
</timex2>
<timex2 ID="02_WW1-T158"  VAL="1918-SU">
  <timex2_mention ID="02_WW1-T158-1">
    <extent>
      <charseq START="37238" END="37248">summer 1918</charseq>
    </extent>
  </timex2_mention>
</timex2>
<timex2 ID="02_WW1-T159"  SET="YES" VAL="XXXX-XX-XX">
  <timex2_mention ID="02_WW1-T159-1">
    <extent>
      <charseq START="37294" END="37302">every day</charseq>
    </extent>
  </timex2_mention>
</timex2>
<timex2 ID="02_WW1-T160"  VAL="1917">
  <timex2_mention ID="02_WW1-T160-1">
    <extent>
      <charseq START="37308" END="37311">1917</charseq>
    </extent>
  </timex2_mention>
</timex2>
<timex2 ID="02_WW1-T161"  COMMENT="EC:EVENT-BASED" VAL="PXM">
  <timex2_mention ID="02_WW1-T161-1">
    <extent>
      <charseq START="37500" END="37540">many more months before they would arrive</charseq>
    </extent>
  </timex2_mention>
</timex2>
<timex2 ID="02_WW1-T162"  VAL="1917">
  <timex2_mention ID="02_WW1-T162-1">
    <extent>
      <charseq START="38683" END="38686">1917</charseq>
    </extent>
  </timex2_mention>
</timex2>
<timex2 ID="02_WW1-T163"  VAL="1918-SP">
  <timex2_mention ID="02_WW1-T163-1">
    <extent>
      <charseq START="38979" END="38984">Spring</charseq>
    </extent>
  </timex2_mention>
</timex2>
<timex2 ID="02_WW1-T164"  VAL="1918">
  <timex2_mention ID="02_WW1-T164-1">
    <extent>
      <charseq START="38999" END="39002">1918</charseq>
    </extent>
  </timex2_mention>
</timex2>
<timex2 ID="02_WW1-T165"  VAL="1918">
  <timex2_mention ID="02_WW1-T165-1">
    <extent>
      <charseq START="39089" END="39092">1918</charseq>
    </extent>
  </timex2_mention>
</timex2>
<timex2 ID="02_WW1-T166"  VAL="1918-SP">
  <timex2_mention ID="02_WW1-T166-1">
    <extent>
      <charseq START="39130" END="39135">Spring</charseq>
    </extent>
  </timex2_mention>
</timex2>
<timex2 ID="02_WW1-T167"  VAL="1918-03-21">
  <timex2_mention ID="02_WW1-T167-1">
    <extent>
      <charseq START="39353" END="39365">21 March 1918</charseq>
    </extent>
  </timex2_mention>
</timex2>
<timex2 ID="02_WW1-T168"  VAL="1918-SP">
  <timex2_mention ID="02_WW1-T168-1">
    <extent>
      <charseq START="39738" END="39743">Spring</charseq>
    </extent>
  </timex2_mention>
</timex2>
<timex2 ID="02_WW1-T169"  VAL="1918">
  <timex2_mention ID="02_WW1-T169-1">
    <extent>
      <charseq START="39758" END="39761">1918</charseq>
    </extent>
  </timex2_mention>
</timex2>
<timex2 ID="02_WW1-T170"  VAL="1918-03-24">
  <timex2_mention ID="02_WW1-T170-1">
    <extent>
      <charseq START="40299" END="40306">24 March</charseq>
    </extent>
  </timex2_mention>
</timex2>
<timex2 ID="02_WW1-T171"  VAL="PRESENT_REF">
  <timex2_mention ID="02_WW1-T171-1">
    <extent>
      <charseq START="40564" END="40566">now</charseq>
    </extent>
  </timex2_mention>
</timex2>
<timex2 ID="02_WW1-T172" >
  <timex2_mention ID="02_WW1-T172-1">
    <extent>
      <charseq START="40820" END="40828">that time</charseq>
    </extent>
  </timex2_mention>
</timex2>
<timex2 ID="02_WW1-T173"  VAL="1918-03-28">
  <timex2_mention ID="02_WW1-T173-1">
    <extent>
      <charseq START="41080" END="41087">28 March</charseq>
    </extent>
  </timex2_mention>
</timex2>
<timex2 ID="02_WW1-T174"  VAL="1917-11-05">
  <timex2_mention ID="02_WW1-T174-1">
    <extent>
      <charseq START="41171" END="41185">5 November 1917</charseq>
    </extent>
  </timex2_mention>
</timex2>
<timex2 ID="02_WW1-T175"  VAL="1918-07-15">
  <timex2_mention ID="02_WW1-T175-1">
    <extent>
      <charseq START="41787" END="41793">15 July</charseq>
    </extent>
  </timex2_mention>
</timex2>
<timex2 ID="02_WW1-T176"  ANCHOR_DIR="AFTER" ANCHOR_VAL="1918-07-15" VAL="P100D">
  <timex2_mention ID="02_WW1-T176-1">
    <extent>
      <charseq START="41913" END="41924">Hundred Days</charseq>
    </extent>
  </timex2_mention>
</timex2>
<timex2 ID="02_WW1-T177"  VAL="1918-07-20">
  <timex2_mention ID="02_WW1-T177-1">
    <extent>
      <charseq START="41999" END="42005">20 July</charseq>
    </extent>
  </timex2_mention>
</timex2>
<timex2 ID="02_WW1-T178"  VAL="1918-03">
  <timex2_mention ID="02_WW1-T178-1">
    <extent>
      <charseq START="42240" END="42244">March</charseq>
    </extent>
  </timex2_mention>
</timex2>
<timex2 ID="02_WW1-T179"  VAL="1918-04">
  <timex2_mention ID="02_WW1-T179-1">
    <extent>
      <charseq START="42250" END="42259">April 1918</charseq>
    </extent>
  </timex2_mention>
</timex2>
<timex2 ID="02_WW1-T180"  VAL="1913">
  <timex2_mention ID="02_WW1-T180-1">
    <extent>
      <charseq START="42455" END="42458">1913</charseq>
    </extent>
  </timex2_mention>
</timex2>
<timex2 ID="02_WW1-T181"  VAL="1918">
  <timex2_mention ID="02_WW1-T181-1">
    <extent>
      <charseq START="42499" END="42502">1918</charseq>
    </extent>
  </timex2_mention>
</timex2>
<timex2 ID="02_WW1-T182"  VAL="1918">
  <timex2_mention ID="02_WW1-T182-1">
    <extent>
      <charseq START="42869" END="42872">1918</charseq>
    </extent>
  </timex2_mention>
</timex2>
<timex2 ID="02_WW1-T183"  MOD="START" VAL="1918-05">
  <timex2_mention ID="02_WW1-T183-1">
    <extent>
      <charseq START="43451" END="43464">early May 1918</charseq>
    </extent>
  </timex2_mention>
</timex2>
<timex2 ID="02_WW1-T184"  VAL="1918-06">
  <timex2_mention ID="02_WW1-T184-1">
    <extent>
      <charseq START="43738" END="43746">June 1918</charseq>
    </extent>
  </timex2_mention>
</timex2>
<timex2 ID="02_WW1-T185"  VAL="1918-SU">
  <timex2_mention ID="02_WW1-T185-1">
    <extent>
      <charseq START="43766" END="43771">summer</charseq>
    </extent>
  </timex2_mention>
</timex2>
<timex2 ID="02_WW1-T186"  VAL="1918-FA">
  <timex2_mention ID="02_WW1-T186-1">
    <extent>
      <charseq START="43777" END="43787">autumn 1918</charseq>
    </extent>
  </timex2_mention>
</timex2>
<timex2 ID="02_WW1-T187"  VAL="P100D">
  <timex2_mention ID="02_WW1-T187-1">
    <extent>
      <charseq START="43832" END="43843">Hundred Days</charseq>
    </extent>
  </timex2_mention>
</timex2>
<timex2 ID="02_WW1-T188"  VAL="1918-08-08">
  <timex2_mention ID="02_WW1-T188-1">
    <extent>
      <charseq START="43865" END="43877">8 August 1918</charseq>
    </extent>
  </timex2_mention>
</timex2>
<timex2 ID="02_WW1-T189"  ANCHOR_DIR="WITHIN" ANCHOR_VAL="1918-08-08" VAL="PT7H">
  <timex2_mention ID="02_WW1-T189-1">
    <extent>
      <charseq START="44236" END="44251">just seven hours</charseq>
    </extent>
  </timex2_mention>
</timex2>
<timex2 ID="02_WW1-T190"  VAL="1918-08-08">
  <timex2_mention ID="02_WW1-T190-1">
    <extent>
      <charseq START="44283" END="44290">this day</charseq>
    </extent>
  </timex2_mention>
</timex2>
<timex2 ID="02_WW1-T191"  COMMENT="EC:EVENT-BASED" VAL="1918-08-08">
  <timex2_mention ID="02_WW1-T191-1">
    <extent>
      <charseq START="44295" END="44327">the "Black Day of the German army</charseq>
    </extent>
  </timex2_mention>
</timex2>
<timex2 ID="02_WW1-T192"  VAL="1918-08-10">
  <timex2_mention ID="02_WW1-T192-1">
    <extent>
      <charseq START="44726" END="44734">10 August</charseq>
    </extent>
  </timex2_mention>
</timex2>
<timex2 ID="02_WW1-T193"  VAL="1918-08-16">
  <timex2_mention ID="02_WW1-T193-1">
    <extent>
      <charseq START="44877" END="44885">16 August</charseq>
    </extent>
  </timex2_mention>
</timex2>
<timex2 ID="02_WW1-T194"  VAL="1918-08-20">
  <timex2_mention ID="02_WW1-T194-1">
    <extent>
      <charseq START="45008" END="45016">20 August</charseq>
    </extent>
  </timex2_mention>
</timex2>
<timex2 ID="02_WW1-T195"  COMMENT="EC:EVENT-BASED" VAL="1918-08-20">
  <timex2_mention ID="02_WW1-T195-1">
    <extent>
      <charseq START="45159" END="45176">Another "Black day</charseq>
    </extent>
  </timex2_mention>
</timex2>
<timex2 ID="02_WW1-T196"  ANCHOR_DIR="AS_OF" ANCHOR_VAL="1918-08" VAL="PRESENT_REF">
  <timex2_mention ID="02_WW1-T196-1">
    <extent>
      <charseq START="45528" END="45534">present</charseq>
    </extent>
  </timex2_mention>
</timex2>
<timex2 ID="02_WW1-T197"  ANCHOR_DIR="AS_OF" ANCHOR_VAL="1918-08" VAL="PRESENT_REF">
  <timex2_mention ID="02_WW1-T197-1">
    <extent>
      <charseq START="45615" END="45617">now</charseq>
    </extent>
  </timex2_mention>
</timex2>
<timex2 ID="02_WW1-T198"  ANCHOR_DIR="AFTER" ANCHOR_VAL="1918-08-20" VAL="P1D">
  <timex2_mention ID="02_WW1-T198-1">
    <extent>
      <charseq START="46029" END="46033">a day</charseq>
    </extent>
  </timex2_mention>
</timex2>
<timex2 ID="02_WW1-T199" >
  <timex2_mention ID="02_WW1-T199-1">
    <extent>
      <charseq START="46338" END="46350">the same time</charseq>
    </extent>
  </timex2_mention>
</timex2>
<timex2 ID="02_WW1-T200"  VAL="1918-08-26">
  <timex2_mention ID="02_WW1-T200-1">
    <extent>
      <charseq START="46356" END="46364">26 August</charseq>
    </extent>
  </timex2_mention>
</timex2>
<timex2 ID="02_WW1-T201"  VAL="1918-08-28">
  <timex2_mention ID="02_WW1-T201-1">
    <extent>
      <charseq START="46729" END="46734">the 28</charseq>
    </extent>
  </timex2_mention>
</timex2>
<timex2 ID="02_WW1-T202"  VAL="1918-08-29">
  <timex2_mention ID="02_WW1-T202-1">
    <extent>
      <charseq START="46740" END="46748">29 August</charseq>
    </extent>
  </timex2_mention>
</timex2>
<timex2 ID="02_WW1-T203"  VAL="1918-08-29">
  <timex2_mention ID="02_WW1-T203-1">
    <extent>
      <charseq START="46767" END="46779">the 29 August</charseq>
    </extent>
  </timex2_mention>
</timex2>
<timex2 ID="02_WW1-T204"  VAL="1918-08-31">
  <timex2_mention ID="02_WW1-T204-1">
    <extent>
      <charseq START="46976" END="46984">31 August</charseq>
    </extent>
  </timex2_mention>
</timex2>
<timex2 ID="02_WW1-T205"  ANCHOR_DIR="AS_OF" ANCHOR_VAL="1918-08-31" VAL="PRESENT_REF">
  <timex2_mention ID="02_WW1-T205-1">
    <extent>
      <charseq START="47094" END="47096">now</charseq>
    </extent>
  </timex2_mention>
</timex2>
<timex2 ID="02_WW1-T206"  ANCHOR_DIR="AS_OF" ANCHOR_VAL="1918-08-31" VAL="PRESENT_REF">
  <timex2_mention ID="02_WW1-T206-1">
    <extent>
      <charseq START="47160" END="47162">now</charseq>
    </extent>
  </timex2_mention>
</timex2>
<timex2 ID="02_WW1-T207"  ANCHOR_DIR="ENDING" ANCHOR_VAL="1918-08-31" VAL="P1W">
  <timex2_mention ID="02_WW1-T207-1">
    <extent>
      <charseq START="47225" END="47247">the last week of August</charseq>
    </extent>
  </timex2_mention>
</timex2>
<timex2 ID="02_WW1-T208"  SET="YES" VAL="1918-08-XXTDT">
  <timex2_mention ID="02_WW1-T208-1">
    <extent>
      <charseq START="47361" END="47368">Each day</charseq>
    </extent>
  </timex2_mention>
</timex2>
<timex2 ID="02_WW1-T209"  SET="YES" VAL="1918-08-XXTNI">
  <timex2_mention ID="02_WW1-T209-1">
    <extent>
      <charseq START="47448" END="47453">nights</charseq>
    </extent>
  </timex2_mention>
</timex2>
<timex2 ID="02_WW1-T210"  VAL="1918-08">
  <timex2_mention ID="02_WW1-T210-1">
    <extent>
      <charseq START="47579" END="47584">August</charseq>
    </extent>
  </timex2_mention>
</timex2>
<timex2 ID="02_WW1-T211"  VAL="1918-09">
  <timex2_mention ID="02_WW1-T211-1">
    <extent>
      <charseq START="47590" END="47598">September</charseq>
    </extent>
  </timex2_mention>
</timex2>
<timex2 ID="02_WW1-T212"  VAL="1918-09-02">
  <timex2_mention ID="02_WW1-T212-1">
    <extent>
      <charseq START="47696" END="47706">2 September</charseq>
    </extent>
  </timex2_mention>
</timex2>
<timex2 ID="02_WW1-T213"  VAL="1918-09-02">
  <timex2_mention ID="02_WW1-T213-1">
    <extent>
      <charseq START="47904" END="47916">That same day</charseq>
    </extent>
  </timex2_mention>
</timex2>
<timex2 ID="02_WW1-T214"  VAL="1917-04">
  <timex2_mention ID="02_WW1-T214-1">
    <extent>
      <charseq START="48210" END="48227">the previous April</charseq>
    </extent>
  </timex2_mention>
</timex2>
<timex2 ID="02_WW1-T215"  ANCHOR_DIR="STARTING" ANCHOR_VAL="1918-08-08" COMMENT="EC:EVENT-BASED" MOD="LESS_THAN" VAL="P4W">
  <timex2_mention ID="02_WW1-T215-1">
    <extent>
      <charseq START="48350" END="48393">nearly four weeks of fighting since 8 August</charseq>
    </extent>
  </timex2_mention>
</timex2>
<timex2 ID="02_WW1-T216"  VAL="1918-08-08">
  <timex2_mention ID="02_WW1-T216-1">
    <extent>
      <charseq START="48386" END="48393">8 August</charseq>
    </extent>
  </timex2_mention>
</timex2>
<timex2 ID="02_WW1-T217"  COMMENT="EC:EVENT-BASED" VAL="1918-08-08">
  <timex2_mention ID="02_WW1-T217-1">
    <extent>
      <charseq START="48490" END="48521">The Black Day of the German Army</charseq>
    </extent>
  </timex2_mention>
</timex2>
<timex2 ID="02_WW1-T218"  COMMENT="EC:EVENT-BASED" VAL="1918-08-09">
  <timex2_mention ID="02_WW1-T218-1">
    <extent>
      <charseq START="48616" END="48639">The day after the battle</charseq>
    </extent>
  </timex2_mention>
</timex2>
<timex2 ID="02_WW1-T219"  VAL="1918-08-11">
  <timex2_mention ID="02_WW1-T219-1">
    <extent>
      <charseq START="48740" END="48748">11 August</charseq>
    </extent>
  </timex2_mention>
</timex2>
<timex2 ID="02_WW1-T220"  VAL="1918-08-13">
  <timex2_mention ID="02_WW1-T220-1">
    <extent>
      <charseq START="48947" END="48955">13 August</charseq>
    </extent>
  </timex2_mention>
</timex2>
<timex2 ID="02_WW1-T221"  VAL="1918-08-14">
  <timex2_mention ID="02_WW1-T221-1">
    <extent>
      <charseq START="49084" END="49100">the following day</charseq>
    </extent>
  </timex2_mention>
</timex2>
<timex2 ID="02_WW1-T222"  ANCHOR_DIR="AS_OF" ANCHOR_VAL="1918-08-14" VAL="PRESENT_REF">
  <timex2_mention ID="02_WW1-T222-1">
    <extent>
      <charseq START="49160" END="49162">now</charseq>
    </extent>
  </timex2_mention>
</timex2>
<timex2 ID="02_WW1-T223"  VAL="1918-12">
  <timex2_mention ID="02_WW1-T223-1">
    <extent>
      <charseq START="49252" END="49259">December</charseq>
    </extent>
  </timex2_mention>
</timex2>
<timex2 ID="02_WW1-T224"  VAL="1919-WI">
  <timex2_mention ID="02_WW1-T224-1">
    <extent>
      <charseq START="49553" END="49562">the winter</charseq>
    </extent>
  </timex2_mention>
</timex2>
<timex2 ID="02_WW1-T225"  VAL="1918-09-10">
  <timex2_mention ID="02_WW1-T225-1">
    <extent>
      <charseq START="49627" END="49638">10 September</charseq>
    </extent>
  </timex2_mention>
</timex2>
<timex2 ID="02_WW1-T226"  VAL="1918-09-14">
  <timex2_mention ID="02_WW1-T226-1">
    <extent>
      <charseq START="49749" END="49764">the 14 September</charseq>
    </extent>
  </timex2_mention>
</timex2>
<timex2 ID="02_WW1-T227"  VAL="1918-09-15">
  <timex2_mention ID="02_WW1-T227-1">
    <extent>
      <charseq START="49879" END="49890">15 September</charseq>
    </extent>
  </timex2_mention>
</timex2>
<timex2 ID="02_WW1-T228"  VAL="1918-09-24">
  <timex2_mention ID="02_WW1-T228-1">
    <extent>
      <charseq START="49970" END="49981">24 September</charseq>
    </extent>
  </timex2_mention>
</timex2>
<timex2 ID="02_WW1-T229"  VAL="1918-09">
  <timex2_mention ID="02_WW1-T229-1">
    <extent>
      <charseq START="50056" END="50064">September</charseq>
    </extent>
  </timex2_mention>
</timex2>
<timex2 ID="02_WW1-T230"  ANCHOR_DIR="ENDING" ANCHOR_VAL="1918-09-30" VAL="P1W">
  <timex2_mention ID="02_WW1-T230-1">
    <extent>
      <charseq START="50430" END="50455">the last week of September</charseq>
    </extent>
  </timex2_mention>
</timex2>
<timex2 ID="02_WW1-T231"  VAL="1918-09-12">
  <timex2_mention ID="02_WW1-T231-1">
    <extent>
      <charseq START="50542" END="50553">12 September</charseq>
    </extent>
  </timex2_mention>
</timex2>
<timex2 ID="02_WW1-T232"  VAL="1918-09-18">
  <timex2_mention ID="02_WW1-T232-1">
    <extent>
      <charseq START="50587" END="50598">18 September</charseq>
    </extent>
  </timex2_mention>
</timex2>
<timex2 ID="02_WW1-T233"  VAL="1918-09-19">
  <timex2_mention ID="02_WW1-T233-1">
    <extent>
      <charseq START="50640" END="50650">a day later</charseq>
    </extent>
  </timex2_mention>
</timex2>
<timex2 ID="02_WW1-T234"  VAL="1918-09-24">
  <timex2_mention ID="02_WW1-T234-1">
    <extent>
      <charseq START="50656" END="50667">24 September</charseq>
    </extent>
  </timex2_mention>
</timex2>
<timex2 ID="02_WW1-T235"  ANCHOR_DIR="AS_OF" ANCHOR_VAL="1918-09-24" VAL="PRESENT_REF">
  <timex2_mention ID="02_WW1-T235-1">
    <extent>
      <charseq START="50908" END="50910">now</charseq>
    </extent>
  </timex2_mention>
</timex2>
<timex2 ID="02_WW1-T236"  ANCHOR_DIR="AS_OF" ANCHOR_VAL="1918-09-24" VAL="PRESENT_REF">
  <timex2_mention ID="02_WW1-T236-1">
    <extent>
      <charseq START="51087" END="51089">now</charseq>
    </extent>
  </timex2_mention>
</timex2>
<timex2 ID="02_WW1-T237"  VAL="1918-09-26">
  <timex2_mention ID="02_WW1-T237-1">
    <extent>
      <charseq START="51194" END="51205">26 September</charseq>
    </extent>
  </timex2_mention>
</timex2>
<timex2 ID="02_WW1-T238"  ANCHOR_DIR="STARTING" ANCHOR_VAL="1918-09-26" VAL="P1W">
  <timex2_mention ID="02_WW1-T238-1">
    <extent>
      <charseq START="51350" END="51367">The following week</charseq>
    </extent>
  </timex2_mention>
</timex2>
<timex2 ID="02_WW1-T239"  VAL="1918-09-29">
  <timex2_mention ID="02_WW1-T239-1">
    <extent>
      <charseq START="51857" END="51868">29 September</charseq>
    </extent>
  </timex2_mention>
</timex2>
<timex2 ID="02_WW1-T240"  ANCHOR_DIR="ENDING" ANCHOR_VAL="1918-09-29" VAL="PXM">
  <timex2_mention ID="02_WW1-T240-1">
    <extent>
      <charseq START="51966" END="51971">months</charseq>
    </extent>
  </timex2_mention>
</timex2>
<timex2 ID="02_WW1-T241"  VAL="1918-10-26">
  <timex2_mention ID="02_WW1-T241-1">
    <extent>
      <charseq START="52685" END="52694">26 October</charseq>
    </extent>
  </timex2_mention>
</timex2>
<timex2 ID="02_WW1-T242"  SET="YES" VAL="P1D">
  <timex2_mention ID="02_WW1-T242-1">
    <extent>
      <charseq START="52880" END="52886">per day</charseq>
    </extent>
  </timex2_mention>
</timex2>
<timex2 ID="02_WW1-T243"  VAL="1918-11-09">
  <timex2_mention ID="02_WW1-T243-1">
    <extent>
      <charseq START="53350" END="53359">9 November</charseq>
    </extent>
  </timex2_mention>
</timex2>
<timex2 ID="02_WW1-T244"  VAL="1918-09-29">
  <timex2_mention ID="02_WW1-T244-1">
    <extent>
      <charseq START="53600" END="53616">29 September 1918</charseq>
    </extent>
  </timex2_mention>
</timex2>
<timex2 ID="02_WW1-T245"  VAL="1918-10-30">
  <timex2_mention ID="02_WW1-T245-1">
    <extent>
      <charseq START="53634" END="53643">30 October</charseq>
    </extent>
  </timex2_mention>
</timex2>
<timex2 ID="02_WW1-T246"  VAL="1918-10-24">
  <timex2_mention ID="02_WW1-T246-1">
    <extent>
      <charseq START="53690" END="53699">24 October</charseq>
    </extent>
  </timex2_mention>
</timex2>
<timex2 ID="02_WW1-T247"  ANCHOR_DIR="ENDING" ANCHOR_VAL="1918-10-31" VAL="P1W">
  <timex2_mention ID="02_WW1-T247-1">
    <extent>
      <charseq START="54012" END="54035">the last week of October</charseq>
    </extent>
  </timex2_mention>
</timex2>
<timex2 ID="02_WW1-T248"  VAL="1918-10-29">
  <timex2_mention ID="02_WW1-T248-1">
    <extent>
      <charseq START="54111" END="54120">29 October</charseq>
    </extent>
  </timex2_mention>
</timex2>
<timex2 ID="02_WW1-T249"  VAL="1918-11-03">
  <timex2_mention ID="02_WW1-T249-1">
    <extent>
      <charseq START="54255" END="54264">3 November</charseq>
    </extent>
  </timex2_mention>
</timex2>
<timex2 ID="02_WW1-T250"  VAL="1918-11-03">
  <timex2_mention ID="02_WW1-T250-1">
    <extent>
      <charseq START="54531" END="54540">3 November</charseq>
    </extent>
  </timex2_mention>
</timex2>
<timex2 ID="02_WW1-T251"  VAL="1918-11-09">
  <timex2_mention ID="02_WW1-T251-1">
    <extent>
      <charseq START="54718" END="54727">9 November</charseq>
    </extent>
  </timex2_mention>
</timex2>
<timex2 ID="02_WW1-T252"  VAL="1918-11-11">
  <timex2_mention ID="02_WW1-T252-1">
    <extent>
      <charseq START="54769" END="54779">11 November</charseq>
    </extent>
  </timex2_mention>
</timex2>
<timex2 ID="02_WW1-T253"  COMMENT="TIMEX2 P. 63" VAL="1918-11-11T11:00">
  <timex2_mention ID="02_WW1-T253-1">
    <extent>
      <charseq START="54859" END="54865">11 a.m.</charseq>
    </extent>
  </timex2_mention>
</timex2>
<timex2 ID="02_WW1-T254"  COMMENT="TIMEX2 P. 63" VAL="1918-11-11">
  <timex2_mention ID="02_WW1-T254-1">
    <extent>
      <charseq START="54870" END="54885">11 November 1918</charseq>
    </extent>
  </timex2_mention>
</timex2>
<timex2 ID="02_WW1-T255"  VAL="1918-11-11T11:00">
  <timex2_mention ID="02_WW1-T255-1">
    <extent>
      <charseq START="54888" END="54946">the eleventh hour of the eleventh day of the eleventh month</charseq>
    </extent>
  </timex2_mention>
</timex2>
<timex2 ID="02_WW1-T256"  VAL="1918-11-11T10:57">
  <timex2_mention ID="02_WW1-T256-1">
    <extent>
      <charseq START="55200" END="55204">10:57</charseq>
    </extent>
  </timex2_mention>
</timex2>
<timex2 ID="02_WW1-T257"  VAL="1918-11-11T10:58">
  <timex2_mention ID="02_WW1-T257-1">
    <extent>
      <charseq START="55218" END="55222">10:58</charseq>
    </extent>
  </timex2_mention>
</timex2>
<timex2 ID="02_WW1-T258"  VAL="1918-11">
  <timex2_mention ID="02_WW1-T258-1">
    <extent>
      <charseq START="55278" END="55290">November 1918</charseq>
    </extent>
  </timex2_mention>
</timex2>
<timex2 ID="02_WW1-T259"  VAL="1918-11">
  <timex2_mention ID="02_WW1-T259-1">
    <extent>
      <charseq START="55296" END="55308">November 1918</charseq>
    </extent>
  </timex2_mention>
</timex2>
<timex2 ID="02_WW1-T260"  ANCHOR_DIR="STARTING" ANCHOR_VAL="1918-11" VAL="P7M">
  <timex2_mention ID="02_WW1-T260-1">
    <extent>
      <charseq START="55917" END="55936">another seven months</charseq>
    </extent>
  </timex2_mention>
</timex2>
<timex2 ID="02_WW1-T261"  VAL="1919-06-28">
  <timex2_mention ID="02_WW1-T261-1">
    <extent>
      <charseq START="55997" END="56008">28 June 1919</charseq>
    </extent>
  </timex2_mention>
</timex2>
<timex2 ID="02_WW1-T262"  VAL="1923-07-24">
  <timex2_mention ID="02_WW1-T262-1">
    <extent>
      <charseq START="56342" END="56353">24 July 1923</charseq>
    </extent>
  </timex2_mention>
</timex2>
<timex2 ID="02_WW1-T263"  VAL="1919">
  <timex2_mention ID="02_WW1-T263-1">
    <extent>
      <charseq START="56449" END="56452">1919</charseq>
    </extent>
  </timex2_mention>
</timex2>
<timex2 ID="02_WW1-T264"  VAL="1918-11-11">
  <timex2_mention ID="02_WW1-T264-1">
    <extent>
      <charseq START="56537" END="56552">11 November 1918</charseq>
    </extent>
  </timex2_mention>
</timex2>
<timex2 ID="02_WW1-T265"  VAL="1923-08-23">
  <timex2_mention ID="02_WW1-T265-1">
    <extent>
      <charseq START="56702" END="56715">23 August 1923</charseq>
    </extent>
  </timex2_mention>
</timex2>
</document>
</source_file>
