<?xml version="1.0"?>
<!DOCTYPE source_file SYSTEM "apf.v5.1.2.dtd">
<source_file URI="keyinline/03_AmCivWar.key.xml" SOURCE="03_wikipedia" TYPE="text">
<document DOCID="03_AmCivWar">
<timex2 ID="03_AmCivWar-T1"  VAL="2009-12-19T17:00:00">
  <timex2_mention ID="03_AmCivWar-T1-1">
    <extent>
      <charseq START="32" END="50">2009-12-19T17:00:00</charseq>
    </extent>
  </timex2_mention>
</timex2>
<timex2 ID="03_AmCivWar-T2"  VAL="1860">
  <timex2_mention ID="03_AmCivWar-T2-1">
    <extent>
      <charseq START="461" END="464">1860</charseq>
    </extent>
  </timex2_mention>
</timex2>
<timex2 ID="03_AmCivWar-T3"  VAL="1861-02">
  <timex2_mention ID="03_AmCivWar-T3-1">
    <extent>
      <charseq START="537" END="549">February 1861</charseq>
    </extent>
  </timex2_mention>
</timex2>
<timex2 ID="03_AmCivWar-T4"  VAL="1861-02-07">
  <timex2_mention ID="03_AmCivWar-T4-1">
    <extent>
      <charseq START="607" END="616">February 7</charseq>
    </extent>
  </timex2_mention>
</timex2>
<timex2 ID="03_AmCivWar-T5"  COMMENT="TIMEX2 P. 11" VAL="1861-02">
  <timex2_mention ID="03_AmCivWar-T5-1">
    <extent>
      <charseq START="783" END="790">February</charseq>
    </extent>
  </timex2_mention>
</timex2>
<timex2 ID="03_AmCivWar-T6"  VAL="1861">
  <timex2_mention ID="03_AmCivWar-T6-1">
    <extent>
      <charseq START="812" END="815">1861</charseq>
    </extent>
  </timex2_mention>
</timex2>
<timex2 ID="03_AmCivWar-T7"  VAL="1861-03-04">
  <timex2_mention ID="03_AmCivWar-T7-1">
    <extent>
      <charseq START="1388" END="1400">March 4, 1861</charseq>
    </extent>
  </timex2_mention>
</timex2>
<timex2 ID="03_AmCivWar-T8"  VAL="1861-04-12">
  <timex2_mention ID="03_AmCivWar-T8-1">
    <extent>
      <charseq START="2721" END="2728">April 12</charseq>
    </extent>
  </timex2_mention>
</timex2>
<timex2 ID="03_AmCivWar-T9"  ANCHOR_DIR="AFTER" ANCHOR_VAL="1861-04-12" VAL="P90D">
  <timex2_mention ID="03_AmCivWar-T9-1">
    <extent>
      <charseq START="2988" END="2994">90 days</charseq>
    </extent>
  </timex2_mention>
</timex2>
<timex2 ID="03_AmCivWar-T10"  COMMENT="EC:EVENT-BASED;" VAL="PXM">
  <timex2_mention ID="03_AmCivWar-T10-1">
    <extent>
      <charseq START="3001" END="3018">months before that</charseq>
    </extent>
  </timex2_mention>
</timex2>
<timex2 ID="03_AmCivWar-T11" >
  <timex2_mention ID="03_AmCivWar-T11-1">
    <extent>
      <charseq START="3119" END="3130">the next day</charseq>
    </extent>
  </timex2_mention>
</timex2>
<timex2 ID="03_AmCivWar-T12"  COMMENT="EC:EVENT-BASED;" VAL="1861-04-20">
  <timex2_mention ID="03_AmCivWar-T12-1">
    <extent>
      <charseq START="3181" END="3208">eight days after Fort Sumter</charseq>
    </extent>
  </timex2_mention>
</timex2>
<timex2 ID="03_AmCivWar-T13"  ANCHOR_DIR="AS_OF" ANCHOR_VAL="1861-04-20" VAL="PRESENT_REF">
  <timex2_mention ID="03_AmCivWar-T13-1">
    <extent>
      <charseq START="3348" END="3350">now</charseq>
    </extent>
  </timex2_mention>
</timex2>
<timex2 ID="03_AmCivWar-T14"  VAL="1861">
  <timex2_mention ID="03_AmCivWar-T14-1">
    <extent>
      <charseq START="3914" END="3917">1861</charseq>
    </extent>
  </timex2_mention>
</timex2>
<timex2 ID="03_AmCivWar-T15"  VAL="1861-05">
  <timex2_mention ID="03_AmCivWar-T15-1">
    <extent>
      <charseq START="4313" END="4320">May 1861</charseq>
    </extent>
  </timex2_mention>
</timex2>
<timex2 ID="03_AmCivWar-T16"  MOD="END" VAL="1861">
  <timex2_mention ID="03_AmCivWar-T16-1">
    <extent>
      <charseq START="4583" END="4591">late 1861</charseq>
    </extent>
  </timex2_mention>
</timex2>
<timex2 ID="03_AmCivWar-T17"  VAL="1862-03-08">
  <timex2_mention ID="03_AmCivWar-T17-1">
    <extent>
      <charseq START="5098" END="5110">March 8, 1862</charseq>
    </extent>
  </timex2_mention>
</timex2>
<timex2 ID="03_AmCivWar-T18"  VAL="1862-03-09">
  <timex2_mention ID="03_AmCivWar-T18-1">
    <extent>
      <charseq START="5273" END="5284">the next day</charseq>
    </extent>
  </timex2_mention>
</timex2>
<timex2 ID="03_AmCivWar-T19"  VAL="1865-01">
  <timex2_mention ID="03_AmCivWar-T19-1">
    <extent>
      <charseq START="5770" END="5781">January 1865</charseq>
    </extent>
  </timex2_mention>
</timex2>
<timex2 ID="03_AmCivWar-T20"  VAL="1861">
  <timex2_mention ID="03_AmCivWar-T20-1">
    <extent>
      <charseq START="5875" END="5878">1861</charseq>
    </extent>
  </timex2_mention>
</timex2>
<timex2 ID="03_AmCivWar-T21"  VAL="1863">
  <timex2_mention ID="03_AmCivWar-T21-1">
    <extent>
      <charseq START="5880" END="5883">1863</charseq>
    </extent>
  </timex2_mention>
</timex2>
<timex2 ID="03_AmCivWar-T22"  VAL="1861-07">
  <timex2_mention ID="03_AmCivWar-T22-1">
    <extent>
      <charseq START="5981" END="5989">July 1861</charseq>
    </extent>
  </timex2_mention>
</timex2>
<timex2 ID="03_AmCivWar-T23"  VAL="1861-07-25">
  <timex2_mention ID="03_AmCivWar-T23-1">
    <extent>
      <charseq START="6616" END="6635">July 25 of that year</charseq>
    </extent>
  </timex2_mention>
</timex2>
<timex2 ID="03_AmCivWar-T24"  VAL="1861-07-26">
  <timex2_mention ID="03_AmCivWar-T24-1">
    <extent>
      <charseq START="6806" END="6812">July 26</charseq>
    </extent>
  </timex2_mention>
</timex2>
<timex2 ID="03_AmCivWar-T25"  VAL="1862">
  <timex2_mention ID="03_AmCivWar-T25-1">
    <extent>
      <charseq START="6988" END="6991">1862</charseq>
    </extent>
  </timex2_mention>
</timex2>
<timex2 ID="03_AmCivWar-T26"  VAL="1862-SP">
  <timex2_mention ID="03_AmCivWar-T26-1">
    <extent>
      <charseq START="7100" END="7117">the spring of 1862</charseq>
    </extent>
  </timex2_mention>
</timex2>
<timex2 ID="03_AmCivWar-T27"  VAL="P7D">
  <timex2_mention ID="03_AmCivWar-T27-1">
    <extent>
      <charseq START="7460" END="7469">Seven Days</charseq>
    </extent>
  </timex2_mention>
</timex2>
<timex2 ID="03_AmCivWar-T28"  VAL="1862-09-05">
  <timex2_mention ID="03_AmCivWar-T28-1">
    <extent>
      <charseq START="8029" END="8039">September 5</charseq>
    </extent>
  </timex2_mention>
</timex2>
<timex2 ID="03_AmCivWar-T29"  VAL="1862-09-17">
  <timex2_mention ID="03_AmCivWar-T29-1">
    <extent>
      <charseq START="8173" END="8190">September 17, 1862</charseq>
    </extent>
  </timex2_mention>
</timex2>
<timex2 ID="03_AmCivWar-T30"  VAL="1862-09-17">
  <timex2_mention ID="03_AmCivWar-T30-1">
    <extent>
      <charseq START="8193" END="8250">the bloodiest single day in United States military history</charseq>
    </extent>
  </timex2_mention>
</timex2>
<timex2 ID="03_AmCivWar-T31"  VAL="1862-12-13">
  <timex2_mention ID="03_AmCivWar-T31-1">
    <extent>
      <charseq START="8677" END="8693">December 13, 1862</charseq>
    </extent>
  </timex2_mention>
</timex2>
<timex2 ID="03_AmCivWar-T32"  VAL="1863-05">
  <timex2_mention ID="03_AmCivWar-T32-1">
    <extent>
      <charseq START="9060" END="9067">May 1863</charseq>
    </extent>
  </timex2_mention>
</timex2>
<timex2 ID="03_AmCivWar-T33"  VAL="1863-06">
  <timex2_mention ID="03_AmCivWar-T33-1">
    <extent>
      <charseq START="9158" END="9161">June</charseq>
    </extent>
  </timex2_mention>
</timex2>
<timex2 ID="03_AmCivWar-T34"  VAL="1863-07-01">
  <timex2_mention ID="03_AmCivWar-T34-1">
    <extent>
      <charseq START="9212" END="9217">July 1</charseq>
    </extent>
  </timex2_mention>
</timex2>
<timex2 ID="03_AmCivWar-T35"  VAL="1863-07-03">
  <timex2_mention ID="03_AmCivWar-T35-1">
    <extent>
      <charseq START="9222" END="9233">July 3, 1863</charseq>
    </extent>
  </timex2_mention>
</timex2>
<timex2 ID="03_AmCivWar-T36"  VAL="1863-07-03">
  <timex2_mention ID="03_AmCivWar-T36-1">
    <extent>
      <charseq START="9345" END="9350">July 3</charseq>
    </extent>
  </timex2_mention>
</timex2>
<timex2 ID="03_AmCivWar-T37"  VAL="1863-07-04">
  <timex2_mention ID="03_AmCivWar-T37-1">
    <extent>
      <charseq START="9599" END="9615">the following day</charseq>
    </extent>
  </timex2_mention>
</timex2>
<timex2 ID="03_AmCivWar-T38"  VAL="1863-FA">
  <timex2_mention ID="03_AmCivWar-T38-1">
    <extent>
      <charseq START="9785" END="9788">fall</charseq>
    </extent>
  </timex2_mention>
</timex2>
<timex2 ID="03_AmCivWar-T39"  VAL="1861">
  <timex2_mention ID="03_AmCivWar-T39-1">
    <extent>
      <charseq START="9884" END="9887">1861</charseq>
    </extent>
  </timex2_mention>
</timex2>
<timex2 ID="03_AmCivWar-T40"  VAL="1863">
  <timex2_mention ID="03_AmCivWar-T40-1">
    <extent>
      <charseq START="9889" END="9892">1863</charseq>
    </extent>
  </timex2_mention>
</timex2>
<timex2 ID="03_AmCivWar-T41"  MOD="START" VAL="1862">
  <timex2_mention ID="03_AmCivWar-T41-1">
    <extent>
      <charseq START="10284" END="10296">early in 1862</charseq>
    </extent>
  </timex2_mention>
</timex2>
<timex2 ID="03_AmCivWar-T42"  VAL="1862-05">
  <timex2_mention ID="03_AmCivWar-T42-1">
    <extent>
      <charseq START="10540" END="10547">May 1862</charseq>
    </extent>
  </timex2_mention>
</timex2>
<timex2 ID="03_AmCivWar-T43"  VAL="1861">
  <timex2_mention ID="03_AmCivWar-T43-1">
    <extent>
      <charseq START="12068" END="12071">1861</charseq>
    </extent>
  </timex2_mention>
</timex2>
<timex2 ID="03_AmCivWar-T44"  VAL="1865">
  <timex2_mention ID="03_AmCivWar-T44-1">
    <extent>
      <charseq START="12073" END="12076">1865</charseq>
    </extent>
  </timex2_mention>
</timex2>
<timex2 ID="03_AmCivWar-T45"  VAL="1862">
  <timex2_mention ID="03_AmCivWar-T45-1">
    <extent>
      <charseq START="12526" END="12529">1862</charseq>
    </extent>
  </timex2_mention>
</timex2>
<timex2 ID="03_AmCivWar-T46"  VAL="1863">
  <timex2_mention ID="03_AmCivWar-T46-1">
    <extent>
      <charseq START="12592" END="12595">1863</charseq>
    </extent>
  </timex2_mention>
</timex2>
<timex2 ID="03_AmCivWar-T47"  VAL="1863">
  <timex2_mention ID="03_AmCivWar-T47-1">
    <extent>
      <charseq START="12800" END="12803">1863</charseq>
    </extent>
  </timex2_mention>
</timex2>
<timex2 ID="03_AmCivWar-T48"  VAL="1864">
  <timex2_mention ID="03_AmCivWar-T48-1">
    <extent>
      <charseq START="12870" END="12873">1864</charseq>
    </extent>
  </timex2_mention>
</timex2>
<timex2 ID="03_AmCivWar-T49"  VAL="1865">
  <timex2_mention ID="03_AmCivWar-T49-1">
    <extent>
      <charseq START="12875" END="12878">1865</charseq>
    </extent>
  </timex2_mention>
</timex2>
<timex2 ID="03_AmCivWar-T50"  MOD="START" VAL="1864">
  <timex2_mention ID="03_AmCivWar-T50-1">
    <extent>
      <charseq START="12884" END="12904">the beginning of 1864</charseq>
    </extent>
  </timex2_mention>
</timex2>
<timex2 ID="03_AmCivWar-T51"  VAL="P7W">
  <timex2_mention ID="03_AmCivWar-T51-1">
    <extent>
      <charseq START="14465" END="14475">seven weeks</charseq>
    </extent>
  </timex2_mention>
</timex2>
<timex2 ID="03_AmCivWar-T52"  MOD="MORE_THAN" VAL="P9M">
  <timex2_mention ID="03_AmCivWar-T52-1">
    <extent>
      <charseq START="14658" END="14673">over nine months</charseq>
    </extent>
  </timex2_mention>
</timex2>
<timex2 ID="03_AmCivWar-T53"  VAL="1864">
  <timex2_mention ID="03_AmCivWar-T53-1">
    <extent>
      <charseq START="14790" END="14793">1864</charseq>
    </extent>
  </timex2_mention>
</timex2>
<timex2 ID="03_AmCivWar-T54"  VAL="1864-09-02">
  <timex2_mention ID="03_AmCivWar-T54-1">
    <extent>
      <charseq START="15243" END="15259">September 2, 1864</charseq>
    </extent>
  </timex2_mention>
</timex2>
<timex2 ID="03_AmCivWar-T55"  VAL="1864-12">
  <timex2_mention ID="03_AmCivWar-T55-1">
    <extent>
      <charseq START="15859" END="15871">December 1864</charseq>
    </extent>
  </timex2_mention>
</timex2>
<timex2 ID="03_AmCivWar-T56"  ANCHOR_DIR="AS_OF" ANCHOR_VAL="1864-12" VAL="PRESENT_REF">
  <timex2_mention ID="03_AmCivWar-T56-1">
    <extent>
      <charseq START="16191" END="16193">now</charseq>
    </extent>
  </timex2_mention>
</timex2>
<timex2 ID="03_AmCivWar-T57"  VAL="1865-04-01">
  <timex2_mention ID="03_AmCivWar-T57-1">
    <extent>
      <charseq START="16289" END="16295">April 1</charseq>
    </extent>
  </timex2_mention>
</timex2>
<timex2 ID="03_AmCivWar-T58"  VAL="1865-04-09">
  <timex2_mention ID="03_AmCivWar-T58-1">
    <extent>
      <charseq START="16712" END="16724">April 9, 1865</charseq>
    </extent>
  </timex2_mention>
</timex2>
<timex2 ID="03_AmCivWar-T59"  VAL="1865-04-14">
  <timex2_mention ID="03_AmCivWar-T59-1">
    <extent>
      <charseq START="17001" END="17014">April 14, 1865</charseq>
    </extent>
  </timex2_mention>
</timex2>
<timex2 ID="03_AmCivWar-T60"  MOD="START" VAL="1865-04-15TMO">
  <timex2_mention ID="03_AmCivWar-T60-1">
    <extent>
      <charseq START="17058" END="17079">early the next morning</charseq>
    </extent>
  </timex2_mention>
</timex2>
<timex2 ID="03_AmCivWar-T61"  VAL="1865-04-06">
  <timex2_mention ID="03_AmCivWar-T61-1">
    <extent>
      <charseq START="17248" END="17254">April 6</charseq>
    </extent>
  </timex2_mention>
</timex2>
<timex2 ID="03_AmCivWar-T62"  VAL="1865-04-08">
  <timex2_mention ID="03_AmCivWar-T62-1">
    <extent>
      <charseq START="17322" END="17328">April 8</charseq>
    </extent>
  </timex2_mention>
</timex2>
<timex2 ID="03_AmCivWar-T63"  VAL="1865-04-09">
  <timex2_mention ID="03_AmCivWar-T63-1">
    <extent>
      <charseq START="17498" END="17509">the next day</charseq>
    </extent>
  </timex2_mention>
</timex2>
<timex2 ID="03_AmCivWar-T64"  VAL="1865-04-09">
  <timex2_mention ID="03_AmCivWar-T64-1">
    <extent>
      <charseq START="17666" END="17672">April 9</charseq>
    </extent>
  </timex2_mention>
</timex2>
<timex2 ID="03_AmCivWar-T65"  VAL="1865-04-21">
  <timex2_mention ID="03_AmCivWar-T65-1">
    <extent>
      <charseq START="17678" END="17685">April 21</charseq>
    </extent>
  </timex2_mention>
</timex2>
<timex2 ID="03_AmCivWar-T66"  VAL="1865-04-26">
  <timex2_mention ID="03_AmCivWar-T66-1">
    <extent>
      <charseq START="17767" END="17774">April 26</charseq>
    </extent>
  </timex2_mention>
</timex2>
<timex2 ID="03_AmCivWar-T67"  VAL="1865-05-04">
  <timex2_mention ID="03_AmCivWar-T67-1">
    <extent>
      <charseq START="17897" END="17901">May 4</charseq>
    </extent>
  </timex2_mention>
</timex2>
<timex2 ID="03_AmCivWar-T68"  VAL="1865-05-05">
  <timex2_mention ID="03_AmCivWar-T68-1">
    <extent>
      <charseq START="17907" END="17907">5</charseq>
    </extent>
  </timex2_mention>
</timex2>
<timex2 ID="03_AmCivWar-T69"  VAL="1865-05-10">
  <timex2_mention ID="03_AmCivWar-T69-1">
    <extent>
      <charseq START="18067" END="18072">May 10</charseq>
    </extent>
  </timex2_mention>
</timex2>
<timex2 ID="03_AmCivWar-T70"  VAL="1865-05-10">
  <timex2_mention ID="03_AmCivWar-T70-1">
    <extent>
      <charseq START="18148" END="18159">the same day</charseq>
    </extent>
  </timex2_mention>
</timex2>
<timex2 ID="03_AmCivWar-T71"  VAL="1865-05-11">
  <timex2_mention ID="03_AmCivWar-T71-1">
    <extent>
      <charseq START="18243" END="18254">the next day</charseq>
    </extent>
  </timex2_mention>
</timex2>
<timex2 ID="03_AmCivWar-T72"  VAL="1865-05-12">
  <timex2_mention ID="03_AmCivWar-T72-1">
    <extent>
      <charseq START="18260" END="18276">the day following</charseq>
    </extent>
  </timex2_mention>
</timex2>
<timex2 ID="03_AmCivWar-T73"  VAL="1865-06-23">
  <timex2_mention ID="03_AmCivWar-T73-1">
    <extent>
      <charseq START="18343" END="18355">June 23, 1865</charseq>
    </extent>
  </timex2_mention>
</timex2>
<timex2 ID="03_AmCivWar-T74"  VAL="1865-08-02">
  <timex2_mention ID="03_AmCivWar-T74-1">
    <extent>
      <charseq START="18684" END="18691">August 2</charseq>
    </extent>
  </timex2_mention>
</timex2>
<timex2 ID="03_AmCivWar-T75"  VAL="1865-11-06">
  <timex2_mention ID="03_AmCivWar-T75-1">
    <extent>
      <charseq START="18846" END="18861">November 6, 1865</charseq>
    </extent>
  </timex2_mention>
</timex2>
</document>
</source_file>
