<?xml version="1.0"?>
<!DOCTYPE source_file SYSTEM "apf.v5.1.2.dtd">
<source_file URI="keyinline/04_AmRevWar.key.xml" SOURCE="04_wikipedia" TYPE="text">
<document DOCID="04_AmRevWar">
<timex2 ID="04_AmRevWar-T1"  VAL="2009-12-19T17:00:00">
  <timex2_mention ID="04_AmRevWar-T1-1">
    <extent>
      <charseq START="32" END="50">2009-12-19T17:00:00</charseq>
    </extent>
  </timex2_mention>
</timex2>
<timex2 ID="04_AmRevWar-T2"  VAL="1775">
  <timex2_mention ID="04_AmRevWar-T2-1">
    <extent>
      <charseq START="72" END="75">1775</charseq>
    </extent>
  </timex2_mention>
</timex2>
<timex2 ID="04_AmRevWar-T3"  VAL="1780">
  <timex2_mention ID="04_AmRevWar-T3-1">
    <extent>
      <charseq START="77" END="80">1780</charseq>
    </extent>
  </timex2_mention>
</timex2>
<timex2 ID="04_AmRevWar-T4"  VAL="1774">
  <timex2_mention ID="04_AmRevWar-T4-1">
    <extent>
      <charseq START="256" END="259">1774</charseq>
    </extent>
  </timex2_mention>
</timex2>
<timex2 ID="04_AmRevWar-T5"  VAL="1775-04-18TNI">
  <timex2_mention ID="04_AmRevWar-T5-1">
    <extent>
      <charseq START="650" END="676">the night of April 18, 1775</charseq>
    </extent>
  </timex2_mention>
</timex2>
<timex2 ID="04_AmRevWar-T6"  VAL="1775-04-19TMO">
  <timex2_mention ID="04_AmRevWar-T6-1">
    <extent>
      <charseq START="881" END="903">the morning of April 19</charseq>
    </extent>
  </timex2_mention>
</timex2>
<timex2 ID="04_AmRevWar-T7"  VAL="1775-06-17">
  <timex2_mention ID="04_AmRevWar-T7-1">
    <extent>
      <charseq START="1528" END="1540">June 17, 1775</charseq>
    </extent>
  </timex2_mention>
</timex2>
<timex2 ID="04_AmRevWar-T8"  VAL="1775-07">
  <timex2_mention ID="04_AmRevWar-T8-1">
    <extent>
      <charseq START="1842" END="1850">July 1775</charseq>
    </extent>
  </timex2_mention>
</timex2>
<timex2 ID="04_AmRevWar-T9"  MOD="END" VAL="1776">
  <timex2_mention ID="04_AmRevWar-T9-1">
    <extent>
      <charseq START="2187" END="2201">the end of 1776</charseq>
    </extent>
  </timex2_mention>
</timex2>
<timex2 ID="04_AmRevWar-T10"  VAL="1775-FA">
  <timex2_mention ID="04_AmRevWar-T10-1">
    <extent>
      <charseq START="2258" END="2265">the fall</charseq>
    </extent>
  </timex2_mention>
</timex2>
<timex2 ID="04_AmRevWar-T11"  VAL="1776-WI">
  <timex2_mention ID="04_AmRevWar-T11-1">
    <extent>
      <charseq START="2271" END="2276">winter</charseq>
    </extent>
  </timex2_mention>
</timex2>
<timex2 ID="04_AmRevWar-T12"  MOD="START" VAL="1776-03">
  <timex2_mention ID="04_AmRevWar-T12-1">
    <extent>
      <charseq START="2282" END="2297">early March 1776</charseq>
    </extent>
  </timex2_mention>
</timex2>
<timex2 ID="04_AmRevWar-T13"  ANCHOR_DIR="AS_OF" ANCHOR_VAL="1776-03" VAL="PRESENT_REF">
  <timex2_mention ID="04_AmRevWar-T13-1">
    <extent>
      <charseq START="2465" END="2467">now</charseq>
    </extent>
  </timex2_mention>
</timex2>
<timex2 ID="04_AmRevWar-T14"  VAL="1776-03-17">
  <timex2_mention ID="04_AmRevWar-T14-1">
    <extent>
      <charseq START="2559" END="2572">March 17, 1776</charseq>
    </extent>
  </timex2_mention>
</timex2>
<timex2 ID="04_AmRevWar-T15"  COMMENT="EC:EVENT-BASED" VAL="1775-W19">
  <timex2_mention ID="04_AmRevWar-T15-1">
    <extent>
      <charseq START="2714" END="2756">Three weeks after the siege of Boston began</charseq>
    </extent>
  </timex2_mention>
</timex2>
<timex2 ID="04_AmRevWar-T16"  VAL="PAST_REF">
  <timex2_mention ID="04_AmRevWar-T16-1">
    <extent>
      <charseq START="3585" END="3590">former</charseq>
    </extent>
  </timex2_mention>
</timex2>
<timex2 ID="04_AmRevWar-T17"  VAL="1775-09-28">
  <timex2_mention ID="04_AmRevWar-T17-1">
    <extent>
      <charseq START="3669" END="3686">September 28, 1775</charseq>
    </extent>
  </timex2_mention>
</timex2>
<timex2 ID="04_AmRevWar-T18"  VAL="1775-11-02">
  <timex2_mention ID="04_AmRevWar-T18-1">
    <extent>
      <charseq START="3832" END="3841">November 2</charseq>
    </extent>
  </timex2_mention>
</timex2>
<timex2 ID="04_AmRevWar-T19"  VAL="1775-11-13">
  <timex2_mention ID="04_AmRevWar-T19-1">
    <extent>
      <charseq START="3864" END="3874">November 13</charseq>
    </extent>
  </timex2_mention>
</timex2>
<timex2 ID="04_AmRevWar-T20"  ANCHOR_DIR="AS_OF" ANCHOR_VAL="2009-12-19T17:00:00" VAL="PRESENT_REF">
  <timex2_mention ID="04_AmRevWar-T20-1">
    <extent>
      <charseq START="4047" END="4049">now</charseq>
    </extent>
  </timex2_mention>
</timex2>
<timex2 ID="04_AmRevWar-T21"  COMMENT="EC:EVENT-BASED" MOD="START" VAL="1775-11">
  <timex2_mention ID="04_AmRevWar-T21-1">
    <extent>
      <charseq START="4187" END="4239">the time Arnold reached Quebec City in early November</charseq>
    </extent>
  </timex2_mention>
</timex2>
<timex2 ID="04_AmRevWar-T22"  MOD="START" VAL="1775-11">
  <timex2_mention ID="04_AmRevWar-T22-1">
    <extent>
      <charseq START="4226" END="4239">early November</charseq>
    </extent>
  </timex2_mention>
</timex2>
<timex2 ID="04_AmRevWar-T23"  VAL="1775-12-31">
  <timex2_mention ID="04_AmRevWar-T23-1">
    <extent>
      <charseq START="4353" END="4363">December 31</charseq>
    </extent>
  </timex2_mention>
</timex2>
<timex2 ID="04_AmRevWar-T24"  VAL="1776-SP">
  <timex2_mention ID="04_AmRevWar-T24-1">
    <extent>
      <charseq START="4554" END="4571">the spring of 1776</charseq>
    </extent>
  </timex2_mention>
</timex2>
<timex2 ID="04_AmRevWar-T25"  VAL="1776-06-08">
  <timex2_mention ID="04_AmRevWar-T25-1">
    <extent>
      <charseq START="4844" END="4855">June 8, 1776</charseq>
    </extent>
  </timex2_mention>
</timex2>
<timex2 ID="04_AmRevWar-T26"  VAL="1776-10">
  <timex2_mention ID="04_AmRevWar-T26-1">
    <extent>
      <charseq START="4953" END="4959">October</charseq>
    </extent>
  </timex2_mention>
</timex2>
<timex2 ID="04_AmRevWar-T27"  VAL="1776">
  <timex2_mention ID="04_AmRevWar-T27-1">
    <extent>
      <charseq START="5108" END="5111">1776</charseq>
    </extent>
  </timex2_mention>
</timex2>
<timex2 ID="04_AmRevWar-T28"  VAL="1777">
  <timex2_mention ID="04_AmRevWar-T28-1">
    <extent>
      <charseq START="5190" END="5193">1777</charseq>
    </extent>
  </timex2_mention>
</timex2>
<timex2 ID="04_AmRevWar-T29"  VAL="PRESENT_REF">
  <timex2_mention ID="04_AmRevWar-T29-1">
    <extent>
      <charseq START="5934" END="5936">now</charseq>
    </extent>
  </timex2_mention>
</timex2>
<timex2 ID="04_AmRevWar-T30"  VAL="1776-08-27">
  <timex2_mention ID="04_AmRevWar-T30-1">
    <extent>
      <charseq START="6288" END="6302">August 27, 1776</charseq>
    </extent>
  </timex2_mention>
</timex2>
<timex2 ID="04_AmRevWar-T31"  ANCHOR_DIR="AFTER" ANCHOR_VAL="1776-08-27" VAL="1776-XX-XXTNI">
  <timex2_mention ID="04_AmRevWar-T31-1">
    <extent>
      <charseq START="6767" END="6775">one night</charseq>
    </extent>
  </timex2_mention>
</timex2>
<timex2 ID="04_AmRevWar-T32"  VAL="1776-09-15">
  <timex2_mention ID="04_AmRevWar-T32-1">
    <extent>
      <charseq START="6859" END="6870">September 15</charseq>
    </extent>
  </timex2_mention>
</timex2>
<timex2 ID="04_AmRevWar-T33"  VAL="1776-09-16">
  <timex2_mention ID="04_AmRevWar-T33-1">
    <extent>
      <charseq START="7027" END="7038">the next day</charseq>
    </extent>
  </timex2_mention>
</timex2>
<timex2 ID="04_AmRevWar-T34"  VAL="1776-10">
  <timex2_mention ID="04_AmRevWar-T34-1">
    <extent>
      <charseq START="7112" END="7118">October</charseq>
    </extent>
  </timex2_mention>
</timex2>
<timex2 ID="04_AmRevWar-T35"  VAL="1776-10-28">
  <timex2_mention ID="04_AmRevWar-T35-1">
    <extent>
      <charseq START="7195" END="7204">October 28</charseq>
    </extent>
  </timex2_mention>
</timex2>
<timex2 ID="04_AmRevWar-T36"  MOD="MID" VAL="1776-11">
  <timex2_mention ID="04_AmRevWar-T36-1">
    <extent>
      <charseq START="7298" END="7309">mid November</charseq>
    </extent>
  </timex2_mention>
</timex2>
<timex2 ID="04_AmRevWar-T37"  MOD="START" VAL="1776-12">
  <timex2_mention ID="04_AmRevWar-T37-1">
    <extent>
      <charseq START="7807" END="7820">early December</charseq>
    </extent>
  </timex2_mention>
</timex2>
<timex2 ID="04_AmRevWar-T38"  VAL="XXXX-WI">
  <timex2_mention ID="04_AmRevWar-T38-1">
    <extent>
      <charseq START="7903" END="7908">winter</charseq>
    </extent>
  </timex2_mention>
</timex2>
<timex2 ID="04_AmRevWar-T39"  MOD="END" VAL="1776">
  <timex2_mention ID="04_AmRevWar-T39-1">
    <extent>
      <charseq START="8323" END="8341">the end of the year</charseq>
    </extent>
  </timex2_mention>
</timex2>
<timex2 ID="04_AmRevWar-T40"  VAL="1776-12-24TNI">
  <timex2_mention ID="04_AmRevWar-T40-1">
    <extent>
      <charseq START="8552" END="8566">Christmas night</charseq>
    </extent>
  </timex2_mention>
</timex2>
<timex2 ID="04_AmRevWar-T41"  VAL="1776-12-26">
  <timex2_mention ID="04_AmRevWar-T41-1">
    <extent>
      <charseq START="8632" END="8648">December 26, 1776</charseq>
    </extent>
  </timex2_mention>
</timex2>
<timex2 ID="04_AmRevWar-T42"  VAL="1777-01-03">
  <timex2_mention ID="04_AmRevWar-T42-1">
    <extent>
      <charseq START="8789" END="8803">January 3, 1777</charseq>
    </extent>
  </timex2_mention>
</timex2>
<timex2 ID="04_AmRevWar-T43"  VAL="XXXX-WI">
  <timex2_mention ID="04_AmRevWar-T43-1">
    <extent>
      <charseq START="8830" END="8835">winter</charseq>
    </extent>
  </timex2_mention>
</timex2>
<timex2 ID="04_AmRevWar-T44"  VAL="1777-WI">
  <timex2_mention ID="04_AmRevWar-T44-1">
    <extent>
      <charseq START="9001" END="9010">the winter</charseq>
    </extent>
  </timex2_mention>
</timex2>
<timex2 ID="04_AmRevWar-T45"  VAL="1776-02">
  <timex2_mention ID="04_AmRevWar-T45-1">
    <extent>
      <charseq START="9223" END="9235">February 1776</charseq>
    </extent>
  </timex2_mention>
</timex2>
<timex2 ID="04_AmRevWar-T46"  VAL="1776-06">
  <timex2_mention ID="04_AmRevWar-T46-1">
    <extent>
      <charseq START="9416" END="9419">June</charseq>
    </extent>
  </timex2_mention>
</timex2>
<timex2 ID="04_AmRevWar-T47"  VAL="1781">
  <timex2_mention ID="04_AmRevWar-T47-1">
    <extent>
      <charseq START="9783" END="9786">1781</charseq>
    </extent>
  </timex2_mention>
</timex2>
<timex2 ID="04_AmRevWar-T48"  VAL="1777">
  <timex2_mention ID="04_AmRevWar-T48-1">
    <extent>
      <charseq START="9958" END="9961">1777</charseq>
    </extent>
  </timex2_mention>
</timex2>
<timex2 ID="04_AmRevWar-T49"  VAL="1777">
  <timex2_mention ID="04_AmRevWar-T49-1">
    <extent>
      <charseq START="10402" END="10405">1777</charseq>
    </extent>
  </timex2_mention>
</timex2>
<timex2 ID="04_AmRevWar-T50"  VAL="1777">
  <timex2_mention ID="04_AmRevWar-T50-1">
    <extent>
      <charseq START="10454" END="10457">1777</charseq>
    </extent>
  </timex2_mention>
</timex2>
<timex2 ID="04_AmRevWar-T51"  VAL="1777-06">
  <timex2_mention ID="04_AmRevWar-T51-1">
    <extent>
      <charseq START="10962" END="10965">June</charseq>
    </extent>
  </timex2_mention>
</timex2>
<timex2 ID="04_AmRevWar-T52"  MOD="START" VAL="1777-07">
  <timex2_mention ID="04_AmRevWar-T52-1">
    <extent>
      <charseq START="11003" END="11012">early July</charseq>
    </extent>
  </timex2_mention>
</timex2>
<timex2 ID="04_AmRevWar-T53"  VAL="1777-08">
  <timex2_mention ID="04_AmRevWar-T53-1">
    <extent>
      <charseq START="11230" END="11235">August</charseq>
    </extent>
  </timex2_mention>
</timex2>
<timex2 ID="04_AmRevWar-T54"  VAL="1777-09">
  <timex2_mention ID="04_AmRevWar-T54-1">
    <extent>
      <charseq START="12155" END="12163">September</charseq>
    </extent>
  </timex2_mention>
</timex2>
<timex2 ID="04_AmRevWar-T55"  ANCHOR_DIR="AS_OF" ANCHOR_VAL="1777-09" VAL="PRESENT_REF">
  <timex2_mention ID="04_AmRevWar-T55-1">
    <extent>
      <charseq START="12209" END="12211">now</charseq>
    </extent>
  </timex2_mention>
</timex2>
<timex2 ID="04_AmRevWar-T56"  MOD="START" VAL="1777-10">
  <timex2_mention ID="04_AmRevWar-T56-1">
    <extent>
      <charseq START="12444" END="12467">the beginning of October</charseq>
    </extent>
  </timex2_mention>
</timex2>
<timex2 ID="04_AmRevWar-T57"  VAL="1777-10-17">
  <timex2_mention ID="04_AmRevWar-T57-1">
    <extent>
      <charseq START="12553" END="12562">October 17</charseq>
    </extent>
  </timex2_mention>
</timex2>
<timex2 ID="04_AmRevWar-T58"  ANCHOR_DIR="STARTING" ANCHOR_VAL="1775" COMMENT="EC:EVENT-BASED" VAL="P2Y">
  <timex2_mention ID="04_AmRevWar-T58-1">
    <extent>
      <charseq START="12831" END="12862">two years of semi-secret support</charseq>
    </extent>
  </timex2_mention>
</timex2>
<timex2 ID="04_AmRevWar-T59"  ANCHOR_DIR="AS_OF" ANCHOR_VAL="1777-10-17" VAL="PRESENT_REF">
  <timex2_mention ID="04_AmRevWar-T59-1">
    <extent>
      <charseq START="12894" END="12896">now</charseq>
    </extent>
  </timex2_mention>
</timex2>
<timex2 ID="04_AmRevWar-T60"  VAL="1776">
  <timex2_mention ID="04_AmRevWar-T60-1">
    <extent>
      <charseq START="12984" END="12987">1776</charseq>
    </extent>
  </timex2_mention>
</timex2>
<timex2 ID="04_AmRevWar-T61"  VAL="1777">
  <timex2_mention ID="04_AmRevWar-T61-1">
    <extent>
      <charseq START="13088" END="13091">1777</charseq>
    </extent>
  </timex2_mention>
</timex2>
<timex2 ID="04_AmRevWar-T62"  MOD="END" VAL="1777-08">
  <timex2_mention ID="04_AmRevWar-T62-1">
    <extent>
      <charseq START="13136" END="13146">late August</charseq>
    </extent>
  </timex2_mention>
</timex2>
<timex2 ID="04_AmRevWar-T63"  VAL="1777-09-11">
  <timex2_mention ID="04_AmRevWar-T63-1">
    <extent>
      <charseq START="13305" END="13322">September 11, 1777</charseq>
    </extent>
  </timex2_mention>
</timex2>
<timex2 ID="04_AmRevWar-T64"  VAL="1777-09-26">
  <timex2_mention ID="04_AmRevWar-T64-1">
    <extent>
      <charseq START="13387" END="13398">September 26</charseq>
    </extent>
  </timex2_mention>
</timex2>
<timex2 ID="04_AmRevWar-T65"  MOD="START" VAL="1777-10">
  <timex2_mention ID="04_AmRevWar-T65-1">
    <extent>
      <charseq START="13558" END="13570">early October</charseq>
    </extent>
  </timex2_mention>
</timex2>
<timex2 ID="04_AmRevWar-T66"  VAL="1777-12">
  <timex2_mention ID="04_AmRevWar-T66-1">
    <extent>
      <charseq START="13711" END="13723">December 1777</charseq>
    </extent>
  </timex2_mention>
</timex2>
<timex2 ID="04_AmRevWar-T67"  ANCHOR_DIR="STARTING" ANCHOR_VAL="1777-12" VAL="P6M">
  <timex2_mention ID="04_AmRevWar-T67-1">
    <extent>
      <charseq START="13790" END="13808">the next six months</charseq>
    </extent>
  </timex2_mention>
</timex2>
<timex2 ID="04_AmRevWar-T68"  VAL="1778-WI">
  <timex2_mention ID="04_AmRevWar-T68-1">
    <extent>
      <charseq START="13816" END="13825">the winter</charseq>
    </extent>
  </timex2_mention>
</timex2>
<timex2 ID="04_AmRevWar-T69"  VAL="1778-SP">
  <timex2_mention ID="04_AmRevWar-T69-1">
    <extent>
      <charseq START="13886" END="13900">The next spring</charseq>
    </extent>
  </timex2_mention>
</timex2>
<timex2 ID="04_AmRevWar-T70"  VAL="PRESENT_REF">
  <timex2_mention ID="04_AmRevWar-T70-1">
    <extent>
      <charseq START="14289" END="14291">now</charseq>
    </extent>
  </timex2_mention>
</timex2>
<timex2 ID="04_AmRevWar-T71"  VAL="1778-06-28">
  <timex2_mention ID="04_AmRevWar-T71-1">
    <extent>
      <charseq START="14433" END="14445">June 28, 1778</charseq>
    </extent>
  </timex2_mention>
</timex2>
<timex2 ID="04_AmRevWar-T72"  VAL="1778-07">
  <timex2_mention ID="04_AmRevWar-T72-1">
    <extent>
      <charseq START="14524" END="14527">July</charseq>
    </extent>
  </timex2_mention>
</timex2>
<timex2 ID="04_AmRevWar-T73"  VAL="1776">
  <timex2_mention ID="04_AmRevWar-T73-1">
    <extent>
      <charseq START="14746" END="14762">two years earlier</charseq>
    </extent>
  </timex2_mention>
</timex2>
<timex2 ID="04_AmRevWar-T74"  ANCHOR_DIR="AS_OF" ANCHOR_VAL="1778" VAL="PRESENT_REF">
  <timex2_mention ID="04_AmRevWar-T74-1">
    <extent>
      <charseq START="14791" END="14793">now</charseq>
    </extent>
  </timex2_mention>
</timex2>
<timex2 ID="04_AmRevWar-T75"  VAL="1778">
  <timex2_mention ID="04_AmRevWar-T75-1">
    <extent>
      <charseq START="14827" END="14830">1778</charseq>
    </extent>
  </timex2_mention>
</timex2>
<timex2 ID="04_AmRevWar-T76"  VAL="1783">
  <timex2_mention ID="04_AmRevWar-T76-1">
    <extent>
      <charseq START="14832" END="14835">1783</charseq>
    </extent>
  </timex2_mention>
</timex2>
<timex2 ID="04_AmRevWar-T77"  VAL="1778">
  <timex2_mention ID="04_AmRevWar-T77-1">
    <extent>
      <charseq START="14841" END="14844">1778</charseq>
    </extent>
  </timex2_mention>
</timex2>
<timex2 ID="04_AmRevWar-T78"  VAL="1776">
  <timex2_mention ID="04_AmRevWar-T78-1">
    <extent>
      <charseq START="15005" END="15008">1776</charseq>
    </extent>
  </timex2_mention>
</timex2>
<timex2 ID="04_AmRevWar-T79"  VAL="1777-05-02">
  <timex2_mention ID="04_AmRevWar-T79-1">
    <extent>
      <charseq START="15426" END="15436">2 May, 1777</charseq>
    </extent>
  </timex2_mention>
</timex2>
<timex2 ID="04_AmRevWar-T80"  VAL="1778-02-06">
  <timex2_mention ID="04_AmRevWar-T80-1">
    <extent>
      <charseq START="15554" END="15569">February 6, 1778</charseq>
    </extent>
  </timex2_mention>
</timex2>
<timex2 ID="04_AmRevWar-T81"  VAL="1779-06">
  <timex2_mention ID="04_AmRevWar-T81-1">
    <extent>
      <charseq START="15692" END="15700">June 1779</charseq>
    </extent>
  </timex2_mention>
</timex2>
<timex2 ID="04_AmRevWar-T82"  MOD="END" VAL="1780">
  <timex2_mention ID="04_AmRevWar-T82-1">
    <extent>
      <charseq START="16135" END="16149">the end of 1780</charseq>
    </extent>
  </timex2_mention>
</timex2>
<timex2 ID="04_AmRevWar-T83"  VAL="1781">
  <timex2_mention ID="04_AmRevWar-T83-1">
    <extent>
      <charseq START="16911" END="16914">1781</charseq>
    </extent>
  </timex2_mention>
</timex2>
<timex2 ID="04_AmRevWar-T84"  VAL="XXXX-XX-XX">
  <timex2_mention ID="04_AmRevWar-T84-1">
    <extent>
      <charseq START="17152" END="17158">the day</charseq>
    </extent>
  </timex2_mention>
</timex2>
<timex2 ID="04_AmRevWar-T85"  ANCHOR_DIR="STARTING" ANCHOR_VAL="1775" COMMENT="EC:EVENT-BASED;" VAL="P3Y">
  <timex2_mention ID="04_AmRevWar-T85-1">
    <extent>
      <charseq START="18001" END="18032">the first three years of the war</charseq>
    </extent>
  </timex2_mention>
</timex2>
<timex2 ID="04_AmRevWar-T86"  VAL="1775-10">
  <timex2_mention ID="04_AmRevWar-T86-1">
    <extent>
      <charseq START="18753" END="18764">October 1775</charseq>
    </extent>
  </timex2_mention>
</timex2>
<timex2 ID="04_AmRevWar-T87"  VAL="1778-04-24">
  <timex2_mention ID="04_AmRevWar-T87-1">
    <extent>
      <charseq START="18897" END="18910">April 24, 1778</charseq>
    </extent>
  </timex2_mention>
</timex2>
<timex2 ID="04_AmRevWar-T88"  VAL="PRESENT_REF">
  <timex2_mention ID="04_AmRevWar-T88-1">
    <extent>
      <charseq START="19059" END="19061">now</charseq>
    </extent>
  </timex2_mention>
</timex2>
<timex2 ID="04_AmRevWar-T89"  VAL="1778">
  <timex2_mention ID="04_AmRevWar-T89-1">
    <extent>
      <charseq START="19168" END="19171">1778</charseq>
    </extent>
  </timex2_mention>
</timex2>
<timex2 ID="04_AmRevWar-T90"  VAL="1779">
  <timex2_mention ID="04_AmRevWar-T90-1">
    <extent>
      <charseq START="19199" END="19202">1779</charseq>
    </extent>
  </timex2_mention>
</timex2>
<timex2 ID="04_AmRevWar-T91"  VAL="1780-07">
  <timex2_mention ID="04_AmRevWar-T91-1">
    <extent>
      <charseq START="19596" END="19604">July 1780</charseq>
    </extent>
  </timex2_mention>
</timex2>
<timex2 ID="04_AmRevWar-T92"  VAL="1704">
  <timex2_mention ID="04_AmRevWar-T92-1">
    <extent>
      <charseq START="19794" END="19797">1704</charseq>
    </extent>
  </timex2_mention>
</timex2>
<timex2 ID="04_AmRevWar-T93"  MOD="MORE_THAN" VAL="P3Y">
  <timex2_mention ID="04_AmRevWar-T93-1">
    <extent>
      <charseq START="19827" END="19847">more than three years</charseq>
    </extent>
  </timex2_mention>
</timex2>
<timex2 ID="04_AmRevWar-T94"  VAL="1780">
  <timex2_mention ID="04_AmRevWar-T94-1">
    <extent>
      <charseq START="19986" END="19989">1780</charseq>
    </extent>
  </timex2_mention>
</timex2>
<timex2 ID="04_AmRevWar-T95"  VAL="1782-02-05">
  <timex2_mention ID="04_AmRevWar-T95-1">
    <extent>
      <charseq START="20229" END="20244">February 5, 1782</charseq>
    </extent>
  </timex2_mention>
</timex2>
<timex2 ID="04_AmRevWar-T96"  VAL="1779">
  <timex2_mention ID="04_AmRevWar-T96-1">
    <extent>
      <charseq START="20378" END="20381">1779</charseq>
    </extent>
  </timex2_mention>
</timex2>
<timex2 ID="04_AmRevWar-T97"  VAL="1782-04">
  <timex2_mention ID="04_AmRevWar-T97-1">
    <extent>
      <charseq START="20579" END="20588">April 1782</charseq>
    </extent>
  </timex2_mention>
</timex2>
<timex2 ID="04_AmRevWar-T98"  VAL="1782-05-08">
  <timex2_mention ID="04_AmRevWar-T98-1">
    <extent>
      <charseq START="20750" END="20760">May 8, 1782</charseq>
    </extent>
  </timex2_mention>
</timex2>
<timex2 ID="04_AmRevWar-T99"  VAL="1783">
  <timex2_mention ID="04_AmRevWar-T99-1">
    <extent>
      <charseq START="21049" END="21052">1783</charseq>
    </extent>
  </timex2_mention>
</timex2>
<timex2 ID="04_AmRevWar-T100"  VAL="1779">
  <timex2_mention ID="04_AmRevWar-T100-1">
    <extent>
      <charseq START="21177" END="21180">1779</charseq>
    </extent>
  </timex2_mention>
</timex2>
<timex2 ID="04_AmRevWar-T101"  VAL="1780">
  <timex2_mention ID="04_AmRevWar-T101-1">
    <extent>
      <charseq START="21277" END="21280">1780</charseq>
    </extent>
  </timex2_mention>
</timex2>
<timex2 ID="04_AmRevWar-T102"  VAL="1781">
  <timex2_mention ID="04_AmRevWar-T102-1">
    <extent>
      <charseq START="21346" END="21349">1781</charseq>
    </extent>
  </timex2_mention>
</timex2>
<timex2 ID="04_AmRevWar-T103"  ANCHOR_DIR="AS_OF" ANCHOR_VAL="2009-12-19" VAL="PRESENT_REF">
  <timex2_mention ID="04_AmRevWar-T103-1">
    <extent>
      <charseq START="21606" END="21616">present-day</charseq>
    </extent>
  </timex2_mention>
</timex2>
<timex2 ID="04_AmRevWar-T104"  VAL="1779">
  <timex2_mention ID="04_AmRevWar-T104-1">
    <extent>
      <charseq START="21695" END="21698">1779</charseq>
    </extent>
  </timex2_mention>
</timex2>
<timex2 ID="04_AmRevWar-T105"  VAL="1780">
  <timex2_mention ID="04_AmRevWar-T105-1">
    <extent>
      <charseq START="21716" END="21719">1780</charseq>
    </extent>
  </timex2_mention>
</timex2>
<timex2 ID="04_AmRevWar-T106"  VAL="1778">
  <timex2_mention ID="04_AmRevWar-T106-1">
    <extent>
      <charseq START="22013" END="22016">1778</charseq>
    </extent>
  </timex2_mention>
</timex2>
<timex2 ID="04_AmRevWar-T107"  ANCHOR_DIR="AFTER" ANCHOR_VAL="1778-01-01" COMMENT="EC:EVENT-BASED;" VAL="P2M">
  <timex2_mention ID="04_AmRevWar-T107-1">
    <extent>
      <charseq START="22160" END="22178">two months of siege</charseq>
    </extent>
  </timex2_mention>
</timex2>
<timex2 ID="04_AmRevWar-T108"  VAL="1780">
  <timex2_mention ID="04_AmRevWar-T108-1">
    <extent>
      <charseq START="22419" END="22422">1780</charseq>
    </extent>
  </timex2_mention>
</timex2>
<timex2 ID="04_AmRevWar-T109"  VAL="1784">
  <timex2_mention ID="04_AmRevWar-T109-1">
    <extent>
      <charseq START="22599" END="22602">1784</charseq>
    </extent>
  </timex2_mention>
</timex2>
<timex2 ID="04_AmRevWar-T110"  VAL="1782">
  <timex2_mention ID="04_AmRevWar-T110-1">
    <extent>
      <charseq START="22654" END="22657">1782</charseq>
    </extent>
  </timex2_mention>
</timex2>
<timex2 ID="04_AmRevWar-T111"  VAL="1783">
  <timex2_mention ID="04_AmRevWar-T111-1">
    <extent>
      <charseq START="22663" END="22666">1783</charseq>
    </extent>
  </timex2_mention>
</timex2>
<timex2 ID="04_AmRevWar-T112"  VAL="1779-12">
  <timex2_mention ID="04_AmRevWar-T112-1">
    <extent>
      <charseq START="23599" END="23611">December 1779</charseq>
    </extent>
  </timex2_mention>
</timex2>
<timex2 ID="04_AmRevWar-T113"  VAL="1780-12">
  <timex2_mention ID="04_AmRevWar-T113-1">
    <extent>
      <charseq START="23742" END="23754">December 1780</charseq>
    </extent>
  </timex2_mention>
</timex2>
<timex2 ID="04_AmRevWar-T114"  VAL="1784">
  <timex2_mention ID="04_AmRevWar-T114-1">
    <extent>
      <charseq START="24025" END="24028">1784</charseq>
    </extent>
  </timex2_mention>
</timex2>
<timex2 ID="04_AmRevWar-T115"  VAL="1782">
  <timex2_mention ID="04_AmRevWar-T115-1">
    <extent>
      <charseq START="24240" END="24243">1782</charseq>
    </extent>
  </timex2_mention>
</timex2>
<timex2 ID="04_AmRevWar-T116"  ANCHOR_DIR="STARTING" ANCHOR_VAL="1775" COMMENT="EC:EVENT-BASED;" VAL="P3Y">
  <timex2_mention ID="04_AmRevWar-T116-1">
    <extent>
      <charseq START="24355" END="24409">the first three years of the American Revolutionary War</charseq>
    </extent>
  </timex2_mention>
</timex2>
<timex2 ID="04_AmRevWar-T117"  VAL="1778-12-29">
  <timex2_mention ID="04_AmRevWar-T117-1">
    <extent>
      <charseq START="25009" END="25025">December 29, 1778</charseq>
    </extent>
  </timex2_mention>
</timex2>
<timex2 ID="04_AmRevWar-T118"  VAL="1779-10-09">
  <timex2_mention ID="04_AmRevWar-T118-1">
    <extent>
      <charseq START="25181" END="25195">October 9, 1779</charseq>
    </extent>
  </timex2_mention>
</timex2>
<timex2 ID="04_AmRevWar-T119"  VAL="1780-05-12">
  <timex2_mention ID="04_AmRevWar-T119-1">
    <extent>
      <charseq START="25290" END="25301">May 12, 1780</charseq>
    </extent>
  </timex2_mention>
</timex2>
<timex2 ID="04_AmRevWar-T120"  VAL="1780-05-29">
  <timex2_mention ID="04_AmRevWar-T120-1">
    <extent>
      <charseq START="25629" END="25640">May 29, 1780</charseq>
    </extent>
  </timex2_mention>
</timex2>
<timex2 ID="04_AmRevWar-T121"  VAL="1780-08-16">
  <timex2_mention ID="04_AmRevWar-T121-1">
    <extent>
      <charseq START="25895" END="25909">August 16, 1780</charseq>
    </extent>
  </timex2_mention>
</timex2>
<timex2 ID="04_AmRevWar-T122"  VAL="1780-10-07">
  <timex2_mention ID="04_AmRevWar-T122-1">
    <extent>
      <charseq START="26139" END="26153">October 7, 1780</charseq>
    </extent>
  </timex2_mention>
</timex2>
<timex2 ID="04_AmRevWar-T123"  VAL="1781-01-17">
  <timex2_mention ID="04_AmRevWar-T123-1">
    <extent>
      <charseq START="26238" END="26253">January 17, 1781</charseq>
    </extent>
  </timex2_mention>
</timex2>
<timex2 ID="04_AmRevWar-T124"  VAL="1781-03">
  <timex2_mention ID="04_AmRevWar-T124-1">
    <extent>
      <charseq START="26584" END="26588">March</charseq>
    </extent>
  </timex2_mention>
</timex2>
<timex2 ID="04_AmRevWar-T125"  VAL="1781-03">
  <timex2_mention ID="04_AmRevWar-T125-1">
    <extent>
      <charseq START="26982" END="26991">March 1781</charseq>
    </extent>
  </timex2_mention>
</timex2>
<timex2 ID="04_AmRevWar-T126"  VAL="1781-04">
  <timex2_mention ID="04_AmRevWar-T126-1">
    <extent>
      <charseq START="27069" END="27073">April</charseq>
    </extent>
  </timex2_mention>
</timex2>
<timex2 ID="04_AmRevWar-T127"  ANCHOR_DIR="BEFORE" ANCHOR_VAL="1781-04" VAL="PAST_REF">
  <timex2_mention ID="04_AmRevWar-T127-1">
    <extent>
      <charseq START="27102" END="27109">recently</charseq>
    </extent>
  </timex2_mention>
</timex2>
<timex2 ID="04_AmRevWar-T128"  VAL="1781-07">
  <timex2_mention ID="04_AmRevWar-T128-1">
    <extent>
      <charseq START="27496" END="27499">July</charseq>
    </extent>
  </timex2_mention>
</timex2>
<timex2 ID="04_AmRevWar-T129"  VAL="1778">
  <timex2_mention ID="04_AmRevWar-T129-1">
    <extent>
      <charseq START="28095" END="28098">1778</charseq>
    </extent>
  </timex2_mention>
</timex2>
<timex2 ID="04_AmRevWar-T130"  VAL="1779-SU">
  <timex2_mention ID="04_AmRevWar-T130-1">
    <extent>
      <charseq START="28181" END="28198">the summer of 1779</charseq>
    </extent>
  </timex2_mention>
</timex2>
<timex2 ID="04_AmRevWar-T131"  VAL="XXXX-WI">
  <timex2_mention ID="04_AmRevWar-T131-1">
    <extent>
      <charseq START="28284" END="28289">winter</charseq>
    </extent>
  </timex2_mention>
</timex2>
<timex2 ID="04_AmRevWar-T132"  VAL="1778-SU">
  <timex2_mention ID="04_AmRevWar-T132-1">
    <extent>
      <charseq START="28618" END="28635">the summer of 1778</charseq>
    </extent>
  </timex2_mention>
</timex2>
<timex2 ID="04_AmRevWar-T133"  VAL="1779-02">
  <timex2_mention ID="04_AmRevWar-T133-1">
    <extent>
      <charseq START="28757" END="28769">February 1779</charseq>
    </extent>
  </timex2_mention>
</timex2>
<timex2 ID="04_AmRevWar-T134"  VAL="1782-03">
  <timex2_mention ID="04_AmRevWar-T134-1">
    <extent>
      <charseq START="28805" END="28814">March 1782</charseq>
    </extent>
  </timex2_mention>
</timex2>
<timex2 ID="04_AmRevWar-T135"  VAL="1782-08">
  <timex2_mention ID="04_AmRevWar-T135-1">
    <extent>
      <charseq START="29044" END="29054">August 1782</charseq>
    </extent>
  </timex2_mention>
</timex2>
<timex2 ID="04_AmRevWar-T136"  VAL="1781">
  <timex2_mention ID="04_AmRevWar-T136-1">
    <extent>
      <charseq START="29167" END="29170">1781</charseq>
    </extent>
  </timex2_mention>
</timex2>
<timex2 ID="04_AmRevWar-T137"  MOD="START" VAL="1781-09">
  <timex2_mention ID="04_AmRevWar-T137-1">
    <extent>
      <charseq START="29198" END="29212">early September</charseq>
    </extent>
  </timex2_mention>
</timex2>
<timex2 ID="04_AmRevWar-T138"  MOD="START" VAL="1781-10">
  <timex2_mention ID="04_AmRevWar-T138-1">
    <extent>
      <charseq START="29480" END="29492">early October</charseq>
    </extent>
  </timex2_mention>
</timex2>
<timex2 ID="04_AmRevWar-T139"  ANCHOR_DIR="ENDING" ANCHOR_VAL="1781-10-19" VAL="PXD">
  <timex2_mention ID="04_AmRevWar-T139-1">
    <extent>
      <charseq START="29499" END="29510">several days</charseq>
    </extent>
  </timex2_mention>
</timex2>
<timex2 ID="04_AmRevWar-T140"  VAL="1781-10-19">
  <timex2_mention ID="04_AmRevWar-T140-1">
    <extent>
      <charseq START="29668" END="29683">October 19, 1781</charseq>
    </extent>
  </timex2_mention>
</timex2>
<timex2 ID="04_AmRevWar-T141"  VAL="1782-03">
  <timex2_mention ID="04_AmRevWar-T141-1">
    <extent>
      <charseq START="30141" END="30150">March 1782</charseq>
    </extent>
  </timex2_mention>
</timex2>
<timex2 ID="04_AmRevWar-T142"  VAL="1782-04">
  <timex2_mention ID="04_AmRevWar-T142-1">
    <extent>
      <charseq START="30156" END="30165">April 1782</charseq>
    </extent>
  </timex2_mention>
</timex2>
<timex2 ID="04_AmRevWar-T143"  MOD="END" VAL="1782-11">
  <timex2_mention ID="04_AmRevWar-T143-1">
    <extent>
      <charseq START="30264" END="30288">the end of November, 1782</charseq>
    </extent>
  </timex2_mention>
</timex2>
<timex2 ID="04_AmRevWar-T144"  VAL="1783-09-03">
  <timex2_mention ID="04_AmRevWar-T144-1">
    <extent>
      <charseq START="30371" END="30387">September 3, 1783</charseq>
    </extent>
  </timex2_mention>
</timex2>
<timex2 ID="04_AmRevWar-T145"  VAL="1784-01-14">
  <timex2_mention ID="04_AmRevWar-T145-1">
    <extent>
      <charseq START="30465" END="30480">January 14, 1784</charseq>
    </extent>
  </timex2_mention>
</timex2>
<timex2 ID="04_AmRevWar-T146"  VAL="1783-11-25">
  <timex2_mention ID="04_AmRevWar-T146-1">
    <extent>
      <charseq START="30529" END="30545">November 25, 1783</charseq>
    </extent>
  </timex2_mention>
</timex2>
<timex2 ID="04_AmRevWar-T147"  ANCHOR_DIR="AFTER" ANCHOR_VAL="1783" VAL="PXY">
  <timex2_mention ID="04_AmRevWar-T147-1">
    <extent>
      <charseq START="30954" END="30969">the coming years</charseq>
    </extent>
  </timex2_mention>
</timex2>
</document>
</source_file>
