<?xml version="1.0"?>
<!DOCTYPE source_file SYSTEM "apf.v5.1.2.dtd">
<source_file URI="keyinline/05_VietnamWar.key.xml" SOURCE="05_wikipedia" TYPE="text">
<document DOCID="05_VietnamWar">
<timex2 ID="05_VietnamWar-T1"  VAL="2009-12-19T17:00:00">
  <timex2_mention ID="05_VietnamWar-T1-1">
    <extent>
      <charseq START="34" END="52">2009-12-19T17:00:00</charseq>
    </extent>
  </timex2_mention>
</timex2>
<timex2 ID="05_VietnamWar-T2"  ANCHOR_DIR="STARTING" ANCHOR_VAL="1955" VAL="P9Y">
  <timex2_mention ID="05_VietnamWar-T2-1">
    <extent>
      <charseq START="56" END="63">Diem era</charseq>
    </extent>
  </timex2_mention>
</timex2>
<timex2 ID="05_VietnamWar-T3"  VAL="1955">
  <timex2_mention ID="05_VietnamWar-T3-1">
    <extent>
      <charseq START="66" END="69">1955</charseq>
    </extent>
  </timex2_mention>
</timex2>
<timex2 ID="05_VietnamWar-T4"  VAL="1963">
  <timex2_mention ID="05_VietnamWar-T4-1">
    <extent>
      <charseq START="71" END="74">1963</charseq>
    </extent>
  </timex2_mention>
</timex2>
<timex2 ID="05_VietnamWar-T5"  VAL="1954">
  <timex2_mention ID="05_VietnamWar-T5-1">
    <extent>
      <charseq START="143" END="146">1954</charseq>
    </extent>
  </timex2_mention>
</timex2>
<timex2 ID="05_VietnamWar-T6"  VAL="1956-07-20">
  <timex2_mention ID="05_VietnamWar-T6-1">
    <extent>
      <charseq START="244" END="255">20 July 1956</charseq>
    </extent>
  </timex2_mention>
</timex2>
<timex2 ID="05_VietnamWar-T7"  VAL="1955-06">
  <timex2_mention ID="05_VietnamWar-T7-1">
    <extent>
      <charseq START="427" END="435">June 1955</charseq>
    </extent>
  </timex2_mention>
</timex2>
<timex2 ID="05_VietnamWar-T8"  VAL="1954">
  <timex2_mention ID="05_VietnamWar-T8-1">
    <extent>
      <charseq START="821" END="824">1954</charseq>
    </extent>
  </timex2_mention>
</timex2>
<timex2 ID="05_VietnamWar-T9"  VAL="1954">
  <timex2_mention ID="05_VietnamWar-T9-1">
    <extent>
      <charseq START="1529" END="1532">1954</charseq>
    </extent>
  </timex2_mention>
</timex2>
<timex2 ID="05_VietnamWar-T10"  ANCHOR_DIR="BEFORE" ANCHOR_VAL="1954" VAL="PAST_REF">
  <timex2_mention ID="05_VietnamWar-T10-1">
    <extent>
      <charseq START="1537" END="1542">former</charseq>
    </extent>
  </timex2_mention>
</timex2>
<timex2 ID="05_VietnamWar-T11"  VAL="1955-04">
  <timex2_mention ID="05_VietnamWar-T11-1">
    <extent>
      <charseq START="2280" END="2284">April</charseq>
    </extent>
  </timex2_mention>
</timex2>
<timex2 ID="05_VietnamWar-T12"  VAL="1955-06">
  <timex2_mention ID="05_VietnamWar-T12-1">
    <extent>
      <charseq START="2290" END="2298">June 1955</charseq>
    </extent>
  </timex2_mention>
</timex2>
<timex2 ID="05_VietnamWar-T13"  VAL="1955-SU">
  <timex2_mention ID="05_VietnamWar-T13-1">
    <extent>
      <charseq START="2702" END="2719">the summer of 1955</charseq>
    </extent>
  </timex2_mention>
</timex2>
<timex2 ID="05_VietnamWar-T14"  VAL="1956-08">
  <timex2_mention ID="05_VietnamWar-T14-1">
    <extent>
      <charseq START="2966" END="2976">August 1956</charseq>
    </extent>
  </timex2_mention>
</timex2>
<timex2 ID="05_VietnamWar-T15" >
  <timex2_mention ID="05_VietnamWar-T15-1">
    <extent>
      <charseq START="3100" END="3110">this period</charseq>
    </extent>
  </timex2_mention>
</timex2>
<timex2 ID="05_VietnamWar-T16"  VAL="1955">
  <timex2_mention ID="05_VietnamWar-T16-1">
    <extent>
      <charseq START="3766" END="3779">the years 1955</charseq>
    </extent>
  </timex2_mention>
</timex2>
<timex2 ID="05_VietnamWar-T17"  VAL="1957">
  <timex2_mention ID="05_VietnamWar-T17-1">
    <extent>
      <charseq START="3781" END="3784">1957</charseq>
    </extent>
  </timex2_mention>
</timex2>
<timex2 ID="05_VietnamWar-T18"  MOD="END" VAL="1958">
  <timex2_mention ID="05_VietnamWar-T18-1">
    <extent>
      <charseq START="3793" END="3807">the end of 1958</charseq>
    </extent>
  </timex2_mention>
</timex2>
<timex2 ID="05_VietnamWar-T19"  ANCHOR_DIR="AFTER" ANCHOR_VAL="1955" COMMENT="EC:EVENT-BASED" VAL="FUTURE_REF">
  <timex2_mention ID="05_VietnamWar-T19-1">
    <extent>
      <charseq START="3885" END="3910">the future of the monarchy</charseq>
    </extent>
  </timex2_mention>
</timex2>
<timex2 ID="05_VietnamWar-T20"  VAL="1955-10-26">
  <timex2_mention ID="05_VietnamWar-T20-1">
    <extent>
      <charseq START="4201" END="4215">26 October 1955</charseq>
    </extent>
  </timex2_mention>
</timex2>
<timex2 ID="05_VietnamWar-T21"  VAL="1956-05">
  <timex2_mention ID="05_VietnamWar-T21-1">
    <extent>
      <charseq START="4681" END="4683">May</charseq>
    </extent>
  </timex2_mention>
</timex2>
<timex2 ID="05_VietnamWar-T22"  ANCHOR_DIR="WITHIN" ANCHOR_VAL="1955-05" VAL="P10D">
  <timex2_mention ID="05_VietnamWar-T22-1">
    <extent>
      <charseq START="4703" END="4709">ten-day</charseq>
    </extent>
  </timex2_mention>
</timex2>
<timex2 ID="05_VietnamWar-T23"  VAL="1956">
  <timex2_mention ID="05_VietnamWar-T23-1">
    <extent>
      <charseq START="5033" END="5036">1956</charseq>
    </extent>
  </timex2_mention>
</timex2>
<timex2 ID="05_VietnamWar-T24"  VAL="1960">
  <timex2_mention ID="05_VietnamWar-T24-1">
    <extent>
      <charseq START="5038" END="5041">1960</charseq>
    </extent>
  </timex2_mention>
</timex2>
<timex2 ID="05_VietnamWar-T25"  VAL="1954">
  <timex2_mention ID="05_VietnamWar-T25-1">
    <extent>
      <charseq START="5132" END="5135">1954</charseq>
    </extent>
  </timex2_mention>
</timex2>
<timex2 ID="05_VietnamWar-T26"  VAL="1956-12">
  <timex2_mention ID="05_VietnamWar-T26-1">
    <extent>
      <charseq START="5350" END="5362">December 1956</charseq>
    </extent>
  </timex2_mention>
</timex2>
<timex2 ID="05_VietnamWar-T27"  VAL="1957">
  <timex2_mention ID="05_VietnamWar-T27-1">
    <extent>
      <charseq START="6742" END="6745">1957</charseq>
    </extent>
  </timex2_mention>
</timex2>
<timex2 ID="05_VietnamWar-T28"  VAL="1958">
  <timex2_mention ID="05_VietnamWar-T28-1">
    <extent>
      <charseq START="7106" END="7109">1958</charseq>
    </extent>
  </timex2_mention>
</timex2>
<timex2 ID="05_VietnamWar-T29"  VAL="1959-01">
  <timex2_mention ID="05_VietnamWar-T29-1">
    <extent>
      <charseq START="7385" END="7396">January 1959</charseq>
    </extent>
  </timex2_mention>
</timex2>
<timex2 ID="05_VietnamWar-T30"  VAL="1959-05">
  <timex2_mention ID="05_VietnamWar-T30-1">
    <extent>
      <charseq START="7748" END="7750">May</charseq>
    </extent>
  </timex2_mention>
</timex2>
<timex2 ID="05_VietnamWar-T31"  VAL="1960-12-12">
  <timex2_mention ID="05_VietnamWar-T31-1">
    <extent>
      <charseq START="7924" END="7939">12 December 1960</charseq>
    </extent>
  </timex2_mention>
</timex2>
<timex2 ID="05_VietnamWar-T32"  VAL="1960-11">
  <timex2_mention ID="05_VietnamWar-T32-1">
    <extent>
      <charseq START="8339" END="8351">November 1960</charseq>
    </extent>
  </timex2_mention>
</timex2>
<timex2 ID="05_VietnamWar-T33"  VAL="1960">
  <timex2_mention ID="05_VietnamWar-T33-1">
    <extent>
      <charseq START="8678" END="8681">1960</charseq>
    </extent>
  </timex2_mention>
</timex2>
<timex2 ID="05_VietnamWar-T34"  VAL="1963">
  <timex2_mention ID="05_VietnamWar-T34-1">
    <extent>
      <charseq START="8683" END="8686">1963</charseq>
    </extent>
  </timex2_mention>
</timex2>
<timex2 ID="05_VietnamWar-T35"  VAL="1960">
  <timex2_mention ID="05_VietnamWar-T35-1">
    <extent>
      <charseq START="8718" END="8721">1960</charseq>
    </extent>
  </timex2_mention>
</timex2>
<timex2 ID="05_VietnamWar-T36"  VAL="1961-06">
  <timex2_mention ID="05_VietnamWar-T36-1">
    <extent>
      <charseq START="9220" END="9228">June 1961</charseq>
    </extent>
  </timex2_mention>
</timex2>
<timex2 ID="05_VietnamWar-T37"  VAL="1961">
  <timex2_mention ID="05_VietnamWar-T37-1">
    <extent>
      <charseq START="10037" END="10040">1961</charseq>
    </extent>
  </timex2_mention>
</timex2>
<timex2 ID="05_VietnamWar-T38"  ANCHOR_DIR="AS_OF" ANCHOR_VAL="1961" VAL="PRESENT_REF">
  <timex2_mention ID="05_VietnamWar-T38-1">
    <extent>
      <charseq START="10615" END="10617">Now</charseq>
    </extent>
  </timex2_mention>
</timex2>
<timex2 ID="05_VietnamWar-T39"  VAL="1961-05">
  <timex2_mention ID="05_VietnamWar-T39-1">
    <extent>
      <charseq START="10787" END="10794">May 1961</charseq>
    </extent>
  </timex2_mention>
</timex2>
<timex2 ID="05_VietnamWar-T40"  VAL="PRESENT_REF">
  <timex2_mention ID="05_VietnamWar-T40-1">
    <extent>
      <charseq START="11363" END="11367">today</charseq>
    </extent>
  </timex2_mention>
</timex2>
<timex2 ID="05_VietnamWar-T41"  VAL="1962-04">
  <timex2_mention ID="05_VietnamWar-T41-1">
    <extent>
      <charseq START="12144" END="12153">April 1962</charseq>
    </extent>
  </timex2_mention>
</timex2>
<timex2 ID="05_VietnamWar-T42"  VAL="1963">
  <timex2_mention ID="05_VietnamWar-T42-1">
    <extent>
      <charseq START="12302" END="12305">1963</charseq>
    </extent>
  </timex2_mention>
</timex2>
<timex2 ID="05_VietnamWar-T43"  VAL="1961">
  <timex2_mention ID="05_VietnamWar-T43-1">
    <extent>
      <charseq START="12458" END="12461">1961</charseq>
    </extent>
  </timex2_mention>
</timex2>
<timex2 ID="05_VietnamWar-T44"  VAL="1962-07-23">
  <timex2_mention ID="05_VietnamWar-T44-1">
    <extent>
      <charseq START="13096" END="13107">23 July 1962</charseq>
    </extent>
  </timex2_mention>
</timex2>
<timex2 ID="05_VietnamWar-T45"  VAL="1963-01-02">
  <timex2_mention ID="05_VietnamWar-T45-1">
    <extent>
      <charseq START="13437" END="13450">2 January 1963</charseq>
    </extent>
  </timex2_mention>
</timex2>
<timex2 ID="05_VietnamWar-T46"  COMMENT="EC:EVENT-BASED" VAL="1963-XX-XX">
  <timex2_mention ID="05_VietnamWar-T46-1">
    <extent>
      <charseq START="14400" END="14420">the Buddha's birthday</charseq>
    </extent>
  </timex2_mention>
</timex2>
<timex2 ID="05_VietnamWar-T47"  VAL="1963-08-21">
  <timex2_mention ID="05_VietnamWar-T47-1">
    <extent>
      <charseq START="14761" END="14774">21 August 1963</charseq>
    </extent>
  </timex2_mention>
</timex2>
<timex2 ID="05_VietnamWar-T48"  VAL="1963-SU">
  <timex2_mention ID="05_VietnamWar-T48-1">
    <extent>
      <charseq START="14954" END="14971">the summer of 1963</charseq>
    </extent>
  </timex2_mention>
</timex2>
<timex2 ID="05_VietnamWar-T49"  VAL="1963-11-02">
  <timex2_mention ID="05_VietnamWar-T49-1">
    <extent>
      <charseq START="15732" END="15746">2 November 1963</charseq>
    </extent>
  </timex2_mention>
</timex2>
<timex2 ID="05_VietnamWar-T50"  VAL="PRESENT_REF">
  <timex2_mention ID="05_VietnamWar-T50-1">
    <extent>
      <charseq START="16088" END="16090">now</charseq>
    </extent>
  </timex2_mention>
</timex2>
<timex2 ID="05_VietnamWar-T51"  ANCHOR_DIR="AFTER" ANCHOR_VAL="1963-11-02" COMMENT="EC:EVENT-BASED">
  <timex2_mention ID="05_VietnamWar-T51-1">
    <extent>
      <charseq START="16256" END="16296">a period of extreme political instability</charseq>
    </extent>
  </timex2_mention>
</timex2>
<timex2 ID="05_VietnamWar-T52"  VAL="1963-12-25">
  <timex2_mention ID="05_VietnamWar-T52-1">
    <extent>
      <charseq START="17201" END="17214">Christmas 1963</charseq>
    </extent>
  </timex2_mention>
</timex2>
<timex2 ID="05_VietnamWar-T53"  VAL="1963">
  <timex2_mention ID="05_VietnamWar-T53-1">
    <extent>
      <charseq START="17973" END="17976">1963</charseq>
    </extent>
  </timex2_mention>
</timex2>
<timex2 ID="05_VietnamWar-T54"  VAL="1969">
  <timex2_mention ID="05_VietnamWar-T54-1">
    <extent>
      <charseq START="17978" END="17981">1969</charseq>
    </extent>
  </timex2_mention>
</timex2>
<timex2 ID="05_VietnamWar-T55"  VAL="1963">
  <timex2_mention ID="05_VietnamWar-T55-1">
    <extent>
      <charseq START="18237" END="18244">the time</charseq>
    </extent>
  </timex2_mention>
</timex2>
<timex2 ID="05_VietnamWar-T56"  VAL="1963-11-24">
  <timex2_mention ID="05_VietnamWar-T56-1">
    <extent>
      <charseq START="18358" END="18373">24 November 1963</charseq>
    </extent>
  </timex2_mention>
</timex2>
<timex2 ID="05_VietnamWar-T57"  ANCHOR_DIR="AS_OF" ANCHOR_VAL="1963-11-24" COMMENT="EC:EVENT-BASED" VAL="PRESENT_REF">
  <timex2_mention ID="05_VietnamWar-T57-1">
    <extent>
      <charseq START="18494" END="18615">a time when Vietnam was deteriorating, especially in places like the Mekong Delta, because of the recent coup against Diem</charseq>
    </extent>
  </timex2_mention>
</timex2>
<timex2 ID="05_VietnamWar-T58"  ANCHOR_DIR="BEFORE" ANCHOR_VAL="1963-11-24" VAL="PAST_REF">
  <timex2_mention ID="05_VietnamWar-T58-1">
    <extent>
      <charseq START="18592" END="18597">recent</charseq>
    </extent>
  </timex2_mention>
</timex2>
<timex2 ID="05_VietnamWar-T59"  VAL="1964-01">
  <timex2_mention ID="05_VietnamWar-T59-1">
    <extent>
      <charseq START="18875" END="18886">January 1964</charseq>
    </extent>
  </timex2_mention>
</timex2>
<timex2 ID="05_VietnamWar-T60"  MOD="END" VAL="1963">
  <timex2_mention ID="05_VietnamWar-T60-1">
    <extent>
      <charseq START="18934" END="18952">the end of the year</charseq>
    </extent>
  </timex2_mention>
</timex2>
<timex2 ID="05_VietnamWar-T61"  VAL="1964-08-02">
  <timex2_mention ID="05_VietnamWar-T61-1">
    <extent>
      <charseq START="19034" END="19046">2 August 1964</charseq>
    </extent>
  </timex2_mention>
</timex2>
<timex2 ID="05_VietnamWar-T62"  VAL="1964-08-04">
  <timex2_mention ID="05_VietnamWar-T62-1">
    <extent>
      <charseq START="19254" END="19267">two days later</charseq>
    </extent>
  </timex2_mention>
</timex2>
<timex2 ID="05_VietnamWar-T63"  VAL="1964-08">
  <timex2_mention ID="05_VietnamWar-T63-1">
    <extent>
      <charseq START="19712" END="19725">the same month</charseq>
    </extent>
  </timex2_mention>
</timex2>
<timex2 ID="05_VietnamWar-T64"  VAL="2005">
  <timex2_mention ID="05_VietnamWar-T64-1">
    <extent>
      <charseq START="19936" END="19939">2005</charseq>
    </extent>
  </timex2_mention>
</timex2>
<timex2 ID="05_VietnamWar-T65"  VAL="1964-08-04">
  <timex2_mention ID="05_VietnamWar-T65-1">
    <extent>
      <charseq START="19988" END="19995">4 August</charseq>
    </extent>
  </timex2_mention>
</timex2>
<timex2 ID="05_VietnamWar-T66"  MOD="START" VAL="1959">
  <timex2_mention ID="05_VietnamWar-T66-1">
    <extent>
      <charseq START="20572" END="20588">the start of 1959</charseq>
    </extent>
  </timex2_mention>
</timex2>
<timex2 ID="05_VietnamWar-T67"  MOD="END" VAL="1964">
  <timex2_mention ID="05_VietnamWar-T67-1">
    <extent>
      <charseq START="20637" END="20651">the end of 1964</charseq>
    </extent>
  </timex2_mention>
</timex2>
<timex2 ID="05_VietnamWar-T68"  VAL="1961">
  <timex2_mention ID="05_VietnamWar-T68-1">
    <extent>
      <charseq START="20663" END="20666">1961</charseq>
    </extent>
  </timex2_mention>
</timex2>
<timex2 ID="05_VietnamWar-T69"  VAL="1964">
  <timex2_mention ID="05_VietnamWar-T69-1">
    <extent>
      <charseq START="20672" END="20675">1964</charseq>
    </extent>
  </timex2_mention>
</timex2>
<timex2 ID="05_VietnamWar-T70"  ANCHOR_DIR="STARTING" ANCHOR_VAL="1961" VAL="P4Y">
  <timex2_mention ID="05_VietnamWar-T70-1">
    <extent>
      <charseq START="20800" END="20814">the same period</charseq>
    </extent>
  </timex2_mention>
</timex2>
<timex2 ID="05_VietnamWar-T71"  VAL="1961">
  <timex2_mention ID="05_VietnamWar-T71-1">
    <extent>
      <charseq START="20847" END="20850">1961</charseq>
    </extent>
  </timex2_mention>
</timex2>
<timex2 ID="05_VietnamWar-T72"  VAL="1964">
  <timex2_mention ID="05_VietnamWar-T72-1">
    <extent>
      <charseq START="20881" END="20884">1964</charseq>
    </extent>
  </timex2_mention>
</timex2>
<timex2 ID="05_VietnamWar-T73"  VAL="1965-03-02">
  <timex2_mention ID="05_VietnamWar-T73-1">
    <extent>
      <charseq START="20990" END="21001">2 March 1965</charseq>
    </extent>
  </timex2_mention>
</timex2>
<timex2 ID="05_VietnamWar-T74"  ANCHOR_DIR="STARTING" ANCHOR_VAL="1965" VAL="P3Y">
  <timex2_mention ID="05_VietnamWar-T74-1">
    <extent>
      <charseq START="21192" END="21202">three years</charseq>
    </extent>
  </timex2_mention>
</timex2>
<timex2 ID="05_VietnamWar-T75"  VAL="1965-03">
  <timex2_mention ID="05_VietnamWar-T75-1">
    <extent>
      <charseq START="21493" END="21502">March 1965</charseq>
    </extent>
  </timex2_mention>
</timex2>
<timex2 ID="05_VietnamWar-T76"  VAL="1968-11">
  <timex2_mention ID="05_VietnamWar-T76-1">
    <extent>
      <charseq START="21508" END="21520">November 1968</charseq>
    </extent>
  </timex2_mention>
</timex2>
<timex2 ID="05_VietnamWar-T77"  VAL="1965-01-31TMO">
  <timex2_mention ID="05_VietnamWar-T77-1">
    <extent>
      <charseq START="22410" END="22439">the morning of 31 January 1965</charseq>
    </extent>
  </timex2_mention>
</timex2>
<timex2 ID="05_VietnamWar-T78"  VAL="1965-01-31T03:00">
  <timex2_mention ID="05_VietnamWar-T78-1">
    <extent>
      <charseq START="22622" END="22630">3:00 a.m.</charseq>
    </extent>
  </timex2_mention>
</timex2>
<timex2 ID="05_VietnamWar-T79"  VAL="1965-01-31TAF">
  <timex2_mention ID="05_VietnamWar-T79-1">
    <extent>
      <charseq START="22709" END="22722">that afternoon</charseq>
    </extent>
  </timex2_mention>
</timex2>
<timex2 ID="05_VietnamWar-T80"  ANCHOR_DIR="BEFORE" ANCHOR_VAL="1965-01-31" COMMENT="TIMEX2 P. 26" VAL="PAST_REF">
  <timex2_mention ID="05_VietnamWar-T80-1">
    <extent>
      <charseq START="22784" END="22796">weeks earlier</charseq>
    </extent>
  </timex2_mention>
</timex2>
<timex2 ID="05_VietnamWar-T81"  VAL="1965-02-06">
  <timex2_mention ID="05_VietnamWar-T81-1">
    <extent>
      <charseq START="23051" END="23060">6 February</charseq>
    </extent>
  </timex2_mention>
</timex2>
<timex2 ID="05_VietnamWar-T82"  VAL="1965-02-07">
  <timex2_mention ID="05_VietnamWar-T82-1">
    <extent>
      <charseq START="23066" END="23075">7 February</charseq>
    </extent>
  </timex2_mention>
</timex2>
<timex2 ID="05_VietnamWar-T83"  ANCHOR_DIR="AFTER" ANCHOR_VAL="1965-02-07" VAL="FUTURE_REF">
  <timex2_mention ID="05_VietnamWar-T83-1">
    <extent>
      <charseq START="23169" END="23189">From this day forward</charseq>
    </extent>
  </timex2_mention>
</timex2>
<timex2 ID="05_VietnamWar-T84"  VAL="1965-02-07">
  <timex2_mention ID="05_VietnamWar-T84-1">
    <extent>
      <charseq START="23174" END="23181">this day</charseq>
    </extent>
  </timex2_mention>
</timex2>
<timex2 ID="05_VietnamWar-T85"  MOD="LESS_THAN" VAL="PT1H">
  <timex2_mention ID="05_VietnamWar-T85-1">
    <extent>
      <charseq START="23248" END="23261">almost an hour</charseq>
    </extent>
  </timex2_mention>
</timex2>
<timex2 ID="05_VietnamWar-T86"  VAL="1965-02-07TMO">
  <timex2_mention ID="05_VietnamWar-T86-1">
    <extent>
      <charseq START="23315" END="23326">that morning</charseq>
    </extent>
  </timex2_mention>
</timex2>
<timex2 ID="05_VietnamWar-T87"  VAL="1965-03-08">
  <timex2_mention ID="05_VietnamWar-T87-1">
    <extent>
      <charseq START="23649" END="23660">8 March 1965</charseq>
    </extent>
  </timex2_mention>
</timex2>
<timex2 ID="05_VietnamWar-T88"  MOD="ON_OR_AFTER" VAL="194">
  <timex2_mention ID="05_VietnamWar-T88-1">
    <extent>
      <charseq START="24002" END="24027">almost two decades earlier</charseq>
    </extent>
  </timex2_mention>
</timex2>
<timex2 ID="05_VietnamWar-T89"  VAL="P20Y">
  <timex2_mention ID="05_VietnamWar-T89-1">
    <extent>
      <charseq START="24093" END="24104">twenty years</charseq>
    </extent>
  </timex2_mention>
</timex2>
<timex2 ID="05_VietnamWar-T90"  VAL="P20Y">
  <timex2_mention ID="05_VietnamWar-T90-1">
    <extent>
      <charseq START="24133" END="24144">twenty years</charseq>
    </extent>
  </timex2_mention>
</timex2>
<timex2 ID="05_VietnamWar-T91"  VAL="XXXX-XX-XXTAF">
  <timex2_mention ID="05_VietnamWar-T91-1">
    <extent>
      <charseq START="24214" END="24222">afternoon</charseq>
    </extent>
  </timex2_mention>
</timex2>
<timex2 ID="05_VietnamWar-T92"  ANCHOR_DIR="BEFORE" ANCHOR_VAL="1965-02-07" VAL="PAST_REF">
  <timex2_mention ID="05_VietnamWar-T92-1">
    <extent>
      <charseq START="24233" END="24238">former</charseq>
    </extent>
  </timex2_mention>
</timex2>
<timex2 ID="05_VietnamWar-T93"  VAL="1965-03">
  <timex2_mention ID="05_VietnamWar-T93-1">
    <extent>
      <charseq START="24574" END="24578">March</charseq>
    </extent>
  </timex2_mention>
</timex2>
<timex2 ID="05_VietnamWar-T94"  VAL="1965-12">
  <timex2_mention ID="05_VietnamWar-T94-1">
    <extent>
      <charseq START="24615" END="24622">December</charseq>
    </extent>
  </timex2_mention>
</timex2>
<timex2 ID="05_VietnamWar-T95"  VAL="1965-05">
  <timex2_mention ID="05_VietnamWar-T95-1">
    <extent>
      <charseq START="24815" END="24817">May</charseq>
    </extent>
  </timex2_mention>
</timex2>
<timex2 ID="05_VietnamWar-T96"  VAL="1965-06">
  <timex2_mention ID="05_VietnamWar-T96-1">
    <extent>
      <charseq START="24943" END="24946">June</charseq>
    </extent>
  </timex2_mention>
</timex2>
<timex2 ID="05_VietnamWar-T97"  MOD="END" VAL="1965">
  <timex2_mention ID="05_VietnamWar-T97-1">
    <extent>
      <charseq START="25713" END="25727">the end of 1965</charseq>
    </extent>
  </timex2_mention>
</timex2>
<timex2 ID="05_VietnamWar-T98"  COMMENT="EC:EVENT-BASED">
  <timex2_mention ID="05_VietnamWar-T98-1">
    <extent>
      <charseq START="26032" END="26086">a period of twelve to eighteen months following Phase 2</charseq>
    </extent>
  </timex2_mention>
</timex2>
<timex2 ID="05_VietnamWar-T99"  VAL="P12M">
  <timex2_mention ID="05_VietnamWar-T99-1">
    <extent>
      <charseq START="26044" END="26049">twelve</charseq>
    </extent>
  </timex2_mention>
</timex2>
<timex2 ID="05_VietnamWar-T100"  VAL="P18M">
  <timex2_mention ID="05_VietnamWar-T100-1">
    <extent>
      <charseq START="26054" END="26068">eighteen months</charseq>
    </extent>
  </timex2_mention>
</timex2>
<timex2 ID="05_VietnamWar-T101"  MOD="END" VAL="1967">
  <timex2_mention ID="05_VietnamWar-T101-1">
    <extent>
      <charseq START="26409" END="26423">the end of 1967</charseq>
    </extent>
  </timex2_mention>
</timex2>
<timex2 ID="05_VietnamWar-T102"  VAL="P19Y">
  <timex2_mention ID="05_VietnamWar-T102-1">
    <extent>
      <charseq START="26849" END="26866">nineteen years old</charseq>
    </extent>
  </timex2_mention>
</timex2>
<timex2 ID="05_VietnamWar-T103"  VAL="1995">
  <timex2_mention ID="05_VietnamWar-T103-1">
    <extent>
      <charseq START="27037" END="27040">1995</charseq>
    </extent>
  </timex2_mention>
</timex2>
<timex2 ID="05_VietnamWar-T104"  VAL="P22Y">
  <timex2_mention ID="05_VietnamWar-T104-1">
    <extent>
      <charseq START="27264" END="27265">22</charseq>
    </extent>
  </timex2_mention>
</timex2>
<timex2 ID="05_VietnamWar-T105"  VAL="P26Y">
  <timex2_mention ID="05_VietnamWar-T105-1">
    <extent>
      <charseq START="27287" END="27301">26 years of age</charseq>
    </extent>
  </timex2_mention>
</timex2>
<timex2 ID="05_VietnamWar-T106"  VAL="P1Y">
  <timex2_mention ID="05_VietnamWar-T106-1">
    <extent>
      <charseq START="27365" END="27372">one-year</charseq>
    </extent>
  </timex2_mention>
</timex2>
<timex2 ID="05_VietnamWar-T107"  VAL="P22.8Y">
  <timex2_mention ID="05_VietnamWar-T107-1">
    <extent>
      <charseq START="27451" END="27464">22.8 years old</charseq>
    </extent>
  </timex2_mention>
</timex2>
<timex2 ID="05_VietnamWar-T108"  ANCHOR_DIR="STARTING" ANCHOR_VAL="2000" VAL="P1Y">
  <timex2_mention ID="05_VietnamWar-T108-1">
    <extent>
      <charseq START="27471" END="27478">one-year</charseq>
    </extent>
  </timex2_mention>
</timex2>
<timex2 ID="05_VietnamWar-T109"  VAL="P10Y">
  <timex2_mention ID="05_VietnamWar-T109-1">
    <extent>
      <charseq START="27585" END="27592">10 years</charseq>
    </extent>
  </timex2_mention>
</timex2>
<timex2 ID="05_VietnamWar-T110"  VAL="P1Y">
  <timex2_mention ID="05_VietnamWar-T110-1">
    <extent>
      <charseq START="27603" END="27610">one year</charseq>
    </extent>
  </timex2_mention>
</timex2>
<timex2 ID="05_VietnamWar-T111"  VAL="PRESENT_REF">
  <timex2_mention ID="05_VietnamWar-T111-1">
    <extent>
      <charseq START="28216" END="28224">right now</charseq>
    </extent>
  </timex2_mention>
</timex2>
<timex2 ID="05_VietnamWar-T112"  VAL="1967">
  <timex2_mention ID="05_VietnamWar-T112-1">
    <extent>
      <charseq START="29371" END="29374">1967</charseq>
    </extent>
  </timex2_mention>
</timex2>
<timex2 ID="05_VietnamWar-T113"  VAL="1975">
  <timex2_mention ID="05_VietnamWar-T113-1">
    <extent>
      <charseq START="29437" END="29440">1975</charseq>
    </extent>
  </timex2_mention>
</timex2>
<timex2 ID="05_VietnamWar-T114"  VAL="1967-10">
  <timex2_mention ID="05_VietnamWar-T114-1">
    <extent>
      <charseq START="30055" END="30066">October 1967</charseq>
    </extent>
  </timex2_mention>
</timex2>
<timex2 ID="05_VietnamWar-T115"  VAL="XXXX-XX-XX">
  <timex2_mention ID="05_VietnamWar-T115-1">
    <extent>
      <charseq START="30327" END="30331">today</charseq>
    </extent>
  </timex2_mention>
</timex2>
<timex2 ID="05_VietnamWar-T116"  VAL="1968-01">
  <timex2_mention ID="05_VietnamWar-T116-1">
    <extent>
      <charseq START="30452" END="30463">January 1968</charseq>
    </extent>
  </timex2_mention>
</timex2>
<timex2 ID="05_VietnamWar-T117" >
  <timex2_mention ID="05_VietnamWar-T117-1">
    <extent>
      <charseq START="30537" END="30566">Tết (Lunar New Year) holiday</charseq>
    </extent>
  </timex2_mention>
</timex2>
<timex2 ID="05_VietnamWar-T118"  ANCHOR_DIR="BEFORE" ANCHOR_VAL="1968-01" VAL="PAST_REF">
  <timex2_mention ID="05_VietnamWar-T118-1">
    <extent>
      <charseq START="30954" END="30959">former</charseq>
    </extent>
  </timex2_mention>
</timex2>
<timex2 ID="05_VietnamWar-T119"  VAL="1965">
  <timex2_mention ID="05_VietnamWar-T119-1">
    <extent>
      <charseq START="31791" END="31794">1965</charseq>
    </extent>
  </timex2_mention>
</timex2>
<timex2 ID="05_VietnamWar-T120"  VAL="1965">
  <timex2_mention ID="05_VietnamWar-T120-1">
    <extent>
      <charseq START="31805" END="31812">the Year</charseq>
    </extent>
  </timex2_mention>
</timex2>
<timex2 ID="05_VietnamWar-T121"  VAL="1967-11">
  <timex2_mention ID="05_VietnamWar-T121-1">
    <extent>
      <charseq START="32061" END="32073">November 1967</charseq>
    </extent>
  </timex2_mention>
</timex2>
<timex2 ID="05_VietnamWar-T122"  VAL="1968-03">
  <timex2_mention ID="05_VietnamWar-T122-1">
    <extent>
      <charseq START="33503" END="33507">March</charseq>
    </extent>
  </timex2_mention>
</timex2>
<timex2 ID="05_VietnamWar-T123"  VAL="1968-05-10">
  <timex2_mention ID="05_VietnamWar-T123-1">
    <extent>
      <charseq START="33864" END="33874">10 May 1968</charseq>
    </extent>
  </timex2_mention>
</timex2>
<timex2 ID="05_VietnamWar-T124"  ANCHOR_DIR="STARTING" ANCHOR_VAL="1968-05" VAL="P5M">
  <timex2_mention ID="05_VietnamWar-T124-1">
    <extent>
      <charseq START="34005" END="34015">five months</charseq>
    </extent>
  </timex2_mention>
</timex2>
<timex2 ID="05_VietnamWar-T125"  ANCHOR_DIR="BEFORE" ANCHOR_VAL="1968-10" VAL="PAST_REF">
  <timex2_mention ID="05_VietnamWar-T125-1">
    <extent>
      <charseq START="34171" END="34176">former</charseq>
    </extent>
  </timex2_mention>
</timex2>
<timex2 ID="05_VietnamWar-T126"  COMMENT="EC:EVENT-BASED">
  <timex2_mention ID="05_VietnamWar-T126-1">
    <extent>
      <charseq START="34442" END="34469">the time Johnson left office</charseq>
    </extent>
  </timex2_mention>
</timex2>
<timex2 ID="05_VietnamWar-T127"  COMMENT="EC:EVENT-BASED">
  <timex2_mention ID="05_VietnamWar-T127-1">
    <extent>
      <charseq START="34628" END="34650">the time he left office</charseq>
    </extent>
  </timex2_mention>
</timex2>
<timex2 ID="05_VietnamWar-T128"  VAL="1969">
  <timex2_mention ID="05_VietnamWar-T128-1">
    <extent>
      <charseq START="35095" END="35098">1969</charseq>
    </extent>
  </timex2_mention>
</timex2>
<timex2 ID="05_VietnamWar-T129"  VAL="1972">
  <timex2_mention ID="05_VietnamWar-T129-1">
    <extent>
      <charseq START="35100" END="35103">1972</charseq>
    </extent>
  </timex2_mention>
</timex2>
<timex2 ID="05_VietnamWar-T130"  VAL="XXXX-XX-XXTNI">
  <timex2_mention ID="05_VietnamWar-T130-1">
    <extent>
      <charseq START="35712" END="35718">tonight</charseq>
    </extent>
  </timex2_mention>
</timex2>
<timex2 ID="05_VietnamWar-T131"  VAL="XXXX-SP">
  <timex2_mention ID="05_VietnamWar-T131-1">
    <extent>
      <charseq START="35820" END="35842">the spring of next year</charseq>
    </extent>
  </timex2_mention>
</timex2>
<timex2 ID="05_VietnamWar-T132"  VAL="XXXX-XX">
  <timex2_mention ID="05_VietnamWar-T132-1">
    <extent>
      <charseq START="35974" END="35986">15 months ago</charseq>
    </extent>
  </timex2_mention>
</timex2>
<timex2 ID="05_VietnamWar-T133"  VAL="1969-09">
  <timex2_mention ID="05_VietnamWar-T133-1">
    <extent>
      <charseq START="36532" END="36545">September 1969</charseq>
    </extent>
  </timex2_mention>
</timex2>
<timex2 ID="05_VietnamWar-T134"  ANCHOR_DIR="STARTING" ANCHOR_VAL="1890" VAL="P79Y">
  <timex2_mention ID="05_VietnamWar-T134-1">
    <extent>
      <charseq START="36572" END="36583">seventy-nine</charseq>
    </extent>
  </timex2_mention>
</timex2>
<timex2 ID="05_VietnamWar-T135"  VAL="1969">
  <timex2_mention ID="05_VietnamWar-T135-1">
    <extent>
      <charseq START="36851" END="36854">1969</charseq>
    </extent>
  </timex2_mention>
</timex2>
<timex2 ID="05_VietnamWar-T136"  MOD="START" VAL="1970">
  <timex2_mention ID="05_VietnamWar-T136-1">
    <extent>
      <charseq START="37360" END="37363">1970</charseq>
    </extent>
  </timex2_mention>
</timex2>
<timex2 ID="05_VietnamWar-T137"  VAL="1970">
  <timex2_mention ID="05_VietnamWar-T137-1">
    <extent>
      <charseq START="37539" END="37542">1970</charseq>
    </extent>
  </timex2_mention>
</timex2>
<timex2 ID="05_VietnamWar-T138"  VAL="1969">
  <timex2_mention ID="05_VietnamWar-T138-1">
    <extent>
      <charseq START="37567" END="37570">1969</charseq>
    </extent>
  </timex2_mention>
</timex2>
<timex2 ID="05_VietnamWar-T139"  VAL="1955">
  <timex2_mention ID="05_VietnamWar-T139-1">
    <extent>
      <charseq START="37702" END="37705">1955</charseq>
    </extent>
  </timex2_mention>
</timex2>
<timex2 ID="05_VietnamWar-T140"  VAL="1969">
  <timex2_mention ID="05_VietnamWar-T140-1">
    <extent>
      <charseq START="37934" END="37937">1969</charseq>
    </extent>
  </timex2_mention>
</timex2>
<timex2 ID="05_VietnamWar-T141"  VAL="1969-04">
  <timex2_mention ID="05_VietnamWar-T141-1">
    <extent>
      <charseq START="38297" END="38306">April 1969</charseq>
    </extent>
  </timex2_mention>
</timex2>
<timex2 ID="05_VietnamWar-T142"  VAL="1970">
  <timex2_mention ID="05_VietnamWar-T142-1">
    <extent>
      <charseq START="38443" END="38446">1970</charseq>
    </extent>
  </timex2_mention>
</timex2>
<timex2 ID="05_VietnamWar-T143"  VAL="1971">
  <timex2_mention ID="05_VietnamWar-T143-1">
    <extent>
      <charseq START="39031" END="39034">1971</charseq>
    </extent>
  </timex2_mention>
</timex2>
<timex2 ID="05_VietnamWar-T144"  VAL="1971-02">
  <timex2_mention ID="05_VietnamWar-T144-1">
    <extent>
      <charseq START="39333" END="39345">February 1971</charseq>
    </extent>
  </timex2_mention>
</timex2>
<timex2 ID="05_VietnamWar-T145"  VAL="P10Y">
  <timex2_mention ID="05_VietnamWar-T145-1">
    <extent>
      <charseq START="40217" END="40219">ten</charseq>
    </extent>
  </timex2_mention>
</timex2>
<timex2 ID="05_VietnamWar-T146"  VAL="P15Y">
  <timex2_mention ID="05_VietnamWar-T146-1">
    <extent>
      <charseq START="40224" END="40236">fifteen years</charseq>
    </extent>
  </timex2_mention>
</timex2>
<timex2 ID="05_VietnamWar-T147"  VAL="1971">
  <timex2_mention ID="05_VietnamWar-T147-1">
    <extent>
      <charseq START="40319" END="40322">1971</charseq>
    </extent>
  </timex2_mention>
</timex2>
<timex2 ID="05_VietnamWar-T148"  VAL="1972-02">
  <timex2_mention ID="05_VietnamWar-T148-1">
    <extent>
      <charseq START="40479" END="40491">February 1972</charseq>
    </extent>
  </timex2_mention>
</timex2>
<timex2 ID="05_VietnamWar-T149"  VAL="1972-XX">
  <timex2_mention ID="05_VietnamWar-T149-1">
    <extent>
      <charseq START="40804" END="40809">Easter</charseq>
    </extent>
  </timex2_mention>
</timex2>
<timex2 ID="05_VietnamWar-T150"  VAL="1972">
  <timex2_mention ID="05_VietnamWar-T150-1">
    <extent>
      <charseq START="40824" END="40827">1972</charseq>
    </extent>
  </timex2_mention>
</timex2>
<timex2 ID="05_VietnamWar-T151"  VAL="1972-08">
  <timex2_mention ID="05_VietnamWar-T151-1">
    <extent>
      <charseq START="41318" END="41323">August</charseq>
    </extent>
  </timex2_mention>
</timex2>
<timex2 ID="05_VietnamWar-T152"  VAL="1972">
  <timex2_mention ID="05_VietnamWar-T152-1">
    <extent>
      <charseq START="41327" END="41330">1972</charseq>
    </extent>
  </timex2_mention>
</timex2>
<timex2 ID="05_VietnamWar-T153"  VAL="1972">
  <timex2_mention ID="05_VietnamWar-T153-1">
    <extent>
      <charseq START="41403" END="41406">1972</charseq>
    </extent>
  </timex2_mention>
</timex2>
<timex2 ID="05_VietnamWar-T154"  VAL="1972-10">
  <timex2_mention ID="05_VietnamWar-T154-1">
    <extent>
      <charseq START="41637" END="41648">October 1972</charseq>
    </extent>
  </timex2_mention>
</timex2>
<timex2 ID="05_VietnamWar-T155"  VAL="1973-01-15">
  <timex2_mention ID="05_VietnamWar-T155-1">
    <extent>
      <charseq START="42395" END="42409">15 January 1973</charseq>
    </extent>
  </timex2_mention>
</timex2>
<timex2 ID="05_VietnamWar-T156"  VAL="1973-01-27">
  <timex2_mention ID="05_VietnamWar-T156-1">
    <extent>
      <charseq START="42576" END="42590">27 January 1973</charseq>
    </extent>
  </timex2_mention>
</timex2>
<timex2 ID="05_VietnamWar-T157"  VAL="1954">
  <timex2_mention ID="05_VietnamWar-T157-1">
    <extent>
      <charseq START="42835" END="42838">1954</charseq>
    </extent>
  </timex2_mention>
</timex2>
<timex2 ID="05_VietnamWar-T158"  VAL="P60D">
  <timex2_mention ID="05_VietnamWar-T158-1">
    <extent>
      <charseq START="42930" END="42947">a sixty-day period</charseq>
    </extent>
  </timex2_mention>
</timex2>
<timex2 ID="05_VietnamWar-T159"  VAL="1962">
  <timex2_mention ID="05_VietnamWar-T159-1">
    <extent>
      <charseq START="43142" END="43145">1962</charseq>
    </extent>
  </timex2_mention>
</timex2>
<timex2 ID="05_VietnamWar-T160"  VAL="1975">
  <timex2_mention ID="05_VietnamWar-T160-1">
    <extent>
      <charseq START="43147" END="43150">1975</charseq>
    </extent>
  </timex2_mention>
</timex2>
<timex2 ID="05_VietnamWar-T161"  VAL="1954">
  <timex2_mention ID="05_VietnamWar-T161-1">
    <extent>
      <charseq START="43608" END="43611">1954</charseq>
    </extent>
  </timex2_mention>
</timex2>
<timex2 ID="05_VietnamWar-T162"  VAL="1812">
  <timex2_mention ID="05_VietnamWar-T162-1">
    <extent>
      <charseq START="44581" END="44584">1812</charseq>
    </extent>
  </timex2_mention>
</timex2>
<timex2 ID="05_VietnamWar-T163"  ANCHOR_DIR="STARTING" ANCHOR_VAL="1812" VAL="PXY">
  <timex2_mention ID="05_VietnamWar-T163-1">
    <extent>
      <charseq START="44621" END="44641">the intervening years</charseq>
    </extent>
  </timex2_mention>
</timex2>
<timex2 ID="05_VietnamWar-T164"  VAL="1969-10-15">
  <timex2_mention ID="05_VietnamWar-T164-1">
    <extent>
      <charseq START="45276" END="45291">15 October, 1969</charseq>
    </extent>
  </timex2_mention>
</timex2>
<timex2 ID="05_VietnamWar-T165"  VAL="1970-05">
  <timex2_mention ID="05_VietnamWar-T165-1">
    <extent>
      <charseq START="45630" END="45637">May 1970</charseq>
    </extent>
  </timex2_mention>
</timex2>
<timex2 ID="05_VietnamWar-T166"  MOD="END" VAL="196">
  <timex2_mention ID="05_VietnamWar-T166-1">
    <extent>
      <charseq START="45715" END="45728">The late 1960s</charseq>
    </extent>
  </timex2_mention>
</timex2>
<timex2 ID="05_VietnamWar-T167"  VAL="1968">
  <timex2_mention ID="05_VietnamWar-T167-1">
    <extent>
      <charseq START="46064" END="46067">1968</charseq>
    </extent>
  </timex2_mention>
</timex2>
<timex2 ID="05_VietnamWar-T168"  VAL="1968">
  <timex2_mention ID="05_VietnamWar-T168-1">
    <extent>
      <charseq START="46285" END="46288">1968</charseq>
    </extent>
  </timex2_mention>
</timex2>
<timex2 ID="05_VietnamWar-T169"  VAL="1973">
  <timex2_mention ID="05_VietnamWar-T169-1">
    <extent>
      <charseq START="46660" END="46663">1973</charseq>
    </extent>
  </timex2_mention>
</timex2>
<timex2 ID="05_VietnamWar-T170"  VAL="1975">
  <timex2_mention ID="05_VietnamWar-T170-1">
    <extent>
      <charseq START="47094" END="47097">1975</charseq>
    </extent>
  </timex2_mention>
</timex2>
<timex2 ID="05_VietnamWar-T171"  VAL="1975-SP">
  <timex2_mention ID="05_VietnamWar-T171-1">
    <extent>
      <charseq START="47161" END="47166">spring</charseq>
    </extent>
  </timex2_mention>
</timex2>
<timex2 ID="05_VietnamWar-T172"  VAL="1973">
  <timex2_mention ID="05_VietnamWar-T172-1">
    <extent>
      <charseq START="47193" END="47196">1973</charseq>
    </extent>
  </timex2_mention>
</timex2>
<timex2 ID="05_VietnamWar-T173"  VAL="1975">
  <timex2_mention ID="05_VietnamWar-T173-1">
    <extent>
      <charseq START="47198" END="47201">1975</charseq>
    </extent>
  </timex2_mention>
</timex2>
<timex2 ID="05_VietnamWar-T174"  ANCHOR_DIR="ENDING" ANCHOR_VAL="1972" COMMENT="EC:EVENT-BASED" VAL="PXY">
  <timex2_mention ID="05_VietnamWar-T174-1">
    <extent>
      <charseq START="47284" END="47317">the final years of "Vietnamization</charseq>
    </extent>
  </timex2_mention>
</timex2>
<timex2 ID="05_VietnamWar-T175"  VAL="1971-03-05">
  <timex2_mention ID="05_VietnamWar-T175-1">
    <extent>
      <charseq START="47375" END="47386">5 March 1971</charseq>
    </extent>
  </timex2_mention>
</timex2>
<timex2 ID="05_VietnamWar-T176"  ANCHOR_DIR="BEFORE" ANCHOR_VAL="1971-03-05" VAL="PAST_REF">
  <timex2_mention ID="05_VietnamWar-T176-1">
    <extent>
      <charseq START="47505" END="47510">former</charseq>
    </extent>
  </timex2_mention>
</timex2>
<timex2 ID="05_VietnamWar-T177"  ANCHOR_DIR="AFTER" ANCHOR_VAL="1971-03-05" VAL="1971-XX-XX">
  <timex2_mention ID="05_VietnamWar-T177-1">
    <extent>
      <charseq START="47968" END="47982">Later that year</charseq>
    </extent>
  </timex2_mention>
</timex2>
<timex2 ID="05_VietnamWar-T178"  VAL="1973-03">
  <timex2_mention ID="05_VietnamWar-T178-1">
    <extent>
      <charseq START="48437" END="48446">March 1973</charseq>
    </extent>
  </timex2_mention>
</timex2>
<timex2 ID="05_VietnamWar-T179"  VAL="1975">
  <timex2_mention ID="05_VietnamWar-T179-1">
    <extent>
      <charseq START="48816" END="48819">1975</charseq>
    </extent>
  </timex2_mention>
</timex2>
<timex2 ID="05_VietnamWar-T180"  VAL="1976">
  <timex2_mention ID="05_VietnamWar-T180-1">
    <extent>
      <charseq START="48821" END="48824">1976</charseq>
    </extent>
  </timex2_mention>
</timex2>
<timex2 ID="05_VietnamWar-T181" >
  <timex2_mention ID="05_VietnamWar-T181-1">
    <extent>
      <charseq START="48826" END="48835">dry season</charseq>
    </extent>
  </timex2_mention>
</timex2>
<timex2 ID="05_VietnamWar-T182"  VAL="XXXX-XX-XX">
  <timex2_mention ID="05_VietnamWar-T182-1">
    <extent>
      <charseq START="48859" END="48867">this date</charseq>
    </extent>
  </timex2_mention>
</timex2>
<timex2 ID="05_VietnamWar-T183"  VAL="1972-11">
  <timex2_mention ID="05_VietnamWar-T183-1">
    <extent>
      <charseq START="49177" END="49189">November 1972</charseq>
    </extent>
  </timex2_mention>
</timex2>
<timex2 ID="05_VietnamWar-T184"  VAL="1973-03-15">
  <timex2_mention ID="05_VietnamWar-T184-1">
    <extent>
      <charseq START="49316" END="49328">15 March 1973</charseq>
    </extent>
  </timex2_mention>
</timex2>
<timex2 ID="05_VietnamWar-T185"  VAL="1973-04">
  <timex2_mention ID="05_VietnamWar-T185-1">
    <extent>
      <charseq START="49537" END="49541">April</charseq>
    </extent>
  </timex2_mention>
</timex2>
<timex2 ID="05_VietnamWar-T186"  VAL="1973-06">
  <timex2_mention ID="05_VietnamWar-T186-1">
    <extent>
      <charseq START="49788" END="49796">June 1973</charseq>
    </extent>
  </timex2_mention>
</timex2>
<timex2 ID="05_VietnamWar-T187"  VAL="1973-06-04">
  <timex2_mention ID="05_VietnamWar-T187-1">
    <extent>
      <charseq START="49986" END="49996">4 June 1973</charseq>
    </extent>
  </timex2_mention>
</timex2>
<timex2 ID="05_VietnamWar-T188"  VAL="1973-10">
  <timex2_mention ID="05_VietnamWar-T188-1">
    <extent>
      <charseq START="50102" END="50113">October 1973</charseq>
    </extent>
  </timex2_mention>
</timex2>
<timex2 ID="05_VietnamWar-T189" >
  <timex2_mention ID="05_VietnamWar-T189-1">
    <extent>
      <charseq START="50221" END="50230">dry season</charseq>
    </extent>
  </timex2_mention>
</timex2>
<timex2 ID="05_VietnamWar-T190"  VAL="1974-01">
  <timex2_mention ID="05_VietnamWar-T190-1">
    <extent>
      <charseq START="50245" END="50256">January 1974</charseq>
    </extent>
  </timex2_mention>
</timex2>
<timex2 ID="05_VietnamWar-T191" >
  <timex2_mention ID="05_VietnamWar-T191-1">
    <extent>
      <charseq START="50318" END="50327">dry season</charseq>
    </extent>
  </timex2_mention>
</timex2>
<timex2 ID="05_VietnamWar-T192"  VAL="1974-01-04">
  <timex2_mention ID="05_VietnamWar-T192-1">
    <extent>
      <charseq START="50424" END="50432">4 January</charseq>
    </extent>
  </timex2_mention>
</timex2>
<timex2 ID="05_VietnamWar-T193"  ANCHOR_DIR="STARTING" ANCHOR_VAL="1973-01-27" COMMENT="EC:EVENT-BASED" VAL="P343D">
  <timex2_mention ID="05_VietnamWar-T193-1">
    <extent>
      <charseq START="50580" END="50599">the ceasefire period</charseq>
    </extent>
  </timex2_mention>
</timex2>
<timex2 ID="05_VietnamWar-T194"  VAL="1974-08-09">
  <timex2_mention ID="05_VietnamWar-T194-1">
    <extent>
      <charseq START="50645" END="50657">9 August 1974</charseq>
    </extent>
  </timex2_mention>
</timex2>
<timex2 ID="05_VietnamWar-T195"  ANCHOR_DIR="AS_OF" ANCHOR_VAL="1974-08-09" VAL="PRESENT_REF">
  <timex2_mention ID="05_VietnamWar-T195-1">
    <extent>
      <charseq START="50720" END="50731">At this time</charseq>
    </extent>
  </timex2_mention>
</timex2>
<timex2 ID="05_VietnamWar-T196"  SET="YES" VAL="P1Y">
  <timex2_mention ID="05_VietnamWar-T196-1">
    <extent>
      <charseq START="50794" END="50799">a year</charseq>
    </extent>
  </timex2_mention>
</timex2>
<timex2 ID="05_VietnamWar-T197"  VAL="1974">
  <timex2_mention ID="05_VietnamWar-T197-1">
    <extent>
      <charseq START="50848" END="50851">1974</charseq>
    </extent>
  </timex2_mention>
</timex2>
<timex2 ID="05_VietnamWar-T198"  VAL="1975">
  <timex2_mention ID="05_VietnamWar-T198-1">
    <extent>
      <charseq START="51072" END="51075">1975</charseq>
    </extent>
  </timex2_mention>
</timex2>
<timex2 ID="05_VietnamWar-T199"  VAL="1976">
  <timex2_mention ID="05_VietnamWar-T199-1">
    <extent>
      <charseq START="51126" END="51129">1976</charseq>
    </extent>
  </timex2_mention>
</timex2>
<timex2 ID="05_VietnamWar-T200"  VAL="1973">
  <timex2_mention ID="05_VietnamWar-T200-1">
    <extent>
      <charseq START="51151" END="51154">1973</charseq>
    </extent>
  </timex2_mention>
</timex2>
<timex2 ID="05_VietnamWar-T201"  VAL="1974">
  <timex2_mention ID="05_VietnamWar-T201-1">
    <extent>
      <charseq START="51156" END="51159">1974</charseq>
    </extent>
  </timex2_mention>
</timex2>
<timex2 ID="05_VietnamWar-T202" >
  <timex2_mention ID="05_VietnamWar-T202-1">
    <extent>
      <charseq START="51161" END="51170">dry season</charseq>
    </extent>
  </timex2_mention>
</timex2>
<timex2 ID="05_VietnamWar-T203"  VAL="1974-10">
  <timex2_mention ID="05_VietnamWar-T203-1">
    <extent>
      <charseq START="51218" END="51229">October 1974</charseq>
    </extent>
  </timex2_mention>
</timex2>
<timex2 ID="05_VietnamWar-T204" >
  <timex2_mention ID="05_VietnamWar-T204-1">
    <extent>
      <charseq START="51276" END="51285">dry season</charseq>
    </extent>
  </timex2_mention>
</timex2>
<timex2 ID="05_VietnamWar-T205"  VAL="PXD">
  <timex2_mention ID="05_VietnamWar-T205-1">
    <extent>
      <charseq START="51386" END="51393">the days</charseq>
    </extent>
  </timex2_mention>
</timex2>
<timex2 ID="05_VietnamWar-T206"  VAL="1976">
  <timex2_mention ID="05_VietnamWar-T206-1">
    <extent>
      <charseq START="51625" END="51628">1976</charseq>
    </extent>
  </timex2_mention>
</timex2>
<timex2 ID="05_VietnamWar-T207"  VAL="1974-12-13">
  <timex2_mention ID="05_VietnamWar-T207-1">
    <extent>
      <charseq START="51975" END="51990">13 December 1974</charseq>
    </extent>
  </timex2_mention>
</timex2>
<timex2 ID="05_VietnamWar-T208"  VAL="1975-01-06">
  <timex2_mention ID="05_VietnamWar-T208-1">
    <extent>
      <charseq START="52103" END="52116">6 January 1975</charseq>
    </extent>
  </timex2_mention>
</timex2>
<timex2 ID="05_VietnamWar-T209"  VAL="PRESENT_REF">
  <timex2_mention ID="05_VietnamWar-T209-1">
    <extent>
      <charseq START="52766" END="52768">now</charseq>
    </extent>
  </timex2_mention>
</timex2>
<timex2 ID="05_VietnamWar-T210"  MOD="START" VAL="1975">
  <timex2_mention ID="05_VietnamWar-T210-1">
    <extent>
      <charseq START="52775" END="52791">the start of 1975</charseq>
    </extent>
  </timex2_mention>
</timex2>
<timex2 ID="05_VietnamWar-T211"  VAL="1975-03-10">
  <timex2_mention ID="05_VietnamWar-T211-1">
    <extent>
      <charseq START="53514" END="53526">10 March 1975</charseq>
    </extent>
  </timex2_mention>
</timex2>
<timex2 ID="05_VietnamWar-T212"  VAL="1976">
  <timex2_mention ID="05_VietnamWar-T212-1">
    <extent>
      <charseq START="53832" END="53835">1976</charseq>
    </extent>
  </timex2_mention>
</timex2>
<timex2 ID="05_VietnamWar-T213"  VAL="1975-03-11">
  <timex2_mention ID="05_VietnamWar-T213-1">
    <extent>
      <charseq START="53920" END="53927">11 March</charseq>
    </extent>
  </timex2_mention>
</timex2>
<timex2 ID="05_VietnamWar-T214"  ANCHOR_DIR="AS_OF" ANCHOR_VAL="1975-03-10" VAL="PRESENT_REF">
  <timex2_mention ID="05_VietnamWar-T214-1">
    <extent>
      <charseq START="53998" END="54000">now</charseq>
    </extent>
  </timex2_mention>
</timex2>
<timex2 ID="05_VietnamWar-T215"  ANCHOR_DIR="AFTER" ANCHOR_VAL="1975-03-11" COMMENT="EC:EVENT-BASED" VAL="P2M">
  <timex2_mention ID="05_VietnamWar-T215-1">
    <extent>
      <charseq START="54122" END="54188">two months of good weather remaining until the onset of the monsoon</charseq>
    </extent>
  </timex2_mention>
</timex2>
<timex2 ID="05_VietnamWar-T216"  ANCHOR_DIR="BEFORE" ANCHOR_VAL="1975-03-11" VAL="PAST_REF">
  <timex2_mention ID="05_VietnamWar-T216-1">
    <extent>
      <charseq START="54287" END="54292">former</charseq>
    </extent>
  </timex2_mention>
</timex2>
<timex2 ID="05_VietnamWar-T217"  COMMENT="EC:EVENT-BASED" VAL="PXY">
  <timex2_mention ID="05_VietnamWar-T217-1">
    <extent>
      <charseq START="54959" END="54987">years of conflict and neglect</charseq>
    </extent>
  </timex2_mention>
</timex2>
<timex2 ID="05_VietnamWar-T218"  VAL="1975-04-01">
  <timex2_mention ID="05_VietnamWar-T218-1">
    <extent>
      <charseq START="55222" END="55228">1 April</charseq>
    </extent>
  </timex2_mention>
</timex2>
<timex2 ID="05_VietnamWar-T219"  VAL="1975-03-20">
  <timex2_mention ID="05_VietnamWar-T219-1">
    <extent>
      <charseq START="55372" END="55379">20 March</charseq>
    </extent>
  </timex2_mention>
</timex2>
<timex2 ID="05_VietnamWar-T220"  VAL="1975-03-22">
  <timex2_mention ID="05_VietnamWar-T220-1">
    <extent>
      <charseq START="55641" END="55648">22 March</charseq>
    </extent>
  </timex2_mention>
</timex2>
<timex2 ID="05_VietnamWar-T221"  VAL="1975-03-31">
  <timex2_mention ID="05_VietnamWar-T221-1">
    <extent>
      <charseq START="55922" END="55929">31 March</charseq>
    </extent>
  </timex2_mention>
</timex2>
<timex2 ID="05_VietnamWar-T222"  ANCHOR_DIR="ENDING" ANCHOR_VAL="1975-03-31" VAL="P3D">
  <timex2_mention ID="05_VietnamWar-T222-1">
    <extent>
      <charseq START="55940" END="55948">three-day</charseq>
    </extent>
  </timex2_mention>
</timex2>
<timex2 ID="05_VietnamWar-T223"  VAL="1975-03-28">
  <timex2_mention ID="05_VietnamWar-T223-1">
    <extent>
      <charseq START="56068" END="56075">28 March</charseq>
    </extent>
  </timex2_mention>
</timex2>
<timex2 ID="05_VietnamWar-T224"  VAL="1975-03-30">
  <timex2_mention ID="05_VietnamWar-T224-1">
    <extent>
      <charseq START="56134" END="56141">30 March</charseq>
    </extent>
  </timex2_mention>
</timex2>
<timex2 ID="05_VietnamWar-T225"  VAL="1975-05-01">
  <timex2_mention ID="05_VietnamWar-T225-1">
    <extent>
      <charseq START="56604" END="56608">1 May</charseq>
    </extent>
  </timex2_mention>
</timex2>
<timex2 ID="05_VietnamWar-T226"  VAL="PAST_REF">
  <timex2_mention ID="05_VietnamWar-T226-1">
    <extent>
      <charseq START="56766" END="56771">recent</charseq>
    </extent>
  </timex2_mention>
</timex2>
<timex2 ID="05_VietnamWar-T227"  VAL="1975-04-07">
  <timex2_mention ID="05_VietnamWar-T227-1">
    <extent>
      <charseq START="56838" END="56844">7 April</charseq>
    </extent>
  </timex2_mention>
</timex2>
<timex2 ID="05_VietnamWar-T228"  ANCHOR_DIR="STARTING" ANCHOR_VAL="1975-04-07" VAL="P2W">
  <timex2_mention ID="05_VietnamWar-T228-1">
    <extent>
      <charseq START="57020" END="57035">two bloody weeks</charseq>
    </extent>
  </timex2_mention>
</timex2>
<timex2 ID="05_VietnamWar-T229"  VAL="1975-04-21">
  <timex2_mention ID="05_VietnamWar-T229-1">
    <extent>
      <charseq START="57149" END="57156">21 April</charseq>
    </extent>
  </timex2_mention>
</timex2>
<timex2 ID="05_VietnamWar-T230"  VAL="1975-04-21">
  <timex2_mention ID="05_VietnamWar-T230-1">
    <extent>
      <charseq START="57258" END="57269">the same day</charseq>
    </extent>
  </timex2_mention>
</timex2>
<timex2 ID="05_VietnamWar-T231"  VAL="1973">
  <timex2_mention ID="05_VietnamWar-T231-1">
    <extent>
      <charseq START="57484" END="57496">two years ago</charseq>
    </extent>
  </timex2_mention>
</timex2>
<timex2 ID="05_VietnamWar-T232"  COMMENT="EC:EVENT-BASED" VAL="1973-01-27">
  <timex2_mention ID="05_VietnamWar-T232-1">
    <extent>
      <charseq START="57560" END="57590">the time of the peace agreement</charseq>
    </extent>
  </timex2_mention>
</timex2>
<timex2 ID="05_VietnamWar-T233"  ANCHOR_DIR="AS_OF" ANCHOR_VAL="1975" VAL="PRESENT_REF">
  <timex2_mention ID="05_VietnamWar-T233-1">
    <extent>
      <charseq START="57736" END="57745">these days</charseq>
    </extent>
  </timex2_mention>
</timex2>
<timex2 ID="05_VietnamWar-T234"  VAL="1975-04-25">
  <timex2_mention ID="05_VietnamWar-T234-1">
    <extent>
      <charseq START="57927" END="57934">25 April</charseq>
    </extent>
  </timex2_mention>
</timex2>
<timex2 ID="05_VietnamWar-T235"  VAL="1975-04-25">
  <timex2_mention ID="05_VietnamWar-T235-1">
    <extent>
      <charseq START="58014" END="58026">the same time</charseq>
    </extent>
  </timex2_mention>
</timex2>
<timex2 ID="05_VietnamWar-T236"  MOD="END" VAL="1975-04">
  <timex2_mention ID="05_VietnamWar-T236-1">
    <extent>
      <charseq START="58152" END="58167">the end of April</charseq>
    </extent>
  </timex2_mention>
</timex2>
<timex2 ID="05_VietnamWar-T237"  VAL="1975-04-27">
  <timex2_mention ID="05_VietnamWar-T237-1">
    <extent>
      <charseq START="58324" END="58331">27 April</charseq>
    </extent>
  </timex2_mention>
</timex2>
<timex2 ID="05_VietnamWar-T238"  VAL="1975-04-29TMO">
  <timex2_mention ID="05_VietnamWar-T238-1">
    <extent>
      <charseq START="59143" END="59179">early in the morning of 29 April 1975</charseq>
    </extent>
  </timex2_mention>
</timex2>
<timex2 ID="05_VietnamWar-T239"  VAL="1975-04-29">
  <timex2_mention ID="05_VietnamWar-T239-1">
    <extent>
      <charseq START="59370" END="59377">29 April</charseq>
    </extent>
  </timex2_mention>
</timex2>
<timex2 ID="05_VietnamWar-T240"  VAL="1975-04-23">
  <timex2_mention ID="05_VietnamWar-T240-1">
    <extent>
      <charseq START="59801" END="59808">23 April</charseq>
    </extent>
  </timex2_mention>
</timex2>
<timex2 ID="05_VietnamWar-T241"  VAL="1975-04-30TMO">
  <timex2_mention ID="05_VietnamWar-T241-1">
    <extent>
      <charseq START="60059" END="60093">the early morning hours of 30 April</charseq>
    </extent>
  </timex2_mention>
</timex2>
<timex2 ID="05_VietnamWar-T242"  VAL="1975-04-30">
  <timex2_mention ID="05_VietnamWar-T242-1">
    <extent>
      <charseq START="60299" END="60311">30 April 1975</charseq>
    </extent>
  </timex2_mention>
</timex2>
<timex2 ID="05_VietnamWar-T243"  VAL="1975-04-30T11:30">
  <timex2_mention ID="05_VietnamWar-T243-1">
    <extent>
      <charseq START="60469" END="60478">11:30 a.m.</charseq>
    </extent>
  </timex2_mention>
</timex2>
<timex2 ID="05_VietnamWar-T244"  ANCHOR_DIR="ENDING" ANCHOR_VAL="197" VAL="P1DE">
  <timex2_mention ID="05_VietnamWar-T244-1">
    <extent>
      <charseq START="60872" END="60886">the past decade</charseq>
    </extent>
  </timex2_mention>
</timex2>
<timex2 ID="05_VietnamWar-T245"  ANCHOR_DIR="ENDING" ANCHOR_VAL="1975" VAL="P116Y">
  <timex2_mention ID="05_VietnamWar-T245-1">
    <extent>
      <charseq START="61174" END="61182">116 years</charseq>
    </extent>
  </timex2_mention>
</timex2>
</document>
</source_file>
