<?xml version="1.0"?>
<!DOCTYPE source_file SYSTEM "apf.v5.1.2.dtd">
<source_file URI="keyinline/06_KoreanWar.key.xml" SOURCE="06_wikipedia" TYPE="text">
<document DOCID="06_KoreanWar">
<timex2 ID="06_KoreanWar-T1"  VAL="2009-12-19T17:00:00">
  <timex2_mention ID="06_KoreanWar-T1-1">
    <extent>
      <charseq START="33" END="51">2009-12-19T17:00:00</charseq>
    </extent>
  </timex2_mention>
</timex2>
<timex2 ID="06_KoreanWar-T2"  VAL="1950-06">
  <timex2_mention ID="06_KoreanWar-T2-1">
    <extent>
      <charseq START="95" END="103">June 1950</charseq>
    </extent>
  </timex2_mention>
</timex2>
<timex2 ID="06_KoreanWar-T3"  MOD="LESS_THAN" VAL="P2W">
  <timex2_mention ID="06_KoreanWar-T3-1">
    <extent>
      <charseq START="244" END="262">less than two weeks</charseq>
    </extent>
  </timex2_mention>
</timex2>
<timex2 ID="06_KoreanWar-T4"  VAL="1950-06-25">
  <timex2_mention ID="06_KoreanWar-T4-1">
    <extent>
      <charseq START="353" END="364">25 June 1950</charseq>
    </extent>
  </timex2_mention>
</timex2>
<timex2 ID="06_KoreanWar-T5"  MOD="START" VAL="1950">
  <timex2_mention ID="06_KoreanWar-T5-1">
    <extent>
      <charseq START="421" END="430">early 1950</charseq>
    </extent>
  </timex2_mention>
</timex2>
<timex2 ID="06_KoreanWar-T6"  VAL="1950-SU">
  <timex2_mention ID="06_KoreanWar-T6-1">
    <extent>
      <charseq START="541" END="546">summer</charseq>
    </extent>
  </timex2_mention>
</timex2>
<timex2 ID="06_KoreanWar-T7"  VAL="PXM">
  <timex2_mention ID="06_KoreanWar-T7-1">
    <extent>
      <charseq START="789" END="799">months-long</charseq>
    </extent>
  </timex2_mention>
</timex2>
<timex2 ID="06_KoreanWar-T8"  COMMENT="EC:EVENT-BASED" VAL="1950-06-25">
  <timex2_mention ID="06_KoreanWar-T8-1">
    <extent>
      <charseq START="945" END="963">Thirteen days later</charseq>
    </extent>
  </timex2_mention>
</timex2>
<timex2 ID="06_KoreanWar-T9"  MOD="START" VAL="1950-06-25">
  <timex2_mention ID="06_KoreanWar-T9-1">
    <extent>
      <charseq START="1285" END="1311">Sunday dawn of 25 June 1950</charseq>
    </extent>
  </timex2_mention>
</timex2>
<timex2 ID="06_KoreanWar-T10"  ANCHOR_DIR="ENDING" ANCHOR_VAL="1950-06-25" VAL="P1Y">
  <timex2_mention ID="06_KoreanWar-T10-1">
    <extent>
      <charseq START="1517" END="1529">the past year</charseq>
    </extent>
  </timex2_mention>
</timex2>
<timex2 ID="06_KoreanWar-T11"  VAL="1950-06-25TXX">
  <timex2_mention ID="06_KoreanWar-T11-1">
    <extent>
      <charseq START="1701" END="1711">Hours later</charseq>
    </extent>
  </timex2_mention>
</timex2>
<timex2 ID="06_KoreanWar-T12"  VAL="1950-01">
  <timex2_mention ID="06_KoreanWar-T12-1">
    <extent>
      <charseq START="1951" END="1957">January</charseq>
    </extent>
  </timex2_mention>
</timex2>
<timex2 ID="06_KoreanWar-T13"  VAL="1950-06-27">
  <timex2_mention ID="06_KoreanWar-T13-1">
    <extent>
      <charseq START="2110" END="2121">27 June 1950</charseq>
    </extent>
  </timex2_mention>
</timex2>
<timex2 ID="06_KoreanWar-T14"  VAL="1950-06-27">
  <timex2_mention ID="06_KoreanWar-T14-1">
    <extent>
      <charseq START="2256" END="2267">27 June 1950</charseq>
    </extent>
  </timex2_mention>
</timex2>
<timex2 ID="06_KoreanWar-T15"  VAL="1998">
  <timex2_mention ID="06_KoreanWar-T15-1">
    <extent>
      <charseq START="4034" END="4037">1998</charseq>
    </extent>
  </timex2_mention>
</timex2>
<timex2 ID="06_KoreanWar-T16"  VAL="1950-06-25">
  <timex2_mention ID="06_KoreanWar-T16-1">
    <extent>
      <charseq START="4104" END="4115">25 June 1950</charseq>
    </extent>
  </timex2_mention>
</timex2>
<timex2 ID="06_KoreanWar-T17"  COMMENT="EC:EVENT-BASED" MOD="START" VAL="1950-06-25">
  <timex2_mention ID="06_KoreanWar-T17-1">
    <extent>
      <charseq START="4352" END="4364">invasion time</charseq>
    </extent>
  </timex2_mention>
</timex2>
<timex2 ID="06_KoreanWar-T18"  COMMENT="EC:EVENT-BASED" VAL="PXD">
  <timex2_mention ID="06_KoreanWar-T18-1">
    <extent>
      <charseq START="4432" END="4451">days of the invasion</charseq>
    </extent>
  </timex2_mention>
</timex2>
<timex2 ID="06_KoreanWar-T19" >
  <timex2_mention ID="06_KoreanWar-T19-1">
    <extent>
      <charseq START="4853" END="4861">that time</charseq>
    </extent>
  </timex2_mention>
</timex2>
<timex2 ID="06_KoreanWar-T20"  VAL="1950-06-24">
  <timex2_mention ID="06_KoreanWar-T20-1">
    <extent>
      <charseq START="4946" END="4968">Saturday, June 24, 1950</charseq>
    </extent>
  </timex2_mention>
</timex2>
<timex2 ID="06_KoreanWar-T21"  VAL="193">
  <timex2_mention ID="06_KoreanWar-T21-1">
    <extent>
      <charseq START="5345" END="5349">1930s</charseq>
    </extent>
  </timex2_mention>
</timex2>
<timex2 ID="06_KoreanWar-T22"  VAL="1940">
  <timex2_mention ID="06_KoreanWar-T22-1">
    <extent>
      <charseq START="5626" END="5628">ten</charseq>
    </extent>
  </timex2_mention>
</timex2>
<timex2 ID="06_KoreanWar-T23"  VAL="1935">
  <timex2_mention ID="06_KoreanWar-T23-1">
    <extent>
      <charseq START="5631" END="5637">fifteen</charseq>
    </extent>
  </timex2_mention>
</timex2>
<timex2 ID="06_KoreanWar-T24"  VAL="1930">
  <timex2_mention ID="06_KoreanWar-T24-1">
    <extent>
      <charseq START="5644" END="5663">twenty years earlier</charseq>
    </extent>
  </timex2_mention>
</timex2>
<timex2 ID="06_KoreanWar-T25"  VAL="1950-08">
  <timex2_mention ID="06_KoreanWar-T25-1">
    <extent>
      <charseq START="6405" END="6415">August 1950</charseq>
    </extent>
  </timex2_mention>
</timex2>
<timex2 ID="06_KoreanWar-T26"  VAL="1950-07-05">
  <timex2_mention ID="06_KoreanWar-T26-1">
    <extent>
      <charseq START="7483" END="7493">5 July 1950</charseq>
    </extent>
  </timex2_mention>
</timex2>
<timex2 ID="06_KoreanWar-T27"  VAL="1950-08">
  <timex2_mention ID="06_KoreanWar-T27-1">
    <extent>
      <charseq START="8055" END="8060">August</charseq>
    </extent>
  </timex2_mention>
</timex2>
<timex2 ID="06_KoreanWar-T28"  VAL="1950-08-20">
  <timex2_mention ID="06_KoreanWar-T28-1">
    <extent>
      <charseq START="8302" END="8310">20 August</charseq>
    </extent>
  </timex2_mention>
</timex2>
<timex2 ID="06_KoreanWar-T29"  VAL="1950-09">
  <timex2_mention ID="06_KoreanWar-T29-1">
    <extent>
      <charseq START="8420" END="8428">September</charseq>
    </extent>
  </timex2_mention>
</timex2>
<timex2 ID="06_KoreanWar-T30"  VAL="1950-08">
  <timex2_mention ID="06_KoreanWar-T30-1">
    <extent>
      <charseq START="8818" END="8823">August</charseq>
    </extent>
  </timex2_mention>
</timex2>
<timex2 ID="06_KoreanWar-T31"  VAL="1950-09">
  <timex2_mention ID="06_KoreanWar-T31-1">
    <extent>
      <charseq START="8825" END="8838">September 1950</charseq>
    </extent>
  </timex2_mention>
</timex2>
<timex2 ID="06_KoreanWar-T32"  SET="YES" VAL="XXXX-XX-XX">
  <timex2_mention ID="06_KoreanWar-T32-1">
    <extent>
      <charseq START="8952" END="8956">daily</charseq>
    </extent>
  </timex2_mention>
</timex2>
<timex2 ID="06_KoreanWar-T33"  VAL="XXXX-XX-XXTDT">
  <timex2_mention ID="06_KoreanWar-T33-1">
    <extent>
      <charseq START="9021" END="9027">daytime</charseq>
    </extent>
  </timex2_mention>
</timex2>
<timex2 ID="06_KoreanWar-T34"  SET="YES" VAL="XXXX-XX-XXTNI">
  <timex2_mention ID="06_KoreanWar-T34-1">
    <extent>
      <charseq START="9091" END="9095">night</charseq>
    </extent>
  </timex2_mention>
</timex2>
<timex2 ID="06_KoreanWar-T35"  MOD="END" VAL="1950-08">
  <timex2_mention ID="06_KoreanWar-T35-1">
    <extent>
      <charseq START="9537" END="9547">late August</charseq>
    </extent>
  </timex2_mention>
</timex2>
<timex2 ID="06_KoreanWar-T36"  MOD="START" VAL="1950-09">
  <timex2_mention ID="06_KoreanWar-T36-1">
    <extent>
      <charseq START="9600" END="9619">early September 1950</charseq>
    </extent>
  </timex2_mention>
</timex2>
<timex2 ID="06_KoreanWar-T37"  VAL="1950-07-06">
  <timex2_mention ID="06_KoreanWar-T37-1">
    <extent>
      <charseq START="10088" END="10093">6 July</charseq>
    </extent>
  </timex2_mention>
</timex2>
<timex2 ID="06_KoreanWar-T38"  VAL="1950-07-12">
  <timex2_mention ID="06_KoreanWar-T38-1">
    <extent>
      <charseq START="10219" END="10220">12</charseq>
    </extent>
  </timex2_mention>
</timex2>
<timex2 ID="06_KoreanWar-T39"  VAL="1950-07-14">
  <timex2_mention ID="06_KoreanWar-T39-1">
    <extent>
      <charseq START="10222" END="10228">14 July</charseq>
    </extent>
  </timex2_mention>
</timex2>
<timex2 ID="06_KoreanWar-T40"  VAL="1950-09-15">
  <timex2_mention ID="06_KoreanWar-T40-1">
    <extent>
      <charseq START="10767" END="10782">the 15 September</charseq>
    </extent>
  </timex2_mention>
</timex2>
<timex2 ID="06_KoreanWar-T41"  VAL="1950-09-15">
  <timex2_mention ID="06_KoreanWar-T41-1">
    <extent>
      <charseq START="10767" END="10794">the 15 September attack date</charseq>
    </extent>
  </timex2_mention>
</timex2>
<timex2 ID="06_KoreanWar-T42"  VAL="1950-09">
  <timex2_mention ID="06_KoreanWar-T42-1">
    <extent>
      <charseq START="11744" END="11752">September</charseq>
    </extent>
  </timex2_mention>
</timex2>
<timex2 ID="06_KoreanWar-T43"  VAL="1950-10">
  <timex2_mention ID="06_KoreanWar-T43-1">
    <extent>
      <charseq START="11754" END="11765">October 1950</charseq>
    </extent>
  </timex2_mention>
</timex2>
<timex2 ID="06_KoreanWar-T44"  VAL="1950-10-01">
  <timex2_mention ID="06_KoreanWar-T44-1">
    <extent>
      <charseq START="11772" END="11785">1 October 1950</charseq>
    </extent>
  </timex2_mention>
</timex2>
<timex2 ID="06_KoreanWar-T45"  VAL="1950-10-07">
  <timex2_mention ID="06_KoreanWar-T45-1">
    <extent>
      <charseq START="11907" END="11920">Six days later</charseq>
    </extent>
  </timex2_mention>
</timex2>
<timex2 ID="06_KoreanWar-T46"  VAL="1950-10-07">
  <timex2_mention ID="06_KoreanWar-T46-1">
    <extent>
      <charseq START="11926" END="11934">7 October</charseq>
    </extent>
  </timex2_mention>
</timex2>
<timex2 ID="06_KoreanWar-T47"  VAL="1950-10-19">
  <timex2_mention ID="06_KoreanWar-T47-1">
    <extent>
      <charseq START="12241" END="12255">19 October 1950</charseq>
    </extent>
  </timex2_mention>
</timex2>
<timex2 ID="06_KoreanWar-T48"  MOD="END" VAL="1950-10">
  <timex2_mention ID="06_KoreanWar-T48-1">
    <extent>
      <charseq START="12261" END="12271">month's end</charseq>
    </extent>
  </timex2_mention>
</timex2>
<timex2 ID="06_KoreanWar-T49"  VAL="1950-06-27">
  <timex2_mention ID="06_KoreanWar-T49-1">
    <extent>
      <charseq START="12738" END="12749">27 June 1950</charseq>
    </extent>
  </timex2_mention>
</timex2>
<timex2 ID="06_KoreanWar-T50"  COMMENT="EC:EVENT-BASED" VAL="1950-06-27">
  <timex2_mention ID="06_KoreanWar-T50-1">
    <extent>
      <charseq START="12752" END="12781">two days after the KPA invaded</charseq>
    </extent>
  </timex2_mention>
</timex2>
<timex2 ID="06_KoreanWar-T51"  COMMENT="EC:EVENT-BASED" VAL="1950-06-27">
  <timex2_mention ID="06_KoreanWar-T51-1">
    <extent>
      <charseq START="12787" END="12856">three months before the October Chinese intervention to the Korean War</charseq>
    </extent>
  </timex2_mention>
</timex2>
<timex2 ID="06_KoreanWar-T52"  VAL="1950-10">
  <timex2_mention ID="06_KoreanWar-T52-1">
    <extent>
      <charseq START="12811" END="12817">October</charseq>
    </extent>
  </timex2_mention>
</timex2>
<timex2 ID="06_KoreanWar-T53"  VAL="1950-08-04">
  <timex2_mention ID="06_KoreanWar-T53-1">
    <extent>
      <charseq START="13014" END="13026">4 August 1950</charseq>
    </extent>
  </timex2_mention>
</timex2>
<timex2 ID="06_KoreanWar-T54"  VAL="1950-08-20">
  <timex2_mention ID="06_KoreanWar-T54-1">
    <extent>
      <charseq START="13153" END="13166">20 August 1950</charseq>
    </extent>
  </timex2_mention>
</timex2>
<timex2 ID="06_KoreanWar-T55"  VAL="1950-10-02">
  <timex2_mention ID="06_KoreanWar-T55-1">
    <extent>
      <charseq START="13660" END="13673">2 October 1950</charseq>
    </extent>
  </timex2_mention>
</timex2>
<timex2 ID="06_KoreanWar-T56"  COMMENT="EC:EVENT-BASED" VAL="1950-10-02">
  <timex2_mention ID="06_KoreanWar-T56-1">
    <extent>
      <charseq START="13675" END="13733">the day after the ROK Army crossed the 38th-parallel border</charseq>
    </extent>
  </timex2_mention>
</timex2>
<timex2 ID="06_KoreanWar-T57"  VAL="1950-09">
  <timex2_mention ID="06_KoreanWar-T57-1">
    <extent>
      <charseq START="13879" END="13887">September</charseq>
    </extent>
  </timex2_mention>
</timex2>
<timex2 ID="06_KoreanWar-T58"  VAL="1950-10-13">
  <timex2_mention ID="06_KoreanWar-T58-1">
    <extent>
      <charseq START="14122" END="14129">the 13th</charseq>
    </extent>
  </timex2_mention>
</timex2>
<timex2 ID="06_KoreanWar-T59"  VAL="1950-10-19">
  <timex2_mention ID="06_KoreanWar-T59-1">
    <extent>
      <charseq START="14134" END="14157">the 19th of October 1950</charseq>
    </extent>
  </timex2_mention>
</timex2>
<timex2 ID="06_KoreanWar-T60"  VAL="1950-10-08">
  <timex2_mention ID="06_KoreanWar-T60-1">
    <extent>
      <charseq START="14515" END="14528">8 October 1950</charseq>
    </extent>
  </timex2_mention>
</timex2>
<timex2 ID="06_KoreanWar-T61"  COMMENT="EC:EVENT-BASED" VAL="2001-01-01TDT">
  <timex2_mention ID="06_KoreanWar-T61-1">
    <extent>
      <charseq START="14531" END="14616">the day after the US's northward crossing of the 38th-parallel border into North Korea</charseq>
    </extent>
  </timex2_mention>
</timex2>
<timex2 ID="06_KoreanWar-T62"  VAL="XXXX-XX-XXTDT">
  <timex2_mention ID="06_KoreanWar-T62-1">
    <extent>
      <charseq START="15254" END="15260">daytime</charseq>
    </extent>
  </timex2_mention>
</timex2>
<timex2 ID="06_KoreanWar-T63"  VAL="XXXX-XX-XXT19:00">
  <timex2_mention ID="06_KoreanWar-T63-1">
    <extent>
      <charseq START="15366" END="15370">19:00</charseq>
    </extent>
  </timex2_mention>
</timex2>
<timex2 ID="06_KoreanWar-T64"  VAL="XXXX-XX-XXT03:00">
  <timex2_mention ID="06_KoreanWar-T64-1">
    <extent>
      <charseq START="15372" END="15379">03:00hrs</charseq>
    </extent>
  </timex2_mention>
</timex2>
<timex2 ID="06_KoreanWar-T65"  VAL="XXXX-XX-XXT05:30">
  <timex2_mention ID="06_KoreanWar-T65-1">
    <extent>
      <charseq START="15472" END="15479">05:30hrs</charseq>
    </extent>
  </timex2_mention>
</timex2>
<timex2 ID="06_KoreanWar-T66"  VAL="P19D">
  <timex2_mention ID="06_KoreanWar-T66-1">
    <extent>
      <charseq START="15858" END="15869">some 19 days</charseq>
    </extent>
  </timex2_mention>
</timex2>
<timex2 ID="06_KoreanWar-T67"  VAL="XXXX-XX-XXTNI">
  <timex2_mention ID="06_KoreanWar-T67-1">
    <extent>
      <charseq START="15890" END="15894">night</charseq>
    </extent>
  </timex2_mention>
</timex2>
<timex2 ID="06_KoreanWar-T68"  SET="YES" VAL="XXXX-XX-XX">
  <timex2_mention ID="06_KoreanWar-T68-1">
    <extent>
      <charseq START="15960" END="15964">daily</charseq>
    </extent>
  </timex2_mention>
</timex2>
<timex2 ID="06_KoreanWar-T69"  VAL="P18D">
  <timex2_mention ID="06_KoreanWar-T69-1">
    <extent>
      <charseq START="15970" END="15976">18 days</charseq>
    </extent>
  </timex2_mention>
</timex2>
<timex2 ID="06_KoreanWar-T70"  VAL="1950-10-10">
  <timex2_mention ID="06_KoreanWar-T70-1">
    <extent>
      <charseq START="15993" END="16007">10 October 1950</charseq>
    </extent>
  </timex2_mention>
</timex2>
<timex2 ID="06_KoreanWar-T71"  VAL="1950-10-15">
  <timex2_mention ID="06_KoreanWar-T71-1">
    <extent>
      <charseq START="16138" END="16147">15 October</charseq>
    </extent>
  </timex2_mention>
</timex2>
<timex2 ID="06_KoreanWar-T72"  VAL="1950-10-17">
  <timex2_mention ID="06_KoreanWar-T72-1">
    <extent>
      <charseq START="16276" END="16285">17 October</charseq>
    </extent>
  </timex2_mention>
</timex2>
<timex2 ID="06_KoreanWar-T73"  VAL="1950-10-19">
  <timex2_mention ID="06_KoreanWar-T73-1">
    <extent>
      <charseq START="16378" END="16391">Two days later</charseq>
    </extent>
  </timex2_mention>
</timex2>
<timex2 ID="06_KoreanWar-T74"  VAL="1950-10-19">
  <timex2_mention ID="06_KoreanWar-T74-1">
    <extent>
      <charseq START="16460" END="16474">19 October 1950</charseq>
    </extent>
  </timex2_mention>
</timex2>
<timex2 ID="06_KoreanWar-T75"  VAL="1950-10-15">
  <timex2_mention ID="06_KoreanWar-T75-1">
    <extent>
      <charseq START="16530" END="16544">15 October 1950</charseq>
    </extent>
  </timex2_mention>
</timex2>
<timex2 ID="06_KoreanWar-T76"  VAL="1950-10-25">
  <timex2_mention ID="06_KoreanWar-T76-1">
    <extent>
      <charseq START="17210" END="17221">October 25th</charseq>
    </extent>
  </timex2_mention>
</timex2>
<timex2 ID="06_KoreanWar-T77"  VAL="1950-11-01">
  <timex2_mention ID="06_KoreanWar-T77-1">
    <extent>
      <charseq START="17277" END="17291">1 November 1950</charseq>
    </extent>
  </timex2_mention>
</timex2>
<timex2 ID="06_KoreanWar-T78"  MOD="END" VAL="1950-11">
  <timex2_mention ID="06_KoreanWar-T78-1">
    <extent>
      <charseq START="17535" END="17547">late November</charseq>
    </extent>
  </timex2_mention>
</timex2>
<timex2 ID="06_KoreanWar-T79"  ANCHOR_DIR="STARTING" ANCHOR_VAL="1950-11-26" VAL="P4D">
  <timex2_mention ID="06_KoreanWar-T79-1">
    <extent>
      <charseq START="17910" END="17915">4 days</charseq>
    </extent>
  </timex2_mention>
</timex2>
<timex2 ID="06_KoreanWar-T80"  VAL="1950-11-26">
  <timex2_mention ID="06_KoreanWar-T80-1">
    <extent>
      <charseq START="17919" END="17920">26</charseq>
    </extent>
  </timex2_mention>
</timex2>
<timex2 ID="06_KoreanWar-T81"  VAL="1950-11-30">
  <timex2_mention ID="06_KoreanWar-T81-1">
    <extent>
      <charseq START="17922" END="17932">30 November</charseq>
    </extent>
  </timex2_mention>
</timex2>
<timex2 ID="06_KoreanWar-T82"  VAL="2003">
  <timex2_mention ID="06_KoreanWar-T82-1">
    <extent>
      <charseq START="18477" END="18480">2003</charseq>
    </extent>
  </timex2_mention>
</timex2>
<timex2 ID="06_KoreanWar-T83"  VAL="XXXX-XX-XXTNI">
  <timex2_mention ID="06_KoreanWar-T83-1">
    <extent>
      <charseq START="19353" END="19357">night</charseq>
    </extent>
  </timex2_mention>
</timex2>
<timex2 ID="06_KoreanWar-T84"  MOD="END" VAL="1950-11">
  <timex2_mention ID="06_KoreanWar-T84-1">
    <extent>
      <charseq START="20148" END="20160">late November</charseq>
    </extent>
  </timex2_mention>
</timex2>
<timex2 ID="06_KoreanWar-T85"  VAL="1950-12">
  <timex2_mention ID="06_KoreanWar-T85-1">
    <extent>
      <charseq START="20460" END="20472">December 1950</charseq>
    </extent>
  </timex2_mention>
</timex2>
<timex2 ID="06_KoreanWar-T86"  VAL="1950-12-16">
  <timex2_mention ID="06_KoreanWar-T86-1">
    <extent>
      <charseq START="20778" END="20793">16 December 1950</charseq>
    </extent>
  </timex2_mention>
</timex2>
<timex2 ID="06_KoreanWar-T87"  VAL="1953">
  <timex2_mention ID="06_KoreanWar-T87-1">
    <extent>
      <charseq START="20897" END="20900">1953</charseq>
    </extent>
  </timex2_mention>
</timex2>
<timex2 ID="06_KoreanWar-T88"  VAL="1978-09-14">
  <timex2_mention ID="06_KoreanWar-T88-1">
    <extent>
      <charseq START="20920" END="20936">14 September 1978</charseq>
    </extent>
  </timex2_mention>
</timex2>
<timex2 ID="06_KoreanWar-T89"  VAL="1951-WI">
  <timex2_mention ID="06_KoreanWar-T89-1">
    <extent>
      <charseq START="20969" END="20974">Winter</charseq>
    </extent>
  </timex2_mention>
</timex2>
<timex2 ID="06_KoreanWar-T90"  MOD="START" VAL="1951">
  <timex2_mention ID="06_KoreanWar-T90-1">
    <extent>
      <charseq START="20987" END="20996">early 1951</charseq>
    </extent>
  </timex2_mention>
</timex2>
<timex2 ID="06_KoreanWar-T91"  VAL="1951-01">
  <timex2_mention ID="06_KoreanWar-T91-1">
    <extent>
      <charseq START="21003" END="21014">January 1951</charseq>
    </extent>
  </timex2_mention>
</timex2>
<timex2 ID="06_KoreanWar-T92"  VAL="1951-WI">
  <timex2_mention ID="06_KoreanWar-T92-1">
    <extent>
      <charseq START="21092" END="21097">Winter</charseq>
    </extent>
  </timex2_mention>
</timex2>
<timex2 ID="06_KoreanWar-T93"  VAL="XXXX-XX-XXTNI">
  <timex2_mention ID="06_KoreanWar-T93-1">
    <extent>
      <charseq START="21122" END="21126">night</charseq>
    </extent>
  </timex2_mention>
</timex2>
<timex2 ID="06_KoreanWar-T94"  VAL="1951-WI">
  <timex2_mention ID="06_KoreanWar-T94-1">
    <extent>
      <charseq START="21625" END="21630">Winter</charseq>
    </extent>
  </timex2_mention>
</timex2>
<timex2 ID="06_KoreanWar-T95"  VAL="1951-01-04">
  <timex2_mention ID="06_KoreanWar-T95-1">
    <extent>
      <charseq START="21715" END="21728">4 January 1951</charseq>
    </extent>
  </timex2_mention>
</timex2>
<timex2 ID="06_KoreanWar-T96"  MOD="END" VAL="1951-01">
  <timex2_mention ID="06_KoreanWar-T96-1">
    <extent>
      <charseq START="22656" END="22667">late January</charseq>
    </extent>
  </timex2_mention>
</timex2>
<timex2 ID="06_KoreanWar-T97"  VAL="1951-02-05">
  <timex2_mention ID="06_KoreanWar-T97-1">
    <extent>
      <charseq START="22811" END="22825">5 February 1951</charseq>
    </extent>
  </timex2_mention>
</timex2>
<timex2 ID="06_KoreanWar-T98"  MOD="MID" VAL="1951-02">
  <timex2_mention ID="06_KoreanWar-T98-1">
    <extent>
      <charseq START="23012" END="23023">mid-February</charseq>
    </extent>
  </timex2_mention>
</timex2>
<timex2 ID="06_KoreanWar-T99"  ANCHOR_DIR="ENDING" ANCHOR_VAL="1951-02-28" VAL="P2W">
  <timex2_mention ID="06_KoreanWar-T99-1">
    <extent>
      <charseq START="23301" END="23335">the last two weeks of February 1951</charseq>
    </extent>
  </timex2_mention>
</timex2>
<timex2 ID="06_KoreanWar-T100"  MOD="MID" VAL="1951-02">
  <timex2_mention ID="06_KoreanWar-T100-1">
    <extent>
      <charseq START="23392" END="23408">mid-February 1951</charseq>
    </extent>
  </timex2_mention>
</timex2>
<timex2 ID="06_KoreanWar-T101"  VAL="1951-03-07">
  <timex2_mention ID="06_KoreanWar-T101-1">
    <extent>
      <charseq START="23728" END="23739">7 March 1951</charseq>
    </extent>
  </timex2_mention>
</timex2>
<timex2 ID="06_KoreanWar-T102"  VAL="1951-03-14">
  <timex2_mention ID="06_KoreanWar-T102-1">
    <extent>
      <charseq START="23858" END="23870">14 March 1951</charseq>
    </extent>
  </timex2_mention>
</timex2>
<timex2 ID="06_KoreanWar-T103"  ANCHOR_DIR="ENDING" ANCHOR_VAL="1951-03-14" VAL="PXY">
  <timex2_mention ID="06_KoreanWar-T103-1">
    <extent>
      <charseq START="23912" END="23924">a years' time</charseq>
    </extent>
  </timex2_mention>
</timex2>
<timex2 ID="06_KoreanWar-T104"  VAL="1951-04-11">
  <timex2_mention ID="06_KoreanWar-T104-1">
    <extent>
      <charseq START="24063" END="24075">11 April 1951</charseq>
    </extent>
  </timex2_mention>
</timex2>
<timex2 ID="06_KoreanWar-T105"  VAL="1951-03-23">
  <timex2_mention ID="06_KoreanWar-T105-1">
    <extent>
      <charseq START="24454" END="24455">23</charseq>
    </extent>
  </timex2_mention>
</timex2>
<timex2 ID="06_KoreanWar-T106"  VAL="1951-03-28">
  <timex2_mention ID="06_KoreanWar-T106-1">
    <extent>
      <charseq START="24457" END="24469">28 March 1951</charseq>
    </extent>
  </timex2_mention>
</timex2>
<timex2 ID="06_KoreanWar-T107"  VAL="1951-03-23">
  <timex2_mention ID="06_KoreanWar-T107-1">
    <extent>
      <charseq START="24486" END="24498">23 March 1951</charseq>
    </extent>
  </timex2_mention>
</timex2>
<timex2 ID="06_KoreanWar-T108"  VAL="1951-04">
  <timex2_mention ID="06_KoreanWar-T108-1">
    <extent>
      <charseq START="24690" END="24699">April 1951</charseq>
    </extent>
  </timex2_mention>
</timex2>
<timex2 ID="06_KoreanWar-T109"  VAL="1951-SP">
  <timex2_mention ID="06_KoreanWar-T109-1">
    <extent>
      <charseq START="24751" END="24756">Spring</charseq>
    </extent>
  </timex2_mention>
</timex2>
<timex2 ID="06_KoreanWar-T110"  VAL="1951-04-22">
  <timex2_mention ID="06_KoreanWar-T110-1">
    <extent>
      <charseq START="24911" END="24912">22</charseq>
    </extent>
  </timex2_mention>
</timex2>
<timex2 ID="06_KoreanWar-T111"  VAL="1951-04-25">
  <timex2_mention ID="06_KoreanWar-T111-1">
    <extent>
      <charseq START="24914" END="24926">25 April 1951</charseq>
    </extent>
  </timex2_mention>
</timex2>
<timex2 ID="06_KoreanWar-T112"  VAL="1951-04-22">
  <timex2_mention ID="06_KoreanWar-T112-1">
    <extent>
      <charseq START="24956" END="24957">22</charseq>
    </extent>
  </timex2_mention>
</timex2>
<timex2 ID="06_KoreanWar-T113"  VAL="1951-04-25">
  <timex2_mention ID="06_KoreanWar-T113-1">
    <extent>
      <charseq START="24959" END="24971">25 April 1951</charseq>
    </extent>
  </timex2_mention>
</timex2>
<timex2 ID="06_KoreanWar-T114"  VAL="1951-05-15">
  <timex2_mention ID="06_KoreanWar-T114-1">
    <extent>
      <charseq START="25092" END="25102">15 May 1951</charseq>
    </extent>
  </timex2_mention>
</timex2>
<timex2 ID="06_KoreanWar-T115"  VAL="1951-05-20">
  <timex2_mention ID="06_KoreanWar-T115-1">
    <extent>
      <charseq START="25221" END="25226">20 May</charseq>
    </extent>
  </timex2_mention>
</timex2>
<timex2 ID="06_KoreanWar-T116"  MOD="END" VAL="1951-05">
  <timex2_mention ID="06_KoreanWar-T116-1">
    <extent>
      <charseq START="25232" END="25242">month's end</charseq>
    </extent>
  </timex2_mention>
</timex2>
<timex2 ID="06_KoreanWar-T117"  VAL="1953">
  <timex2_mention ID="06_KoreanWar-T117-1">
    <extent>
      <charseq START="25467" END="25470">1953</charseq>
    </extent>
  </timex2_mention>
</timex2>
<timex2 ID="06_KoreanWar-T118"  VAL="1951-07">
  <timex2_mention ID="06_KoreanWar-T118-1">
    <extent>
      <charseq START="25485" END="25493">July 1951</charseq>
    </extent>
  </timex2_mention>
</timex2>
<timex2 ID="06_KoreanWar-T119"  VAL="1953-07">
  <timex2_mention ID="06_KoreanWar-T119-1">
    <extent>
      <charseq START="25497" END="25505">July 1953</charseq>
    </extent>
  </timex2_mention>
</timex2>
<timex2 ID="06_KoreanWar-T120"  VAL="1951-07-10">
  <timex2_mention ID="06_KoreanWar-T120-1">
    <extent>
      <charseq START="25722" END="25733">10 July 1951</charseq>
    </extent>
  </timex2_mention>
</timex2>
<timex2 ID="06_KoreanWar-T121"  VAL="1951-08-18">
  <timex2_mention ID="06_KoreanWar-T121-1">
    <extent>
      <charseq START="26168" END="26176">18 August</charseq>
    </extent>
  </timex2_mention>
</timex2>
<timex2 ID="06_KoreanWar-T122"  VAL="1951-09-15">
  <timex2_mention ID="06_KoreanWar-T122-1">
    <extent>
      <charseq START="26180" END="26196">15 September 1951</charseq>
    </extent>
  </timex2_mention>
</timex2>
<timex2 ID="06_KoreanWar-T123"  VAL="1951-09-13">
  <timex2_mention ID="06_KoreanWar-T123-1">
    <extent>
      <charseq START="26231" END="26242">13 September</charseq>
    </extent>
  </timex2_mention>
</timex2>
<timex2 ID="06_KoreanWar-T124"  VAL="1951-10-15">
  <timex2_mention ID="06_KoreanWar-T124-1">
    <extent>
      <charseq START="26246" END="26260">15 October 1951</charseq>
    </extent>
  </timex2_mention>
</timex2>
<timex2 ID="06_KoreanWar-T125"  VAL="1952-06-26">
  <timex2_mention ID="06_KoreanWar-T125-1">
    <extent>
      <charseq START="26289" END="26295">26 June</charseq>
    </extent>
  </timex2_mention>
</timex2>
<timex2 ID="06_KoreanWar-T126"  VAL="1952-08-04">
  <timex2_mention ID="06_KoreanWar-T126-1">
    <extent>
      <charseq START="26299" END="26311">4 August 1952</charseq>
    </extent>
  </timex2_mention>
</timex2>
<timex2 ID="06_KoreanWar-T127"  VAL="1952-10-06">
  <timex2_mention ID="06_KoreanWar-T127-1">
    <extent>
      <charseq START="26342" END="26342">6</charseq>
    </extent>
  </timex2_mention>
</timex2>
<timex2 ID="06_KoreanWar-T128"  VAL="1952-10-15">
  <timex2_mention ID="06_KoreanWar-T128-1">
    <extent>
      <charseq START="26344" END="26358">15 October 1952</charseq>
    </extent>
  </timex2_mention>
</timex2>
<timex2 ID="06_KoreanWar-T129"  VAL="1952-10-14">
  <timex2_mention ID="06_KoreanWar-T129-1">
    <extent>
      <charseq START="26391" END="26400">14 October</charseq>
    </extent>
  </timex2_mention>
</timex2>
<timex2 ID="06_KoreanWar-T130"  VAL="1952-11-25">
  <timex2_mention ID="06_KoreanWar-T130-1">
    <extent>
      <charseq START="26404" END="26419">25 November 1952</charseq>
    </extent>
  </timex2_mention>
</timex2>
<timex2 ID="06_KoreanWar-T131"  VAL="1952-03-21">
  <timex2_mention ID="06_KoreanWar-T131-1">
    <extent>
      <charseq START="26452" END="26459">21 March</charseq>
    </extent>
  </timex2_mention>
</timex2>
<timex2 ID="06_KoreanWar-T132"  VAL="1952-06-21">
  <timex2_mention ID="06_KoreanWar-T132-1">
    <extent>
      <charseq START="26463" END="26474">21 June 1952</charseq>
    </extent>
  </timex2_mention>
</timex2>
<timex2 ID="06_KoreanWar-T133"  VAL="1953-06-10">
  <timex2_mention ID="06_KoreanWar-T133-1">
    <extent>
      <charseq START="26507" END="26508">10</charseq>
    </extent>
  </timex2_mention>
</timex2>
<timex2 ID="06_KoreanWar-T134"  VAL="1953-06-18">
  <timex2_mention ID="06_KoreanWar-T134-1">
    <extent>
      <charseq START="26510" END="26521">18 June 1953</charseq>
    </extent>
  </timex2_mention>
</timex2>
<timex2 ID="06_KoreanWar-T135"  VAL="1953-05-28">
  <timex2_mention ID="06_KoreanWar-T135-1">
    <extent>
      <charseq START="26549" END="26550">28</charseq>
    </extent>
  </timex2_mention>
</timex2>
<timex2 ID="06_KoreanWar-T136"  VAL="1953-05-29">
  <timex2_mention ID="06_KoreanWar-T136-1">
    <extent>
      <charseq START="26552" END="26562">29 May 1953</charseq>
    </extent>
  </timex2_mention>
</timex2>
<timex2 ID="06_KoreanWar-T137"  VAL="1953-03-23">
  <timex2_mention ID="06_KoreanWar-T137-1">
    <extent>
      <charseq START="26599" END="26606">23 March</charseq>
    </extent>
  </timex2_mention>
</timex2>
<timex2 ID="06_KoreanWar-T138"  VAL="1953-07-16">
  <timex2_mention ID="06_KoreanWar-T138-1">
    <extent>
      <charseq START="26610" END="26621">16 July 1953</charseq>
    </extent>
  </timex2_mention>
</timex2>
<timex2 ID="06_KoreanWar-T139"  ANCHOR_DIR="STARTING" ANCHOR_VAL="1951-07-10" VAL="P2Y">
  <timex2_mention ID="06_KoreanWar-T139-1">
    <extent>
      <charseq START="26666" END="26674">two years</charseq>
    </extent>
  </timex2_mention>
</timex2>
<timex2 ID="06_KoreanWar-T140"  VAL="1952">
  <timex2_mention ID="06_KoreanWar-T140-1">
    <extent>
      <charseq START="27154" END="27157">1952</charseq>
    </extent>
  </timex2_mention>
</timex2>
<timex2 ID="06_KoreanWar-T141"  VAL="1952-11-29">
  <timex2_mention ID="06_KoreanWar-T141-1">
    <extent>
      <charseq START="27200" END="27215">29 November 1952</charseq>
    </extent>
  </timex2_mention>
</timex2>
<timex2 ID="06_KoreanWar-T142"  VAL="1953-07-27">
  <timex2_mention ID="06_KoreanWar-T142-1">
    <extent>
      <charseq START="27445" END="27456">27 July 1953</charseq>
    </extent>
  </timex2_mention>
</timex2>
<timex2 ID="06_KoreanWar-T143"  ANCHOR_DIR="AS_OF" ANCHOR_VAL="1953-07-27" VAL="PRESENT_REF">
  <timex2_mention ID="06_KoreanWar-T143-1">
    <extent>
      <charseq START="27892" END="27894">now</charseq>
    </extent>
  </timex2_mention>
</timex2>
<timex2 ID="06_KoreanWar-T144"  VAL="1954-07">
  <timex2_mention ID="06_KoreanWar-T144-1">
    <extent>
      <charseq START="28349" END="28352">July</charseq>
    </extent>
  </timex2_mention>
</timex2>
<timex2 ID="06_KoreanWar-T145"  VAL="1954-11">
  <timex2_mention ID="06_KoreanWar-T145-1">
    <extent>
      <charseq START="28354" END="28366">November 1954</charseq>
    </extent>
  </timex2_mention>
</timex2>
<timex2 ID="06_KoreanWar-T146"  VAL="1990">
  <timex2_mention ID="06_KoreanWar-T146-1">
    <extent>
      <charseq START="29167" END="29170">1990</charseq>
    </extent>
  </timex2_mention>
</timex2>
<timex2 ID="06_KoreanWar-T147"  VAL="1994">
  <timex2_mention ID="06_KoreanWar-T147-1">
    <extent>
      <charseq START="29172" END="29173">94</charseq>
    </extent>
  </timex2_mention>
</timex2>
<timex2 ID="06_KoreanWar-T148"  VAL="1996">
  <timex2_mention ID="06_KoreanWar-T148-1">
    <extent>
      <charseq START="29309" END="29312">1996</charseq>
    </extent>
  </timex2_mention>
</timex2>
<timex2 ID="06_KoreanWar-T149"  VAL="2006">
  <timex2_mention ID="06_KoreanWar-T149-1">
    <extent>
      <charseq START="29317" END="29320">2006</charseq>
    </extent>
  </timex2_mention>
</timex2>
</document>
</source_file>
