<?xml version="1.0"?>
<!DOCTYPE source_file SYSTEM "apf.v5.1.2.dtd">
<source_file URI="keyinline/07_IraqWar.key.xml" SOURCE="07_wikipedia" TYPE="text">
<document DOCID="07_IraqWar">
<timex2 ID="07_IraqWar-T1"  VAL="2009-12-19T17:00:00">
  <timex2_mention ID="07_IraqWar-T1-1">
    <extent>
      <charseq START="31" END="49">2009-12-19T17:00:00</charseq>
    </extent>
  </timex2_mention>
</timex2>
<timex2 ID="07_IraqWar-T2"  VAL="2003">
  <timex2_mention ID="07_IraqWar-T2-1">
    <extent>
      <charseq START="53" END="56">2003</charseq>
    </extent>
  </timex2_mention>
</timex2>
<timex2 ID="07_IraqWar-T3"  VAL="2002-07-10">
  <timex2_mention ID="07_IraqWar-T3-1">
    <extent>
      <charseq START="137" END="149">July 10, 2002</charseq>
    </extent>
  </timex2_mention>
</timex2>
<timex2 ID="07_IraqWar-T4"  VAL="2003-03-20T05:34">
  <timex2_mention ID="07_IraqWar-T4-1">
    <extent>
      <charseq START="1022" END="1028">5:34 AM</charseq>
    </extent>
  </timex2_mention>
</timex2>
<timex2 ID="07_IraqWar-T5"  VAL="2003-03-20">
  <timex2_mention ID="07_IraqWar-T5-1">
    <extent>
      <charseq START="1046" END="1059">March 20, 2003</charseq>
    </extent>
  </timex2_mention>
</timex2>
<timex2 ID="07_IraqWar-T6"  VAL="2003-03-19T21:34-05">
  <timex2_mention ID="07_IraqWar-T6-1">
    <extent>
      <charseq START="1062" END="1084">9:34 p.m., March 19 EST</charseq>
    </extent>
  </timex2_mention>
</timex2>
<timex2 ID="07_IraqWar-T7"  VAL="2003">
  <timex2_mention ID="07_IraqWar-T7-1">
    <extent>
      <charseq START="1128" END="1131">2003</charseq>
    </extent>
  </timex2_mention>
</timex2>
<timex2 ID="07_IraqWar-T8" >
  <timex2_mention ID="07_IraqWar-T8-1">
    <extent>
      <charseq START="2219" END="2231">the same time</charseq>
    </extent>
  </timex2_mention>
</timex2>
<timex2 ID="07_IraqWar-T9"  MOD="ON_OR_BEFORE" VAL="2002">
  <timex2_mention ID="07_IraqWar-T9-1">
    <extent>
      <charseq START="2688" END="2706">over a year earlier</charseq>
    </extent>
  </timex2_mention>
</timex2>
<timex2 ID="07_IraqWar-T10"  VAL="2003-04-09">
  <timex2_mention ID="07_IraqWar-T10-1">
    <extent>
      <charseq START="2926" END="2932">April 9</charseq>
    </extent>
  </timex2_mention>
</timex2>
<timex2 ID="07_IraqWar-T11"  ANCHOR_DIR="STARTING" ANCHOR_VAL="1979" VAL="P24Y">
  <timex2_mention ID="07_IraqWar-T11-1">
    <extent>
      <charseq START="2975" END="2981">24-year</charseq>
    </extent>
  </timex2_mention>
</timex2>
<timex2 ID="07_IraqWar-T12"  VAL="2008-11">
  <timex2_mention ID="07_IraqWar-T12-1">
    <extent>
      <charseq START="3201" END="3213">November 2008</charseq>
    </extent>
  </timex2_mention>
</timex2>
<timex2 ID="07_IraqWar-T13"  VAL="2003-04-15">
  <timex2_mention ID="07_IraqWar-T13-1">
    <extent>
      <charseq START="3866" END="3873">April 15</charseq>
    </extent>
  </timex2_mention>
</timex2>
<timex2 ID="07_IraqWar-T14"  VAL="2003-03-19">
  <timex2_mention ID="07_IraqWar-T14-1">
    <extent>
      <charseq START="3963" END="3970">March 19</charseq>
    </extent>
  </timex2_mention>
</timex2>
<timex2 ID="07_IraqWar-T15"  VAL="2003-04-30">
  <timex2_mention ID="07_IraqWar-T15-1">
    <extent>
      <charseq START="3972" END="3979">April 30</charseq>
    </extent>
  </timex2_mention>
</timex2>
<timex2 ID="07_IraqWar-T16"  VAL="2003-05-22">
  <timex2_mention ID="07_IraqWar-T16-1">
    <extent>
      <charseq START="4642" END="4653">May 22, 2003</charseq>
    </extent>
  </timex2_mention>
</timex2>
<timex2 ID="07_IraqWar-T17"  ANCHOR_DIR="STARTING" ANCHOR_VAL="2003-04-21" COMMENT="EC:EVENT-BASED" VAL="P434D">
  <timex2_mention ID="07_IraqWar-T17-1">
    <extent>
      <charseq START="4782" END="4832">the period of the CPA's inception on April 21, 2003</charseq>
    </extent>
  </timex2_mention>
</timex2>
<timex2 ID="07_IraqWar-T18"  VAL="2003-04-21">
  <timex2_mention ID="07_IraqWar-T18-1">
    <extent>
      <charseq START="4819" END="4832">April 21, 2003</charseq>
    </extent>
  </timex2_mention>
</timex2>
<timex2 ID="07_IraqWar-T19"  VAL="2004-06-28">
  <timex2_mention ID="07_IraqWar-T19-1">
    <extent>
      <charseq START="4860" END="4872">June 28, 2004</charseq>
    </extent>
  </timex2_mention>
</timex2>
<timex2 ID="07_IraqWar-T20"  ANCHOR_DIR="BEFORE" ANCHOR_VAL="2003-04-21" VAL="PAST_REF">
  <timex2_mention ID="07_IraqWar-T20-1">
    <extent>
      <charseq START="4922" END="4927">former</charseq>
    </extent>
  </timex2_mention>
</timex2>
<timex2 ID="07_IraqWar-T21"  VAL="2003-05-11">
  <timex2_mention ID="07_IraqWar-T21-1">
    <extent>
      <charseq START="4990" END="5001">May 11, 2003</charseq>
    </extent>
  </timex2_mention>
</timex2>
<timex2 ID="07_IraqWar-T22"  VAL="2004-07">
  <timex2_mention ID="07_IraqWar-T22-1">
    <extent>
      <charseq START="5094" END="5102">July 2004</charseq>
    </extent>
  </timex2_mention>
</timex2>
<timex2 ID="07_IraqWar-T23"  VAL="2004">
  <timex2_mention ID="07_IraqWar-T23-1">
    <extent>
      <charseq START="5329" END="5332">2004</charseq>
    </extent>
  </timex2_mention>
</timex2>
<timex2 ID="07_IraqWar-T24"  VAL="2003-05-01">
  <timex2_mention ID="07_IraqWar-T24-1">
    <extent>
      <charseq START="5436" END="5446">May 1, 2003</charseq>
    </extent>
  </timex2_mention>
</timex2>
<timex2 ID="07_IraqWar-T25"  VAL="PRESENT_REF">
  <timex2_mention ID="07_IraqWar-T25-1">
    <extent>
      <charseq START="5626" END="5628">now</charseq>
    </extent>
  </timex2_mention>
</timex2>
<timex2 ID="07_IraqWar-T26"  ANCHOR_DIR="BEFORE" ANCHOR_VAL="2003-04-09" VAL="PAST_REF">
  <timex2_mention ID="07_IraqWar-T26-1">
    <extent>
      <charseq START="5861" END="5866">former</charseq>
    </extent>
  </timex2_mention>
</timex2>
<timex2 ID="07_IraqWar-T27"  VAL="2006-12-05">
  <timex2_mention ID="07_IraqWar-T27-1">
    <extent>
      <charseq START="6717" END="6732">December 5, 2006</charseq>
    </extent>
  </timex2_mention>
</timex2>
<timex2 ID="07_IraqWar-T28"  ANCHOR_DIR="BEFORE" ANCHOR_VAL="2009-12-19T17:00:00" VAL="PAST_REF">
  <timex2_mention ID="07_IraqWar-T28-1">
    <extent>
      <charseq START="6769" END="6774">recent</charseq>
    </extent>
  </timex2_mention>
</timex2>
<timex2 ID="07_IraqWar-T29"  VAL="2003-SU">
  <timex2_mention ID="07_IraqWar-T29-1">
    <extent>
      <charseq START="7598" END="7607">the summer</charseq>
    </extent>
  </timex2_mention>
</timex2>
<timex2 ID="07_IraqWar-T30"  MOD="END" VAL="2003">
  <timex2_mention ID="07_IraqWar-T30-1">
    <extent>
      <charseq START="7639" END="7653">the end of 2003</charseq>
    </extent>
  </timex2_mention>
</timex2>
<timex2 ID="07_IraqWar-T31" >
  <timex2_mention ID="07_IraqWar-T31-1">
    <extent>
      <charseq START="7806" END="7812">Ramadan</charseq>
    </extent>
  </timex2_mention>
</timex2>
<timex2 ID="07_IraqWar-T32"  COMMENT="EC:EVENT-BASED">
  <timex2_mention ID="07_IraqWar-T32-1">
    <extent>
      <charseq START="7847" END="7895">the beginning of the Muslim holy month of Ramadan</charseq>
    </extent>
  </timex2_mention>
</timex2>
<timex2 ID="07_IraqWar-T33"  ANCHOR_DIR="ENDING" ANCHOR_VAL="2003" COMMENT="EC:EVENT-BASED" MOD="MORE_THAN" VAL="P1DE">
  <timex2_mention ID="07_IraqWar-T33-1">
    <extent>
      <charseq START="8421" END="8506">over a decade of sanctions, US and UK bombing, corruption, and decaying infrastructure</charseq>
    </extent>
  </timex2_mention>
</timex2>
<timex2 ID="07_IraqWar-T34"  VAL="2003-SU">
  <timex2_mention ID="07_IraqWar-T34-1">
    <extent>
      <charseq START="8637" END="8654">the summer of 2003</charseq>
    </extent>
  </timex2_mention>
</timex2>
<timex2 ID="07_IraqWar-T35"  ANCHOR_DIR="BEFORE" ANCHOR_VAL="2003" VAL="PAST_REF">
  <timex2_mention ID="07_IraqWar-T35-1">
    <extent>
      <charseq START="8735" END="8740">former</charseq>
    </extent>
  </timex2_mention>
</timex2>
<timex2 ID="07_IraqWar-T36"  VAL="2003-07-22">
  <timex2_mention ID="07_IraqWar-T36-1">
    <extent>
      <charseq START="8753" END="8759">July 22</charseq>
    </extent>
  </timex2_mention>
</timex2>
<timex2 ID="07_IraqWar-T37"  ANCHOR_DIR="BEFORE" ANCHOR_VAL="2003" VAL="PAST_REF">
  <timex2_mention ID="07_IraqWar-T37-1">
    <extent>
      <charseq START="8943" END="8948">former</charseq>
    </extent>
  </timex2_mention>
</timex2>
<timex2 ID="07_IraqWar-T38"  VAL="2003-12-13">
  <timex2_mention ID="07_IraqWar-T38-1">
    <extent>
      <charseq START="9106" END="9122">December 13, 2003</charseq>
    </extent>
  </timex2_mention>
</timex2>
<timex2 ID="07_IraqWar-T39"  ANCHOR_DIR="BEFORE" ANCHOR_VAL="2003" VAL="PAST_REF">
  <timex2_mention ID="07_IraqWar-T39-1">
    <extent>
      <charseq START="9348" END="9353">former</charseq>
    </extent>
  </timex2_mention>
</timex2>
<timex2 ID="07_IraqWar-T40"  ANCHOR_DIR="AFTER" ANCHOR_VAL="2003" VAL="FUTURE_REF">
  <timex2_mention ID="07_IraqWar-T40-1">
    <extent>
      <charseq START="9748" END="9753">future</charseq>
    </extent>
  </timex2_mention>
</timex2>
<timex2 ID="07_IraqWar-T41"  ANCHOR_DIR="AS_OF" ANCHOR_VAL="2003-12" VAL="PRESENT_REF">
  <timex2_mention ID="07_IraqWar-T41-1">
    <extent>
      <charseq START="10207" END="10218">at this time</charseq>
    </extent>
  </timex2_mention>
</timex2>
<timex2 ID="07_IraqWar-T42"  VAL="2004">
  <timex2_mention ID="07_IraqWar-T42-1">
    <extent>
      <charseq START="10412" END="10415">2004</charseq>
    </extent>
  </timex2_mention>
</timex2>
<timex2 ID="07_IraqWar-T43"  MOD="START" VAL="2004">
  <timex2_mention ID="07_IraqWar-T43-1">
    <extent>
      <charseq START="10444" END="10460">The start of 2004</charseq>
    </extent>
  </timex2_mention>
</timex2>
<timex2 ID="07_IraqWar-T44"  ANCHOR_DIR="AS_OF" ANCHOR_VAL="2004-01" VAL="PRESENT_REF">
  <timex2_mention ID="07_IraqWar-T44-1">
    <extent>
      <charseq START="10541" END="10549">this time</charseq>
    </extent>
  </timex2_mention>
</timex2>
<timex2 ID="07_IraqWar-T45"  VAL="2004-SP">
  <timex2_mention ID="07_IraqWar-T45-1">
    <extent>
      <charseq START="10676" END="10681">Spring</charseq>
    </extent>
  </timex2_mention>
</timex2>
<timex2 ID="07_IraqWar-T46"  VAL="2004">
  <timex2_mention ID="07_IraqWar-T46-1">
    <extent>
      <charseq START="10695" END="10698">2004</charseq>
    </extent>
  </timex2_mention>
</timex2>
<timex2 ID="07_IraqWar-T47"  ANCHOR_DIR="WITHIN" ANCHOR_VAL="2004-H1" VAL="PXM">
  <timex2_mention ID="07_IraqWar-T47-1">
    <extent>
      <charseq START="11059" END="11077">the next few months</charseq>
    </extent>
  </timex2_mention>
</timex2>
<timex2 ID="07_IraqWar-T48"  VAL="2004-03-31">
  <timex2_mention ID="07_IraqWar-T48-1">
    <extent>
      <charseq START="11611" END="11624">March 31, 2004</charseq>
    </extent>
  </timex2_mention>
</timex2>
<timex2 ID="07_IraqWar-T49"  VAL="2004-04">
  <timex2_mention ID="07_IraqWar-T49-1">
    <extent>
      <charseq START="12345" END="12354">April 2004</charseq>
    </extent>
  </timex2_mention>
</timex2>
<timex2 ID="07_IraqWar-T50"  VAL="2004-11">
  <timex2_mention ID="07_IraqWar-T50-1">
    <extent>
      <charseq START="12386" END="12398">November 2004</charseq>
    </extent>
  </timex2_mention>
</timex2>
<timex2 ID="07_IraqWar-T51"  ANCHOR_DIR="STARTING" ANCHOR_VAL="2003-11" VAL="P46D">
  <timex2_mention ID="07_IraqWar-T51-1">
    <extent>
      <charseq START="12928" END="12933">46-day</charseq>
    </extent>
  </timex2_mention>
</timex2>
<timex2 ID="07_IraqWar-T52"  VAL="2004">
  <timex2_mention ID="07_IraqWar-T52-1">
    <extent>
      <charseq START="13209" END="13217">this year</charseq>
    </extent>
  </timex2_mention>
</timex2>
<timex2 ID="07_IraqWar-T53"  VAL="2004-04">
  <timex2_mention ID="07_IraqWar-T53-1">
    <extent>
      <charseq START="13329" END="13338">April 2004</charseq>
    </extent>
  </timex2_mention>
</timex2>
<timex2 ID="07_IraqWar-T54"  VAL="PT60M">
  <timex2_mention ID="07_IraqWar-T54-1">
    <extent>
      <charseq START="13517" END="13526">60 Minutes</charseq>
    </extent>
  </timex2_mention>
</timex2>
<timex2 ID="07_IraqWar-T55"  VAL="2004-04-28">
  <timex2_mention ID="07_IraqWar-T55-1">
    <extent>
      <charseq START="13544" END="13551">April 28</charseq>
    </extent>
  </timex2_mention>
</timex2>
<timex2 ID="07_IraqWar-T56"  VAL="2004-04-30">
  <timex2_mention ID="07_IraqWar-T56-1">
    <extent>
      <charseq START="13625" END="13632">April 30</charseq>
    </extent>
  </timex2_mention>
</timex2>
<timex2 ID="07_IraqWar-T57"  VAL="2005">
  <timex2_mention ID="07_IraqWar-T57-1">
    <extent>
      <charseq START="13847" END="13850">2005</charseq>
    </extent>
  </timex2_mention>
</timex2>
<timex2 ID="07_IraqWar-T58"  VAL="2005-01-31">
  <timex2_mention ID="07_IraqWar-T58-1">
    <extent>
      <charseq START="13895" END="13904">January 31</charseq>
    </extent>
  </timex2_mention>
</timex2>
<timex2 ID="07_IraqWar-T59"  VAL="2005-02-04">
  <timex2_mention ID="07_IraqWar-T59-1">
    <extent>
      <charseq START="14133" END="14142">February 4</charseq>
    </extent>
  </timex2_mention>
</timex2>
<timex2 ID="07_IraqWar-T60"  VAL="2005-03">
  <timex2_mention ID="07_IraqWar-T60-1">
    <extent>
      <charseq START="14299" END="14312">the next month</charseq>
    </extent>
  </timex2_mention>
</timex2>
<timex2 ID="07_IraqWar-T61"  VAL="2005-02">
  <timex2_mention ID="07_IraqWar-T61-1">
    <extent>
      <charseq START="14315" END="14322">February</charseq>
    </extent>
  </timex2_mention>
</timex2>
<timex2 ID="07_IraqWar-T62"  VAL="2005-04">
  <timex2_mention ID="07_IraqWar-T62-1">
    <extent>
      <charseq START="14327" END="14331">April</charseq>
    </extent>
  </timex2_mention>
</timex2>
<timex2 ID="07_IraqWar-T63"  ANCHOR_DIR="STARTING" ANCHOR_VAL="2005-02" VAL="P3M">
  <timex2_mention ID="07_IraqWar-T63-1">
    <extent>
      <charseq START="14346" END="14371">relatively peaceful months</charseq>
    </extent>
  </timex2_mention>
</timex2>
<timex2 ID="07_IraqWar-T64"  VAL="2004-11">
  <timex2_mention ID="07_IraqWar-T64-1">
    <extent>
      <charseq START="14400" END="14407">November</charseq>
    </extent>
  </timex2_mention>
</timex2>
<timex2 ID="07_IraqWar-T65"  VAL="2005-01">
  <timex2_mention ID="07_IraqWar-T65-1">
    <extent>
      <charseq START="14413" END="14419">January</charseq>
    </extent>
  </timex2_mention>
</timex2>
<timex2 ID="07_IraqWar-T66"  SET="YES" VAL="P1D">
  <timex2_mention ID="07_IraqWar-T66-1">
    <extent>
      <charseq START="14458" END="14462">a day</charseq>
    </extent>
  </timex2_mention>
</timex2>
<timex2 ID="07_IraqWar-T67"  VAL="2005-05">
  <timex2_mention ID="07_IraqWar-T67-1">
    <extent>
      <charseq START="14579" END="14581">May</charseq>
    </extent>
  </timex2_mention>
</timex2>
<timex2 ID="07_IraqWar-T68"  COMMENT="EC:EVENT-BASED" VAL="2005-05">
  <timex2_mention ID="07_IraqWar-T68-1">
    <extent>
      <charseq START="14584" END="14624">Iraq's bloodiest month since the invasion</charseq>
    </extent>
  </timex2_mention>
</timex2>
<timex2 ID="07_IraqWar-T69"  VAL="2005-05">
  <timex2_mention ID="07_IraqWar-T69-1">
    <extent>
      <charseq START="14861" END="14870">that month</charseq>
    </extent>
  </timex2_mention>
</timex2>
<timex2 ID="07_IraqWar-T70"  VAL="2005-SU">
  <timex2_mention ID="07_IraqWar-T70-1">
    <extent>
      <charseq START="14900" END="14917">The summer of 2005</charseq>
    </extent>
  </timex2_mention>
</timex2>
<timex2 ID="07_IraqWar-T71"  VAL="2005-FA">
  <timex2_mention ID="07_IraqWar-T71-1">
    <extent>
      <charseq START="15059" END="15068">the autumn</charseq>
    </extent>
  </timex2_mention>
</timex2>
<timex2 ID="07_IraqWar-T72"  VAL="2005-10-15">
  <timex2_mention ID="07_IraqWar-T72-1">
    <extent>
      <charseq START="15175" END="15184">October 15</charseq>
    </extent>
  </timex2_mention>
</timex2>
<timex2 ID="07_IraqWar-T73"  VAL="2005-12">
  <timex2_mention ID="07_IraqWar-T73-1">
    <extent>
      <charseq START="15278" END="15285">December</charseq>
    </extent>
  </timex2_mention>
</timex2>
<timex2 ID="07_IraqWar-T74"  VAL="2005">
  <timex2_mention ID="07_IraqWar-T74-1">
    <extent>
      <charseq START="15385" END="15388">2005</charseq>
    </extent>
  </timex2_mention>
</timex2>
<timex2 ID="07_IraqWar-T75"  VAL="2004">
  <timex2_mention ID="07_IraqWar-T75-1">
    <extent>
      <charseq START="15453" END="15469">the previous year</charseq>
    </extent>
  </timex2_mention>
</timex2>
<timex2 ID="07_IraqWar-T76"  VAL="2006">
  <timex2_mention ID="07_IraqWar-T76-1">
    <extent>
      <charseq START="15473" END="15476">2006</charseq>
    </extent>
  </timex2_mention>
</timex2>
<timex2 ID="07_IraqWar-T77"  MOD="START" VAL="2006">
  <timex2_mention ID="07_IraqWar-T77-1">
    <extent>
      <charseq START="15521" END="15541">The beginning of 2006</charseq>
    </extent>
  </timex2_mention>
</timex2>
<timex2 ID="07_IraqWar-T78"  VAL="2006-02-22">
  <timex2_mention ID="07_IraqWar-T78-1">
    <extent>
      <charseq START="15779" END="15795">February 22, 2006</charseq>
    </extent>
  </timex2_mention>
</timex2>
<timex2 ID="07_IraqWar-T79"  ANCHOR_DIR="STARTING" ANCHOR_VAL="2006-02-22" VAL="PXD">
  <timex2_mention ID="07_IraqWar-T79-1">
    <extent>
      <charseq START="16049" END="16066">the following days</charseq>
    </extent>
  </timex2_mention>
</timex2>
<timex2 ID="07_IraqWar-T80"  VAL="2006-02-23">
  <timex2_mention ID="07_IraqWar-T80-1">
    <extent>
      <charseq START="16122" END="16132">February 23</charseq>
    </extent>
  </timex2_mention>
</timex2>
<timex2 ID="07_IraqWar-T81"  SET="YES" VAL="P1D">
  <timex2_mention ID="07_IraqWar-T81-1">
    <extent>
      <charseq START="16322" END="16328">per day</charseq>
    </extent>
  </timex2_mention>
</timex2>
<timex2 ID="07_IraqWar-T82"  VAL="2006">
  <timex2_mention ID="07_IraqWar-T82-1">
    <extent>
      <charseq START="16334" END="16337">2006</charseq>
    </extent>
  </timex2_mention>
</timex2>
<timex2 ID="07_IraqWar-T83"  ANCHOR_DIR="AS_OF" ANCHOR_VAL="2009-12-19T17:00:00" VAL="PRESENT_REF">
  <timex2_mention ID="07_IraqWar-T83-1">
    <extent>
      <charseq START="16417" END="16423">current</charseq>
    </extent>
  </timex2_mention>
</timex2>
<timex2 ID="07_IraqWar-T84"  VAL="2006-05-20">
  <timex2_mention ID="07_IraqWar-T84-1">
    <extent>
      <charseq START="16459" END="16470">May 20, 2006</charseq>
    </extent>
  </timex2_mention>
</timex2>
<timex2 ID="07_IraqWar-T85"  VAL="2005-12">
  <timex2_mention ID="07_IraqWar-T85-1">
    <extent>
      <charseq START="16576" END="16588">December 2005</charseq>
    </extent>
  </timex2_mention>
</timex2>
<timex2 ID="07_IraqWar-T86"  VAL="2006-11-23">
  <timex2_mention ID="07_IraqWar-T86-1">
    <extent>
      <charseq START="16756" END="16766">November 23</charseq>
    </extent>
  </timex2_mention>
</timex2>
<timex2 ID="07_IraqWar-T87"  VAL="2006-12-06">
  <timex2_mention ID="07_IraqWar-T87-1">
    <extent>
      <charseq START="17200" END="17215">December 6, 2006</charseq>
    </extent>
  </timex2_mention>
</timex2>
<timex2 ID="07_IraqWar-T88"  ANCHOR_DIR="BEFORE" ANCHOR_VAL="2006-12-06" VAL="PAST_REF">
  <timex2_mention ID="07_IraqWar-T88-1">
    <extent>
      <charseq START="17300" END="17305">former</charseq>
    </extent>
  </timex2_mention>
</timex2>
<timex2 ID="07_IraqWar-T89"  ANCHOR_DIR="BEFORE" ANCHOR_VAL="2006-12-06" VAL="PAST_REF">
  <timex2_mention ID="07_IraqWar-T89-1">
    <extent>
      <charseq START="17345" END="17350">former</charseq>
    </extent>
  </timex2_mention>
</timex2>
<timex2 ID="07_IraqWar-T90"  VAL="2006-12-18">
  <timex2_mention ID="07_IraqWar-T90-1">
    <extent>
      <charseq START="17678" END="17688">December 18</charseq>
    </extent>
  </timex2_mention>
</timex2>
<timex2 ID="07_IraqWar-T91"  SET="YES" VAL="P1W">
  <timex2_mention ID="07_IraqWar-T91-1">
    <extent>
      <charseq START="17763" END="17768">a week</charseq>
    </extent>
  </timex2_mention>
</timex2>
<timex2 ID="07_IraqWar-T92"  VAL="2005">
  <timex2_mention ID="07_IraqWar-T92-1">
    <extent>
      <charseq START="17814" END="17817">2005</charseq>
    </extent>
  </timex2_mention>
</timex2>
<timex2 ID="07_IraqWar-T93"  VAL="2005-11">
  <timex2_mention ID="07_IraqWar-T93-1">
    <extent>
      <charseq START="18029" END="18041">November 2005</charseq>
    </extent>
  </timex2_mention>
</timex2>
<timex2 ID="07_IraqWar-T94"  VAL="2006-12-30">
  <timex2_mention ID="07_IraqWar-T94-1">
    <extent>
      <charseq START="18187" END="18203">December 30, 2006</charseq>
    </extent>
  </timex2_mention>
</timex2>
<timex2 ID="07_IraqWar-T95"  ANCHOR_DIR="BEFORE" ANCHOR_VAL="2006-12-30" VAL="P1Y">
  <timex2_mention ID="07_IraqWar-T95-1">
    <extent>
      <charseq START="18283" END="18291">year-long</charseq>
    </extent>
  </timex2_mention>
</timex2>
<timex2 ID="07_IraqWar-T96"  VAL="2007">
  <timex2_mention ID="07_IraqWar-T96-1">
    <extent>
      <charseq START="18301" END="18304">2007</charseq>
    </extent>
  </timex2_mention>
</timex2>
<timex2 ID="07_IraqWar-T97"  VAL="2007-01-10">
  <timex2_mention ID="07_IraqWar-T97-1">
    <extent>
      <charseq START="18328" END="18343">January 10, 2007</charseq>
    </extent>
  </timex2_mention>
</timex2>
<timex2 ID="07_IraqWar-T98"  VAL="2007-01-23">
  <timex2_mention ID="07_IraqWar-T98-1">
    <extent>
      <charseq START="18525" END="18540">January 23, 2007</charseq>
    </extent>
  </timex2_mention>
</timex2>
<timex2 ID="07_IraqWar-T99"  VAL="2007">
  <timex2_mention ID="07_IraqWar-T99-1">
    <extent>
      <charseq START="18549" END="18552">2007</charseq>
    </extent>
  </timex2_mention>
</timex2>
<timex2 ID="07_IraqWar-T100"  VAL="2007-02-10">
  <timex2_mention ID="07_IraqWar-T100-1">
    <extent>
      <charseq START="18688" END="18704">February 10, 2007</charseq>
    </extent>
  </timex2_mention>
</timex2>
<timex2 ID="07_IraqWar-T101"  VAL="2007">
  <timex2_mention ID="07_IraqWar-T101-1">
    <extent>
      <charseq START="19028" END="19031">2007</charseq>
    </extent>
  </timex2_mention>
</timex2>
<timex2 ID="07_IraqWar-T102"  VAL="2007-05-10">
  <timex2_mention ID="07_IraqWar-T102-1">
    <extent>
      <charseq START="19094" END="19105">May 10, 2007</charseq>
    </extent>
  </timex2_mention>
</timex2>
<timex2 ID="07_IraqWar-T103"  VAL="2007-06-03">
  <timex2_mention ID="07_IraqWar-T103-1">
    <extent>
      <charseq START="19244" END="19255">June 3, 2007</charseq>
    </extent>
  </timex2_mention>
</timex2>
<timex2 ID="07_IraqWar-T104"  VAL="2007-12-18">
  <timex2_mention ID="07_IraqWar-T104-1">
    <extent>
      <charseq START="19503" END="19519">December 18, 2007</charseq>
    </extent>
  </timex2_mention>
</timex2>
<timex2 ID="07_IraqWar-T105"  MOD="START" VAL="2007">
  <timex2_mention ID="07_IraqWar-T105-1">
    <extent>
      <charseq START="19684" END="19693">early 2007</charseq>
    </extent>
  </timex2_mention>
</timex2>
<timex2 ID="07_IraqWar-T106"  VAL="2007-FA">
  <timex2_mention ID="07_IraqWar-T106-1">
    <extent>
      <charseq START="19890" END="19899">the autumn</charseq>
    </extent>
  </timex2_mention>
</timex2>
<timex2 ID="07_IraqWar-T107"  MOD="END" VAL="2008">
  <timex2_mention ID="07_IraqWar-T107-1">
    <extent>
      <charseq START="20061" END="20069">late 2008</charseq>
    </extent>
  </timex2_mention>
</timex2>
<timex2 ID="07_IraqWar-T108"  VAL="2007-07">
  <timex2_mention ID="07_IraqWar-T108-1">
    <extent>
      <charseq START="20075" END="20078">July</charseq>
    </extent>
  </timex2_mention>
</timex2>
<timex2 ID="07_IraqWar-T109"  VAL="2007-09-10">
  <timex2_mention ID="07_IraqWar-T109-1">
    <extent>
      <charseq START="20321" END="20338">September 10, 2007</charseq>
    </extent>
  </timex2_mention>
</timex2>
<timex2 ID="07_IraqWar-T110"  VAL="2008-SU">
  <timex2_mention ID="07_IraqWar-T110-1">
    <extent>
      <charseq START="20410" END="20420">next summer</charseq>
    </extent>
  </timex2_mention>
</timex2>
<timex2 ID="07_IraqWar-T111"  VAL="2007-09">
  <timex2_mention ID="07_IraqWar-T111-1">
    <extent>
      <charseq START="20462" END="20470">September</charseq>
    </extent>
  </timex2_mention>
</timex2>
<timex2 ID="07_IraqWar-T112"  VAL="2007-09-14">
  <timex2_mention ID="07_IraqWar-T112-1">
    <extent>
      <charseq START="20478" END="20489">September 14</charseq>
    </extent>
  </timex2_mention>
</timex2>
<timex2 ID="07_IraqWar-T113"  VAL="2007-12-25">
  <timex2_mention ID="07_IraqWar-T113-1">
    <extent>
      <charseq START="20589" END="20602">Christmas 2007</charseq>
    </extent>
  </timex2_mention>
</timex2>
<timex2 ID="07_IraqWar-T114"  VAL="2008-07">
  <timex2_mention ID="07_IraqWar-T114-1">
    <extent>
      <charseq START="20646" END="20654">July 2008</charseq>
    </extent>
  </timex2_mention>
</timex2>
<timex2 ID="07_IraqWar-T115"  MOD="START" VAL="2007">
  <timex2_mention ID="07_IraqWar-T115-1">
    <extent>
      <charseq START="20731" END="20751">the beginning of 2007</charseq>
    </extent>
  </timex2_mention>
</timex2>
<timex2 ID="07_IraqWar-T116"  ANCHOR_DIR="BEFORE" ANCHOR_VAL="2007" VAL="PAST_REF">
  <timex2_mention ID="07_IraqWar-T116-1">
    <extent>
      <charseq START="20777" END="20782">former</charseq>
    </extent>
  </timex2_mention>
</timex2>
<timex2 ID="07_IraqWar-T117"  MOD="MID" VAL="2007">
  <timex2_mention ID="07_IraqWar-T117-1">
    <extent>
      <charseq START="20907" END="20914">mid-2007</charseq>
    </extent>
  </timex2_mention>
</timex2>
<timex2 ID="07_IraqWar-T118"  VAL="2008-03">
  <timex2_mention ID="07_IraqWar-T118-1">
    <extent>
      <charseq START="20955" END="20964">March 2008</charseq>
    </extent>
  </timex2_mention>
</timex2>
<timex2 ID="07_IraqWar-T119"  VAL="P4W">
  <timex2_mention ID="07_IraqWar-T119-1">
    <extent>
      <charseq START="21249" END="21271">the four previous weeks</charseq>
    </extent>
  </timex2_mention>
</timex2>
<timex2 ID="07_IraqWar-T120"  VAL="P28D">
  <timex2_mention ID="07_IraqWar-T120-1">
    <extent>
      <charseq START="21345" END="21366">the same 28-day period</charseq>
    </extent>
  </timex2_mention>
</timex2>
<timex2 ID="07_IraqWar-T121"  SET="YES" VAL="XXXX-XX-XX">
  <timex2_mention ID="07_IraqWar-T121-1">
    <extent>
      <charseq START="21386" END="21390">daily</charseq>
    </extent>
  </timex2_mention>
</timex2>
<timex2 ID="07_IraqWar-T122"  SET="YES" VAL="XXXX-XX-XX">
  <timex2_mention ID="07_IraqWar-T122-1">
    <extent>
      <charseq START="21471" END="21475">daily</charseq>
    </extent>
  </timex2_mention>
</timex2>
<timex2 ID="07_IraqWar-T123"  SET="YES" VAL="P1D">
  <timex2_mention ID="07_IraqWar-T123-1">
    <extent>
      <charseq START="21745" END="21747">day</charseq>
    </extent>
  </timex2_mention>
</timex2>
<timex2 ID="07_IraqWar-T124"  ANCHOR_DIR="STARTING" ANCHOR_VAL="2007-01-23" COMMENT="EC:EVENT-BASED" VAL="P7W">
  <timex2_mention ID="07_IraqWar-T124-1">
    <extent>
      <charseq START="21752" END="21808">the first seven weeks of the "surge" in security activity</charseq>
    </extent>
  </timex2_mention>
</timex2>
<timex2 ID="07_IraqWar-T125" >
  <timex2_mention ID="07_IraqWar-T125-1">
    <extent>
      <charseq START="21823" END="21837">previous period</charseq>
    </extent>
  </timex2_mention>
</timex2>
<timex2 ID="07_IraqWar-T126"  VAL="2007-08-14">
  <timex2_mention ID="07_IraqWar-T126-1">
    <extent>
      <charseq START="21888" END="21902">August 14, 2007</charseq>
    </extent>
  </timex2_mention>
</timex2>
<timex2 ID="07_IraqWar-T127"  VAL="2007">
  <timex2_mention ID="07_IraqWar-T127-1">
    <extent>
      <charseq START="22318" END="22334">earlier that year</charseq>
    </extent>
  </timex2_mention>
</timex2>
<timex2 ID="07_IraqWar-T128"  VAL="2007-09-13">
  <timex2_mention ID="07_IraqWar-T128-1">
    <extent>
      <charseq START="22592" END="22609">September 13, 2007</charseq>
    </extent>
  </timex2_mention>
</timex2>
<timex2 ID="07_IraqWar-T129"  VAL="2007-09-13">
  <timex2_mention ID="07_IraqWar-T129-1">
    <extent>
      <charseq START="22999" END="23006">Thursday</charseq>
    </extent>
  </timex2_mention>
</timex2>
<timex2 ID="07_IraqWar-T130"  ANCHOR_DIR="BEFORE" ANCHOR_VAL="2007-09-13" MOD="MORE_THAN" VAL="P1M">
  <timex2_mention ID="07_IraqWar-T130-1">
    <extent>
      <charseq START="23051" END="23062">over a month</charseq>
    </extent>
  </timex2_mention>
</timex2>
<timex2 ID="07_IraqWar-T131"  VAL="2007-05">
  <timex2_mention ID="07_IraqWar-T131-1">
    <extent>
      <charseq START="23140" END="23147">May 2007</charseq>
    </extent>
  </timex2_mention>
</timex2>
<timex2 ID="07_IraqWar-T132"  ANCHOR_DIR="STARTING" ANCHOR_VAL="2003-03-20" COMMENT="EC:EVENT-BASED" VAL="P1Y">
  <timex2_mention ID="07_IraqWar-T132-1">
    <extent>
      <charseq START="23227" END="23265">the first year of the American invasion</charseq>
    </extent>
  </timex2_mention>
</timex2>
<timex2 ID="07_IraqWar-T133"  SET="YES" VAL="XXXX-XX-XX">
  <timex2_mention ID="07_IraqWar-T133-1">
    <extent>
      <charseq START="23471" END="23475">daily</charseq>
    </extent>
  </timex2_mention>
</timex2>
<timex2 ID="07_IraqWar-T134"  VAL="2007-02">
  <timex2_mention ID="07_IraqWar-T134-1">
    <extent>
      <charseq START="23543" END="23550">February</charseq>
    </extent>
  </timex2_mention>
</timex2>
<timex2 ID="07_IraqWar-T135"  VAL="2006-12">
  <timex2_mention ID="07_IraqWar-T135-1">
    <extent>
      <charseq START="23781" END="23793">December 2006</charseq>
    </extent>
  </timex2_mention>
</timex2>
<timex2 ID="07_IraqWar-T136"  MOD="END" VAL="2007">
  <timex2_mention ID="07_IraqWar-T136-1">
    <extent>
      <charseq START="23799" END="23807">late 2007</charseq>
    </extent>
  </timex2_mention>
</timex2>
<timex2 ID="07_IraqWar-T137"  VAL="2006">
  <timex2_mention ID="07_IraqWar-T137-1">
    <extent>
      <charseq START="23902" END="23905">2006</charseq>
    </extent>
  </timex2_mention>
</timex2>
<timex2 ID="07_IraqWar-T138"  VAL="2007">
  <timex2_mention ID="07_IraqWar-T138-1">
    <extent>
      <charseq START="24041" END="24044">2007</charseq>
    </extent>
  </timex2_mention>
</timex2>
<timex2 ID="07_IraqWar-T139"  VAL="2008">
  <timex2_mention ID="07_IraqWar-T139-1">
    <extent>
      <charseq START="24046" END="24047">08</charseq>
    </extent>
  </timex2_mention>
</timex2>
<timex2 ID="07_IraqWar-T140"  VAL="2006">
  <timex2_mention ID="07_IraqWar-T140-1">
    <extent>
      <charseq START="24106" END="24109">2006</charseq>
    </extent>
  </timex2_mention>
</timex2>
<timex2 ID="07_IraqWar-T141"  VAL="2007">
  <timex2_mention ID="07_IraqWar-T141-1">
    <extent>
      <charseq START="24111" END="24112">07</charseq>
    </extent>
  </timex2_mention>
</timex2>
<timex2 ID="07_IraqWar-T142"  VAL="2008-09">
  <timex2_mention ID="07_IraqWar-T142-1">
    <extent>
      <charseq START="24188" END="24201">September 2008</charseq>
    </extent>
  </timex2_mention>
</timex2>
<timex2 ID="07_IraqWar-T143"  VAL="XXXX-XX-XXTNI">
  <timex2_mention ID="07_IraqWar-T143-1">
    <extent>
      <charseq START="24913" END="24917">night</charseq>
    </extent>
  </timex2_mention>
</timex2>
<timex2 ID="07_IraqWar-T144"  VAL="2007">
  <timex2_mention ID="07_IraqWar-T144-1">
    <extent>
      <charseq START="25428" END="25431">2007</charseq>
    </extent>
  </timex2_mention>
</timex2>
<timex2 ID="07_IraqWar-T145"  VAL="2008">
  <timex2_mention ID="07_IraqWar-T145-1">
    <extent>
      <charseq START="25433" END="25436">2008</charseq>
    </extent>
  </timex2_mention>
</timex2>
<timex2 ID="07_IraqWar-T146"  ANCHOR_DIR="BEFORE" ANCHOR_VAL="2007" VAL="PAST_REF">
  <timex2_mention ID="07_IraqWar-T146-1">
    <extent>
      <charseq START="25643" END="25648">former</charseq>
    </extent>
  </timex2_mention>
</timex2>
<timex2 ID="07_IraqWar-T147"  MOD="END" VAL="2008">
  <timex2_mention ID="07_IraqWar-T147-1">
    <extent>
      <charseq START="26293" END="26307">the end of 2008</charseq>
    </extent>
  </timex2_mention>
</timex2>
<timex2 ID="07_IraqWar-T148"  MOD="MID" VAL="2007">
  <timex2_mention ID="07_IraqWar-T148-1">
    <extent>
      <charseq START="26689" END="26696">mid-2007</charseq>
    </extent>
  </timex2_mention>
</timex2>
<timex2 ID="07_IraqWar-T149"  ANCHOR_DIR="BEFORE" ANCHOR_VAL="2007" VAL="PAST_REF">
  <timex2_mention ID="07_IraqWar-T149-1">
    <extent>
      <charseq START="26774" END="26779">former</charseq>
    </extent>
  </timex2_mention>
</timex2>
<timex2 ID="07_IraqWar-T150"  VAL="2007">
  <timex2_mention ID="07_IraqWar-T150-1">
    <extent>
      <charseq START="26969" END="26972">2007</charseq>
    </extent>
  </timex2_mention>
</timex2>
<timex2 ID="07_IraqWar-T151"  VAL="2007-08-16">
  <timex2_mention ID="07_IraqWar-T151-1">
    <extent>
      <charseq START="27245" END="27253">August 16</charseq>
    </extent>
  </timex2_mention>
</timex2>
<timex2 ID="07_IraqWar-T152"  VAL="2007-08-23">
  <timex2_mention ID="07_IraqWar-T152-1">
    <extent>
      <charseq START="27325" END="27333">August 23</charseq>
    </extent>
  </timex2_mention>
</timex2>
<timex2 ID="07_IraqWar-T153"  ANCHOR_DIR="AS_OF" ANCHOR_VAL="2009-12-19T17:00:00" VAL="PRESENT_REF">
  <timex2_mention ID="07_IraqWar-T153-1">
    <extent>
      <charseq START="27751" END="27754">date</charseq>
    </extent>
  </timex2_mention>
</timex2>
<timex2 ID="07_IraqWar-T154"  VAL="2007-FA">
  <timex2_mention ID="07_IraqWar-T154-1">
    <extent>
      <charseq START="27905" END="27922">the Autumn of 2007</charseq>
    </extent>
  </timex2_mention>
</timex2>
<timex2 ID="07_IraqWar-T155"  VAL="2007-11-21">
  <timex2_mention ID="07_IraqWar-T155-1">
    <extent>
      <charseq START="27928" END="27944">November 21, 2007</charseq>
    </extent>
  </timex2_mention>
</timex2>
<timex2 ID="07_IraqWar-T156"  VAL="2007-FA">
  <timex2_mention ID="07_IraqWar-T156-1">
    <extent>
      <charseq START="28432" END="28447">the fall of 2007</charseq>
    </extent>
  </timex2_mention>
</timex2>
<timex2 ID="07_IraqWar-T157"  VAL="2007-11">
  <timex2_mention ID="07_IraqWar-T157-1">
    <extent>
      <charseq START="28778" END="28785">November</charseq>
    </extent>
  </timex2_mention>
</timex2>
<timex2 ID="07_IraqWar-T158"  MOD="MID" VAL="2007-12">
  <timex2_mention ID="07_IraqWar-T158-1">
    <extent>
      <charseq START="28948" END="28959">mid-December</charseq>
    </extent>
  </timex2_mention>
</timex2>
<timex2 ID="07_IraqWar-T159"  VAL="2007-09-17">
  <timex2_mention ID="07_IraqWar-T159-1">
    <extent>
      <charseq START="29364" END="29381">September 17, 2007</charseq>
    </extent>
  </timex2_mention>
</timex2>
<timex2 ID="07_IraqWar-T160"  ANCHOR_DIR="AS_OF" ANCHOR_VAL="2009-12-19T17:00:00" VAL="PRESENT_REF">
  <timex2_mention ID="07_IraqWar-T160-1">
    <extent>
      <charseq START="29773" END="29781">currently</charseq>
    </extent>
  </timex2_mention>
</timex2>
<timex2 ID="07_IraqWar-T161"  VAL="2008">
  <timex2_mention ID="07_IraqWar-T161-1">
    <extent>
      <charseq START="29989" END="29992">2008</charseq>
    </extent>
  </timex2_mention>
</timex2>
<timex2 ID="07_IraqWar-T162"  VAL="2008">
  <timex2_mention ID="07_IraqWar-T162-1">
    <extent>
      <charseq START="30024" END="30027">2008</charseq>
    </extent>
  </timex2_mention>
</timex2>
<timex2 ID="07_IraqWar-T163"  VAL="2008-12">
  <timex2_mention ID="07_IraqWar-T163-1">
    <extent>
      <charseq START="30205" END="30217">December 2008</charseq>
    </extent>
  </timex2_mention>
</timex2>
<timex2 ID="07_IraqWar-T164"  VAL="2007-01">
  <timex2_mention ID="07_IraqWar-T164-1">
    <extent>
      <charseq START="30314" END="30325">January 2007</charseq>
    </extent>
  </timex2_mention>
</timex2>
<timex2 ID="07_IraqWar-T165"  VAL="2008">
  <timex2_mention ID="07_IraqWar-T165-1">
    <extent>
      <charseq START="30455" END="30458">2008</charseq>
    </extent>
  </timex2_mention>
</timex2>
<timex2 ID="07_IraqWar-T166"  VAL="2007">
  <timex2_mention ID="07_IraqWar-T166-1">
    <extent>
      <charseq START="30495" END="30498">2007</charseq>
    </extent>
  </timex2_mention>
</timex2>
<timex2 ID="07_IraqWar-T167"  VAL="2008-11">
  <timex2_mention ID="07_IraqWar-T167-1">
    <extent>
      <charseq START="30583" END="30595">November 2008</charseq>
    </extent>
  </timex2_mention>
</timex2>
<timex2 ID="07_IraqWar-T168"  VAL="2007-01">
  <timex2_mention ID="07_IraqWar-T168-1">
    <extent>
      <charseq START="30617" END="30628">January 2007</charseq>
    </extent>
  </timex2_mention>
</timex2>
<timex2 ID="07_IraqWar-T169"  SET="YES" VAL="P1W">
  <timex2_mention ID="07_IraqWar-T169-1">
    <extent>
      <charseq START="30708" END="30715">per week</charseq>
    </extent>
  </timex2_mention>
</timex2>
<timex2 ID="07_IraqWar-T170"  VAL="2008-H2">
  <timex2_mention ID="07_IraqWar-T170-1">
    <extent>
      <charseq START="30720" END="30742">the latter half of 2008</charseq>
    </extent>
  </timex2_mention>
</timex2>
<timex2 ID="07_IraqWar-T171"  VAL="2007-SU">
  <timex2_mention ID="07_IraqWar-T171-1">
    <extent>
      <charseq START="30785" END="30795">summer 2007</charseq>
    </extent>
  </timex2_mention>
</timex2>
<timex2 ID="07_IraqWar-T172"  SET="YES" VAL="P1M">
  <timex2_mention ID="07_IraqWar-T172-1">
    <extent>
      <charseq START="30855" END="30863">per month</charseq>
    </extent>
  </timex2_mention>
</timex2>
<timex2 ID="07_IraqWar-T173"  VAL="2008-H2">
  <timex2_mention ID="07_IraqWar-T173-1">
    <extent>
      <charseq START="30868" END="30890">the second half of 2008</charseq>
    </extent>
  </timex2_mention>
</timex2>
<timex2 ID="07_IraqWar-T174"  VAL="2007-SU">
  <timex2_mention ID="07_IraqWar-T174-1">
    <extent>
      <charseq START="30922" END="30932">summer 2007</charseq>
    </extent>
  </timex2_mention>
</timex2>
<timex2 ID="07_IraqWar-T175"  VAL="2008-SP">
  <timex2_mention ID="07_IraqWar-T175-1">
    <extent>
      <charseq START="31011" END="31016">spring</charseq>
    </extent>
  </timex2_mention>
</timex2>
<timex2 ID="07_IraqWar-T176"  VAL="2008-03">
  <timex2_mention ID="07_IraqWar-T176-1">
    <extent>
      <charseq START="31161" END="31165">March</charseq>
    </extent>
  </timex2_mention>
</timex2>
<timex2 ID="07_IraqWar-T177"  VAL="2008-10">
  <timex2_mention ID="07_IraqWar-T177-1">
    <extent>
      <charseq START="31323" END="31329">October</charseq>
    </extent>
  </timex2_mention>
</timex2>
<timex2 ID="07_IraqWar-T178"  VAL="2008">
  <timex2_mention ID="07_IraqWar-T178-1">
    <extent>
      <charseq START="31622" END="31625">2008</charseq>
    </extent>
  </timex2_mention>
</timex2>
<timex2 ID="07_IraqWar-T179"  VAL="2008-05">
  <timex2_mention ID="07_IraqWar-T179-1">
    <extent>
      <charseq START="31807" END="31809">May</charseq>
    </extent>
  </timex2_mention>
</timex2>
<timex2 ID="07_IraqWar-T180"  MOD="END" VAL="2008">
  <timex2_mention ID="07_IraqWar-T180-1">
    <extent>
      <charseq START="32063" END="32081">the end of the year</charseq>
    </extent>
  </timex2_mention>
</timex2>
<timex2 ID="07_IraqWar-T181"  VAL="2008-02-21">
  <timex2_mention ID="07_IraqWar-T181-1">
    <extent>
      <charseq START="32208" END="32218">February 21</charseq>
    </extent>
  </timex2_mention>
</timex2>
<timex2 ID="07_IraqWar-T182"  ANCHOR_DIR="STARTING" ANCHOR_VAL="2005-02-21" VAL="P9D">
  <timex2_mention ID="07_IraqWar-T182-1">
    <extent>
      <charseq START="32307" END="32323">the nine day long</charseq>
    </extent>
  </timex2_mention>
</timex2>
<timex2 ID="07_IraqWar-T183"  VAL="1995">
  <timex2_mention ID="07_IraqWar-T183-1">
    <extent>
      <charseq START="32478" END="32481">1995</charseq>
    </extent>
  </timex2_mention>
</timex2>
<timex2 ID="07_IraqWar-T184"  VAL="2008-02-29">
  <timex2_mention ID="07_IraqWar-T184-1">
    <extent>
      <charseq START="32709" END="32719">February 29</charseq>
    </extent>
  </timex2_mention>
</timex2>
<timex2 ID="07_IraqWar-T185"  ANCHOR_DIR="AFTER" ANCHOR_VAL="2008-02-29" VAL="FUTURE_REF">
  <timex2_mention ID="07_IraqWar-T185-1">
    <extent>
      <charseq START="32748" END="32757">the future</charseq>
    </extent>
  </timex2_mention>
</timex2>
<timex2 ID="07_IraqWar-T186"  VAL="2008">
  <timex2_mention ID="07_IraqWar-T186-1">
    <extent>
      <charseq START="33056" END="33059">2008</charseq>
    </extent>
  </timex2_mention>
</timex2>
<timex2 ID="07_IraqWar-T187" >
  <timex2_mention ID="07_IraqWar-T187-1">
    <extent>
      <charseq START="33183" END="33196">dangerous time</charseq>
    </extent>
  </timex2_mention>
</timex2>
<timex2 ID="07_IraqWar-T188"  VAL="2008-12">
  <timex2_mention ID="07_IraqWar-T188-1">
    <extent>
      <charseq START="33202" END="33214">December 2008</charseq>
    </extent>
  </timex2_mention>
</timex2>
<timex2 ID="07_IraqWar-T189"  VAL="2008-SP">
  <timex2_mention ID="07_IraqWar-T189-1">
    <extent>
      <charseq START="33218" END="33223">Spring</charseq>
    </extent>
  </timex2_mention>
</timex2>
<timex2 ID="07_IraqWar-T190"  MOD="END" VAL="2008-03">
  <timex2_mention ID="07_IraqWar-T190-1">
    <extent>
      <charseq START="33257" END="33272">the end of March</charseq>
    </extent>
  </timex2_mention>
</timex2>
<timex2 ID="07_IraqWar-T191"  VAL="2008-03-31">
  <timex2_mention ID="07_IraqWar-T191-1">
    <extent>
      <charseq START="34152" END="34165">March 31, 2008</charseq>
    </extent>
  </timex2_mention>
</timex2>
<timex2 ID="07_IraqWar-T192"  VAL="2008-05-12">
  <timex2_mention ID="07_IraqWar-T192-1">
    <extent>
      <charseq START="34250" END="34261">May 12, 2008</charseq>
    </extent>
  </timex2_mention>
</timex2>
<timex2 ID="07_IraqWar-T193"  VAL="XXXX-XX-XX">
  <timex2_mention ID="07_IraqWar-T193-1">
    <extent>
      <charseq START="34340" END="34347">everyday</charseq>
    </extent>
  </timex2_mention>
</timex2>
<timex2 ID="07_IraqWar-T194"  ANCHOR_DIR="AS_OF" ANCHOR_VAL="2008-05-12" VAL="PRESENT_REF">
  <timex2_mention ID="07_IraqWar-T194-1">
    <extent>
      <charseq START="34413" END="34415">now</charseq>
    </extent>
  </timex2_mention>
</timex2>
<timex2 ID="07_IraqWar-T195"  VAL="P1D">
  <timex2_mention ID="07_IraqWar-T195-1">
    <extent>
      <charseq START="34765" END="34771">one day</charseq>
    </extent>
  </timex2_mention>
</timex2>
<timex2 ID="07_IraqWar-T196"  MOD="END" VAL="2008-04">
  <timex2_mention ID="07_IraqWar-T196-1">
    <extent>
      <charseq START="34778" END="34787">late April</charseq>
    </extent>
  </timex2_mention>
</timex2>
<timex2 ID="07_IraqWar-T197"  VAL="2008-01">
  <timex2_mention ID="07_IraqWar-T197-1">
    <extent>
      <charseq START="34839" END="34845">January</charseq>
    </extent>
  </timex2_mention>
</timex2>
<timex2 ID="07_IraqWar-T198"  VAL="2007-05">
  <timex2_mention ID="07_IraqWar-T198-1">
    <extent>
      <charseq START="34882" END="34889">May 2007</charseq>
    </extent>
  </timex2_mention>
</timex2>
<timex2 ID="07_IraqWar-T199"  VAL="2008-05">
  <timex2_mention ID="07_IraqWar-T199-1">
    <extent>
      <charseq START="34900" END="34908">early May</charseq>
    </extent>
  </timex2_mention>
</timex2>
<timex2 ID="07_IraqWar-T200"  ANCHOR_DIR="ENDING" ANCHOR_VAL="2008-05" MOD="MORE_THAN" VAL="P40D">
  <timex2_mention ID="07_IraqWar-T200-1">
    <extent>
      <charseq START="34983" END="35053">more than 40 days of fighting, which left between 500-1,000 people dead</charseq>
    </extent>
  </timex2_mention>
</timex2>
<timex2 ID="07_IraqWar-T201"  VAL="2008-04-08">
  <timex2_mention ID="07_IraqWar-T201-1">
    <extent>
      <charseq START="35220" END="35232">April 8, 2008</charseq>
    </extent>
  </timex2_mention>
</timex2>
<timex2 ID="07_IraqWar-T202"  ANCHOR_DIR="BEFORE" ANCHOR_VAL="2008-04-08" VAL="PAST_REF">
  <timex2_mention ID="07_IraqWar-T202-1">
    <extent>
      <charseq START="35465" END="35470">former</charseq>
    </extent>
  </timex2_mention>
</timex2>
<timex2 ID="07_IraqWar-T203"  COMMENT="EC:EVENT-BASED">
  <timex2_mention ID="07_IraqWar-T203-1">
    <extent>
      <charseq START="35472" END="35482">Vietnam-era</charseq>
    </extent>
  </timex2_mention>
</timex2>
<timex2 ID="07_IraqWar-T204"  COMMENT="THE AUTHOR MEANT A DIFFERENT DATE, BUT WE NEED TO INTERPRET THIS WITH RESPECT TO THE DCD" VAL="2010-SP">
  <timex2_mention ID="07_IraqWar-T204-1">
    <extent>
      <charseq START="36163" END="36173">this spring</charseq>
    </extent>
  </timex2_mention>
</timex2>
<timex2 ID="07_IraqWar-T205"  ANCHOR_DIR="AS_OF" ANCHOR_VAL="2009-12-19T17:00:00" VAL="PRESENT_REF">
  <timex2_mention ID="07_IraqWar-T205-1">
    <extent>
      <charseq START="36307" END="36313">current</charseq>
    </extent>
  </timex2_mention>
</timex2>
<timex2 ID="07_IraqWar-T206"  COMMENT="WE NEED TO INTERPRET THIS WITH RESPECT TO THE DCD" VAL="2009">
  <timex2_mention ID="07_IraqWar-T206-1">
    <extent>
      <charseq START="36459" END="36467">This year</charseq>
    </extent>
  </timex2_mention>
</timex2>
<timex2 ID="07_IraqWar-T207"  COMMENT="WE NEED TO INTERPRET THIS WITH RESPECT TO THE DCD" VAL="2009-SU">
  <timex2_mention ID="07_IraqWar-T207-1">
    <extent>
      <charseq START="37042" END="37051">the summer</charseq>
    </extent>
  </timex2_mention>
</timex2>
<timex2 ID="07_IraqWar-T208"  MOD="END" VAL="2008">
  <timex2_mention ID="07_IraqWar-T208-1">
    <extent>
      <charseq START="37379" END="37387">late 2008</charseq>
    </extent>
  </timex2_mention>
</timex2>
<timex2 ID="07_IraqWar-T209"  VAL="2009-06-30">
  <timex2_mention ID="07_IraqWar-T209-1">
    <extent>
      <charseq START="37499" END="37511">June 30, 2009</charseq>
    </extent>
  </timex2_mention>
</timex2>
<timex2 ID="07_IraqWar-T210"  VAL="2011-12-31">
  <timex2_mention ID="07_IraqWar-T210-1">
    <extent>
      <charseq START="37573" END="37589">December 31, 2011</charseq>
    </extent>
  </timex2_mention>
</timex2>
<timex2 ID="07_IraqWar-T211"  MOD="MID" VAL="2009">
  <timex2_mention ID="07_IraqWar-T211-1">
    <extent>
      <charseq START="37697" END="37704">mid-2009</charseq>
    </extent>
  </timex2_mention>
</timex2>
<timex2 ID="07_IraqWar-T212"  MOD="MID" VAL="2010">
  <timex2_mention ID="07_IraqWar-T212-1">
    <extent>
      <charseq START="37771" END="37788">the middle of 2010</charseq>
    </extent>
  </timex2_mention>
</timex2>
<timex2 ID="07_IraqWar-T213"  VAL="PT24H">
  <timex2_mention ID="07_IraqWar-T213-1">
    <extent>
      <charseq START="37853" END="37860">24 hours</charseq>
    </extent>
  </timex2_mention>
</timex2>
<timex2 ID="07_IraqWar-T214"  ANCHOR_DIR="AS_OF" ANCHOR_VAL="2009-12-19T17:00:00" VAL="PRESENT_REF">
  <timex2_mention ID="07_IraqWar-T214-1">
    <extent>
      <charseq START="38467" END="38475">currently</charseq>
    </extent>
  </timex2_mention>
</timex2>
<timex2 ID="07_IraqWar-T215"  VAL="2008-11-16">
  <timex2_mention ID="07_IraqWar-T215-1">
    <extent>
      <charseq START="38752" END="38768">November 16, 2008</charseq>
    </extent>
  </timex2_mention>
</timex2>
<timex2 ID="07_IraqWar-T216"  VAL="2008-11-27">
  <timex2_mention ID="07_IraqWar-T216-1">
    <extent>
      <charseq START="38813" END="38829">November 27, 2008</charseq>
    </extent>
  </timex2_mention>
</timex2>
<timex2 ID="07_IraqWar-T217"  VAL="2008-12-04">
  <timex2_mention ID="07_IraqWar-T217-1">
    <extent>
      <charseq START="38880" END="38895">December 4, 2008</charseq>
    </extent>
  </timex2_mention>
</timex2>
<timex2 ID="07_IraqWar-T218"  VAL="2011">
  <timex2_mention ID="07_IraqWar-T218-1">
    <extent>
      <charseq START="39137" END="39140">2011</charseq>
    </extent>
  </timex2_mention>
</timex2>
<timex2 ID="07_IraqWar-T219"  VAL="2003">
  <timex2_mention ID="07_IraqWar-T219-1">
    <extent>
      <charseq START="39479" END="39499">five years previously</charseq>
    </extent>
  </timex2_mention>
</timex2>
<timex2 ID="07_IraqWar-T220"  VAL="2011">
  <timex2_mention ID="07_IraqWar-T220-1">
    <extent>
      <charseq START="39649" END="39652">2011</charseq>
    </extent>
  </timex2_mention>
</timex2>
<timex2 ID="07_IraqWar-T221"  VAL="2008-12-04">
  <timex2_mention ID="07_IraqWar-T221-1">
    <extent>
      <charseq START="39658" END="39673">December 4, 2008</charseq>
    </extent>
  </timex2_mention>
</timex2>
<timex2 ID="07_IraqWar-T222"  VAL="2011">
  <timex2_mention ID="07_IraqWar-T222-1">
    <extent>
      <charseq START="39796" END="39799">2011</charseq>
    </extent>
  </timex2_mention>
</timex2>
<timex2 ID="07_IraqWar-T223"  SET="YES" VAL="XXXX-WXX">
  <timex2_mention ID="07_IraqWar-T223-1">
    <extent>
      <charseq START="40457" END="40462">weekly</charseq>
    </extent>
  </timex2_mention>
</timex2>
<timex2 ID="07_IraqWar-T224"  VAL="XXXX-WXX-5">
  <timex2_mention ID="07_IraqWar-T224-1">
    <extent>
      <charseq START="40470" END="40475">Friday</charseq>
    </extent>
  </timex2_mention>
</timex2>
<timex2 ID="07_IraqWar-T225"  VAL="2010">
  <timex2_mention ID="07_IraqWar-T225-1">
    <extent>
      <charseq START="40712" END="40720">next year</charseq>
    </extent>
  </timex2_mention>
</timex2>
<timex2 ID="07_IraqWar-T226"  VAL="2009">
  <timex2_mention ID="07_IraqWar-T226-1">
    <extent>
      <charseq START="40724" END="40727">2009</charseq>
    </extent>
  </timex2_mention>
</timex2>
<timex2 ID="07_IraqWar-T227"  VAL="2009-01-01">
  <timex2_mention ID="07_IraqWar-T227-1">
    <extent>
      <charseq START="40790" END="40804">January 1, 2009</charseq>
    </extent>
  </timex2_mention>
</timex2>
<timex2 ID="07_IraqWar-T228"  VAL="2009-01-01">
  <timex2_mention ID="07_IraqWar-T228-1">
    <extent>
      <charseq START="41085" END="41093">January 1</charseq>
    </extent>
  </timex2_mention>
</timex2>
<timex2 ID="07_IraqWar-T229"  COMMENT="EC:EVENT-BASED" VAL="2009-01-01">
  <timex2_mention ID="07_IraqWar-T229-1">
    <extent>
      <charseq START="41117" END="41131">Sovereignty Day</charseq>
    </extent>
  </timex2_mention>
</timex2>
<timex2 ID="07_IraqWar-T230"  VAL="2009-01-31">
  <timex2_mention ID="07_IraqWar-T230-1">
    <extent>
      <charseq START="41607" END="41622">January 31, 2009</charseq>
    </extent>
  </timex2_mention>
</timex2>
<timex2 ID="07_IraqWar-T231"  VAL="2009-02-27">
  <timex2_mention ID="07_IraqWar-T231-1">
    <extent>
      <charseq START="42270" END="42286">February 27, 2009</charseq>
    </extent>
  </timex2_mention>
</timex2>
<timex2 ID="07_IraqWar-T232"  VAL="2010-08-31">
  <timex2_mention ID="07_IraqWar-T232-1">
    <extent>
      <charseq START="42471" END="42485">August 31, 2010</charseq>
    </extent>
  </timex2_mention>
</timex2>
<timex2 ID="07_IraqWar-T233"  MOD="END" VAL="2011">
  <timex2_mention ID="07_IraqWar-T233-1">
    <extent>
      <charseq START="42669" END="42683">the end of 2011</charseq>
    </extent>
  </timex2_mention>
</timex2>
<timex2 ID="07_IraqWar-T234"  VAL="2010">
  <timex2_mention ID="07_IraqWar-T234-1">
    <extent>
      <charseq START="43183" END="43186">2010</charseq>
    </extent>
  </timex2_mention>
</timex2>
<timex2 ID="07_IraqWar-T235"  VAL="2011">
  <timex2_mention ID="07_IraqWar-T235-1">
    <extent>
      <charseq START="43206" END="43209">2011</charseq>
    </extent>
  </timex2_mention>
</timex2>
<timex2 ID="07_IraqWar-T236"  COMMENT="EC:EVENT-BASED" VAL="2009-02-26">
  <timex2_mention ID="07_IraqWar-T236-1">
    <extent>
      <charseq START="43212" END="43240">The day before Obama's speech</charseq>
    </extent>
  </timex2_mention>
</timex2>
<timex2 ID="07_IraqWar-T237"  VAL="2009-04-09">
  <timex2_mention ID="07_IraqWar-T237-1">
    <extent>
      <charseq START="43531" END="43552">Sixth year anniversary</charseq>
    </extent>
  </timex2_mention>
</timex2>
<timex2 ID="07_IraqWar-T238"  VAL="2009-04-09">
  <timex2_mention ID="07_IraqWar-T238-1">
    <extent>
      <charseq START="43567" END="43579">April 9, 2009</charseq>
    </extent>
  </timex2_mention>
</timex2>
<timex2 ID="07_IraqWar-T239"  COMMENT="EC:EVENT-BASED" VAL="2009-04-09">
  <timex2_mention ID="07_IraqWar-T239-1">
    <extent>
      <charseq START="43582" END="43640">the sixth anniversary of Baghdad's fall to coalition forces</charseq>
    </extent>
  </timex2_mention>
</timex2>
<timex2 ID="07_IraqWar-T240"  COMMENT="EC:EVENT-BASED" VAL="2009-04-09">
  <timex2_mention ID="07_IraqWar-T240-1">
    <extent>
      <charseq START="43696" END="43735">the sixth anniversary of the city's fall</charseq>
    </extent>
  </timex2_mention>
</timex2>
<timex2 ID="07_IraqWar-T241"  ANCHOR_DIR="BEFORE" ANCHOR_VAL="2009" VAL="PAST_REF">
  <timex2_mention ID="07_IraqWar-T241-1">
    <extent>
      <charseq START="43976" END="43981">former</charseq>
    </extent>
  </timex2_mention>
</timex2>
<timex2 ID="07_IraqWar-T242"  VAL="2009-04-30">
  <timex2_mention ID="07_IraqWar-T242-1">
    <extent>
      <charseq START="44340" END="44353">April 30, 2009</charseq>
    </extent>
  </timex2_mention>
</timex2>
<timex2 ID="07_IraqWar-T243"  MOD="END" VAL="2009-06">
  <timex2_mention ID="07_IraqWar-T243-1">
    <extent>
      <charseq START="44689" END="44703">the end of June</charseq>
    </extent>
  </timex2_mention>
</timex2>
<timex2 ID="07_IraqWar-T244"  VAL="2009-06-29">
  <timex2_mention ID="07_IraqWar-T244-1">
    <extent>
      <charseq START="44758" END="44770">June 29, 2009</charseq>
    </extent>
  </timex2_mention>
</timex2>
<timex2 ID="07_IraqWar-T245"  VAL="2009-11-30">
  <timex2_mention ID="07_IraqWar-T245-1">
    <extent>
      <charseq START="44811" END="44827">November 30, 2009</charseq>
    </extent>
  </timex2_mention>
</timex2>
<timex2 ID="07_IraqWar-T246"  VAL="2009-11">
  <timex2_mention ID="07_IraqWar-T246-1">
    <extent>
      <charseq START="44938" END="44945">November</charseq>
    </extent>
  </timex2_mention>
</timex2>
<timex2 ID="07_IraqWar-T247"  VAL="2003">
  <timex2_mention ID="07_IraqWar-T247-1">
    <extent>
      <charseq START="44957" END="44960">2003</charseq>
    </extent>
  </timex2_mention>
</timex2>
</document>
</source_file>
