<?xml version="1.0"?>
<!DOCTYPE source_file SYSTEM "apf.v5.1.2.dtd">
<source_file URI="keyinline/08_FrenchRev.key.xml" SOURCE="08_wikipedia" TYPE="text">
<document DOCID="08_FrenchRev">
<timex2 ID="08_FrenchRev-T1"  VAL="2009-12-19T17:00:00">
  <timex2_mention ID="08_FrenchRev-T1-1">
    <extent>
      <charseq START="33" END="51">2009-12-19T17:00:00</charseq>
    </extent>
  </timex2_mention>
</timex2>
<timex2 ID="08_FrenchRev-T2"  VAL="P7Y">
  <timex2_mention ID="08_FrenchRev-T2-1">
    <extent>
      <charseq START="260" END="270">Seven Years</charseq>
    </extent>
  </timex2_mention>
</timex2>
<timex2 ID="08_FrenchRev-T3"  VAL="1776-05">
  <timex2_mention ID="08_FrenchRev-T3-1">
    <extent>
      <charseq START="336" END="343">May 1776</charseq>
    </extent>
  </timex2_mention>
</timex2>
<timex2 ID="08_FrenchRev-T4"  VAL="1777">
  <timex2_mention ID="08_FrenchRev-T4-1">
    <extent>
      <charseq START="406" END="418">The next year</charseq>
    </extent>
  </timex2_mention>
</timex2>
<timex2 ID="08_FrenchRev-T5"  VAL="1789-05">
  <timex2_mention ID="08_FrenchRev-T5-1">
    <extent>
      <charseq START="1608" END="1615">May 1789</charseq>
    </extent>
  </timex2_mention>
</timex2>
<timex2 ID="08_FrenchRev-T6"  VAL="1789">
  <timex2_mention ID="08_FrenchRev-T6-1">
    <extent>
      <charseq START="1697" END="1700">1789</charseq>
    </extent>
  </timex2_mention>
</timex2>
<timex2 ID="08_FrenchRev-T7"  VAL="1614">
  <timex2_mention ID="08_FrenchRev-T7-1">
    <extent>
      <charseq START="1879" END="1882">1614</charseq>
    </extent>
  </timex2_mention>
</timex2>
<timex2 ID="08_FrenchRev-T8"  VAL="1614">
  <timex2_mention ID="08_FrenchRev-T8-1">
    <extent>
      <charseq START="2111" END="2114">1614</charseq>
    </extent>
  </timex2_mention>
</timex2>
<timex2 ID="08_FrenchRev-T9"  VAL="1614">
  <timex2_mention ID="08_FrenchRev-T9-1">
    <extent>
      <charseq START="2121" END="2124">1614</charseq>
    </extent>
  </timex2_mention>
</timex2>
<timex2 ID="08_FrenchRev-T10"  VAL="1788-12-27">
  <timex2_mention ID="08_FrenchRev-T10-1">
    <extent>
      <charseq START="2956" END="2966">27 December</charseq>
    </extent>
  </timex2_mention>
</timex2>
<timex2 ID="08_FrenchRev-T11"  VAL="1789-SP">
  <timex2_mention ID="08_FrenchRev-T11-1">
    <extent>
      <charseq START="3073" END="3090">the spring of 1789</charseq>
    </extent>
  </timex2_mention>
</timex2>
<timex2 ID="08_FrenchRev-T12"  MOD="EQUAL_OR_MORE" VAL="P25Y">
  <timex2_mention ID="08_FrenchRev-T12-1">
    <extent>
      <charseq START="3184" END="3207">at least 25 years of age</charseq>
    </extent>
  </timex2_mention>
</timex2>
<timex2 ID="08_FrenchRev-T13"  ANCHOR_DIR="BEFORE" ANCHOR_VAL="1789-SP" VAL="XXXX-XX">
  <timex2_mention ID="08_FrenchRev-T13-1">
    <extent>
      <charseq START="3552" END="3564">months before</charseq>
    </extent>
  </timex2_mention>
</timex2>
<timex2 ID="08_FrenchRev-T14"  ANCHOR_DIR="AFTER" ANCHOR_VAL="1789-SP" VAL="FUTURE_REF">
  <timex2_mention ID="08_FrenchRev-T14-1">
    <extent>
      <charseq START="3673" END="3678">future</charseq>
    </extent>
  </timex2_mention>
</timex2>
<timex2 ID="08_FrenchRev-T15"  VAL="1789-01">
  <timex2_mention ID="08_FrenchRev-T15-1">
    <extent>
      <charseq START="3978" END="3989">January 1789</charseq>
    </extent>
  </timex2_mention>
</timex2>
<timex2 ID="08_FrenchRev-T16"  ANCHOR_DIR="AS_OF" ANCHOR_VAL="1789-01" VAL="PRESENT_REF">
  <timex2_mention ID="08_FrenchRev-T16-1">
    <extent>
      <charseq START="4067" END="4069">now</charseq>
    </extent>
  </timex2_mention>
</timex2>
<timex2 ID="08_FrenchRev-T17"  VAL="1789-05-05">
  <timex2_mention ID="08_FrenchRev-T17-1">
    <extent>
      <charseq START="4187" END="4196">5 May 1789</charseq>
    </extent>
  </timex2_mention>
</timex2>
<timex2 ID="08_FrenchRev-T18"  ANCHOR_DIR="WITHIN" ANCHOR_VAL="1789-05-05" VAL="PT3H">
  <timex2_mention ID="08_FrenchRev-T18-1">
    <extent>
      <charseq START="4216" END="4225">three hour</charseq>
    </extent>
  </timex2_mention>
</timex2>
<timex2 ID="08_FrenchRev-T19"  VAL="1789">
  <timex2_mention ID="08_FrenchRev-T19-1">
    <extent>
      <charseq START="5069" END="5072">1789</charseq>
    </extent>
  </timex2_mention>
</timex2>
<timex2 ID="08_FrenchRev-T20"  VAL="1789-06-10">
  <timex2_mention ID="08_FrenchRev-T20-1">
    <extent>
      <charseq START="5079" END="5090">10 June 1789</charseq>
    </extent>
  </timex2_mention>
</timex2>
<timex2 ID="08_FrenchRev-T21"  ANCHOR_DIR="AS_OF" ANCHOR_VAL="1789-06-10" VAL="PRESENT_REF">
  <timex2_mention ID="08_FrenchRev-T21-1">
    <extent>
      <charseq START="5134" END="5136">now</charseq>
    </extent>
  </timex2_mention>
</timex2>
<timex2 ID="08_FrenchRev-T22"  VAL="1789-06-12">
  <timex2_mention ID="08_FrenchRev-T22-1">
    <extent>
      <charseq START="5325" END="5338">two days later</charseq>
    </extent>
  </timex2_mention>
</timex2>
<timex2 ID="08_FrenchRev-T23"  VAL="1789-06-17">
  <timex2_mention ID="08_FrenchRev-T23-1">
    <extent>
      <charseq START="5367" END="5373">17 June</charseq>
    </extent>
  </timex2_mention>
</timex2>
<timex2 ID="08_FrenchRev-T24" >
  <timex2_mention ID="08_FrenchRev-T24-1">
    <extent>
      <charseq START="5896" END="5903">two days</charseq>
    </extent>
  </timex2_mention>
</timex2>
<timex2 ID="08_FrenchRev-T25"  VAL="1789-06-20">
  <timex2_mention ID="08_FrenchRev-T25-1">
    <extent>
      <charseq START="6081" END="6092">20 June 1789</charseq>
    </extent>
  </timex2_mention>
</timex2>
<timex2 ID="08_FrenchRev-T26"  VAL="1789-06-27">
  <timex2_mention ID="08_FrenchRev-T26-1">
    <extent>
      <charseq START="6284" END="6290">27 June</charseq>
    </extent>
  </timex2_mention>
</timex2>
<timex2 ID="08_FrenchRev-T27"  VAL="1789">
  <timex2_mention ID="08_FrenchRev-T27-1">
    <extent>
      <charseq START="6530" END="6533">1789</charseq>
    </extent>
  </timex2_mention>
</timex2>
<timex2 ID="08_FrenchRev-T28"  VAL="1791">
  <timex2_mention ID="08_FrenchRev-T28-1">
    <extent>
      <charseq START="6535" END="6538">1791</charseq>
    </extent>
  </timex2_mention>
</timex2>
<timex2 ID="08_FrenchRev-T29"  VAL="1789-06-27">
  <timex2_mention ID="08_FrenchRev-T29-1">
    <extent>
      <charseq START="6571" END="6579">this time</charseq>
    </extent>
  </timex2_mention>
</timex2>
<timex2 ID="08_FrenchRev-T30"  VAL="1789-07-11">
  <timex2_mention ID="08_FrenchRev-T30-1">
    <extent>
      <charseq START="6895" END="6906">11 July 1789</charseq>
    </extent>
  </timex2_mention>
</timex2>
<timex2 ID="08_FrenchRev-T31"  VAL="1789-07-11">
  <timex2_mention ID="08_FrenchRev-T31-1">
    <extent>
      <charseq START="7073" END="7085">the same time</charseq>
    </extent>
  </timex2_mention>
</timex2>
<timex2 ID="08_FrenchRev-T32"  VAL="1789-07-12">
  <timex2_mention ID="08_FrenchRev-T32-1">
    <extent>
      <charseq START="7231" END="7242">the next day</charseq>
    </extent>
  </timex2_mention>
</timex2>
<timex2 ID="08_FrenchRev-T33"  VAL="1789-07-14">
  <timex2_mention ID="08_FrenchRev-T33-1">
    <extent>
      <charseq START="7706" END="7712">14 July</charseq>
    </extent>
  </timex2_mention>
</timex2>
<timex2 ID="08_FrenchRev-T34"  ANCHOR_DIR="WITHIN" ANCHOR_VAL="1789-07-14" COMMENT="EC:EVENT-BASED" VAL="PTXH">
  <timex2_mention ID="08_FrenchRev-T34-1">
    <extent>
      <charseq START="7886" END="7908">several hours of combat</charseq>
    </extent>
  </timex2_mention>
</timex2>
<timex2 ID="08_FrenchRev-T35"  VAL="1789-07-14TAF">
  <timex2_mention ID="08_FrenchRev-T35-1">
    <extent>
      <charseq START="7927" END="7940">that afternoon</charseq>
    </extent>
  </timex2_mention>
</timex2>
<timex2 ID="08_FrenchRev-T36"  ANCHOR_DIR="AS_OF" ANCHOR_VAL="1789-07-14" VAL="PRESENT_REF">
  <timex2_mention ID="08_FrenchRev-T36-1">
    <extent>
      <charseq START="8575" END="8588">the time being</charseq>
    </extent>
  </timex2_mention>
</timex2>
<timex2 ID="08_FrenchRev-T37"  COMMENT="EC:EVENT-BASED" VAL="1789-06-20">
  <timex2_mention ID="08_FrenchRev-T37-1">
    <extent>
      <charseq START="8700" END="8732">the time of the Tennis Court Oath</charseq>
    </extent>
  </timex2_mention>
</timex2>
<timex2 ID="08_FrenchRev-T38"  VAL="1789-07-17">
  <timex2_mention ID="08_FrenchRev-T38-1">
    <extent>
      <charseq START="8850" END="8856">17 July</charseq>
    </extent>
  </timex2_mention>
</timex2>
<timex2 ID="08_FrenchRev-T39"  MOD="END" VAL="1789-07">
  <timex2_mention ID="08_FrenchRev-T39-1">
    <extent>
      <charseq START="9513" END="9521">late July</charseq>
    </extent>
  </timex2_mention>
</timex2>
<timex2 ID="08_FrenchRev-T40"  VAL="1789-08-04">
  <timex2_mention ID="08_FrenchRev-T40-1">
    <extent>
      <charseq START="10091" END="10103">4 August 1789</charseq>
    </extent>
  </timex2_mention>
</timex2>
<timex2 ID="08_FrenchRev-T41"  VAL="1789-08">
  <timex2_mention ID="08_FrenchRev-T41-1">
    <extent>
      <charseq START="10283" END="10288">August</charseq>
    </extent>
  </timex2_mention>
</timex2>
<timex2 ID="08_FrenchRev-T42"  ANCHOR_DIR="WITHIN" ANCHOR_VAL="1789-08-04" VAL="PTXH">
  <timex2_mention ID="08_FrenchRev-T42-1">
    <extent>
      <charseq START="10424" END="10434">a few hours</charseq>
    </extent>
  </timex2_mention>
</timex2>
<timex2 ID="08_FrenchRev-T43"  VAL="1789-08-26">
  <timex2_mention ID="08_FrenchRev-T43-1">
    <extent>
      <charseq START="10604" END="10617">26 August 1789</charseq>
    </extent>
  </timex2_mention>
</timex2>
<timex2 ID="08_FrenchRev-T44"  MOD="END" VAL="1789">
  <timex2_mention ID="08_FrenchRev-T44-1">
    <extent>
      <charseq START="11567" END="11575">late 1789</charseq>
    </extent>
  </timex2_mention>
</timex2>
<timex2 ID="08_FrenchRev-T45"  ANCHOR_DIR="AS_OF" ANCHOR_VAL="1789" VAL="PRESENT_REF">
  <timex2_mention ID="08_FrenchRev-T45-1">
    <extent>
      <charseq START="11667" END="11669">now</charseq>
    </extent>
  </timex2_mention>
</timex2>
<timex2 ID="08_FrenchRev-T46"  VAL="1789-10-01">
  <timex2_mention ID="08_FrenchRev-T46-1">
    <extent>
      <charseq START="11857" END="11870">1 October 1789</charseq>
    </extent>
  </timex2_mention>
</timex2>
<timex2 ID="08_FrenchRev-T47"  VAL="1789-10-05">
  <timex2_mention ID="08_FrenchRev-T47-1">
    <extent>
      <charseq START="11929" END="11942">5 October 1789</charseq>
    </extent>
  </timex2_mention>
</timex2>
<timex2 ID="08_FrenchRev-T48"  VAL="1789-10-06">
  <timex2_mention ID="08_FrenchRev-T48-1">
    <extent>
      <charseq START="12853" END="12866">6 October 1789</charseq>
    </extent>
  </timex2_mention>
</timex2>
<timex2 ID="08_FrenchRev-T49"  VAL="17">
  <timex2_mention ID="08_FrenchRev-T49-1">
    <extent>
      <charseq START="13804" END="13821">eighteenth-century</charseq>
    </extent>
  </timex2_mention>
</timex2>
<timex2 ID="08_FrenchRev-T50"  VAL="XXXX-XX-XX">
  <timex2_mention ID="08_FrenchRev-T50-1">
    <extent>
      <charseq START="13931" END="13937">one day</charseq>
    </extent>
  </timex2_mention>
</timex2>
<timex2 ID="08_FrenchRev-T51"  VAL="1789-05">
  <timex2_mention ID="08_FrenchRev-T51-1">
    <extent>
      <charseq START="14088" END="14098">May of 1789</charseq>
    </extent>
  </timex2_mention>
</timex2>
<timex2 ID="08_FrenchRev-T52"  VAL="1789-06">
  <timex2_mention ID="08_FrenchRev-T52-1">
    <extent>
      <charseq START="14222" END="14230">June 1789</charseq>
    </extent>
  </timex2_mention>
</timex2>
<timex2 ID="08_FrenchRev-T53"  VAL="1789-08-04">
  <timex2_mention ID="08_FrenchRev-T53-1">
    <extent>
      <charseq START="14453" END="14465">4 August 1789</charseq>
    </extent>
  </timex2_mention>
</timex2>
<timex2 ID="08_FrenchRev-T54"  VAL="1789-11-02">
  <timex2_mention ID="08_FrenchRev-T54-1">
    <extent>
      <charseq START="14594" END="14608">2 November 1789</charseq>
    </extent>
  </timex2_mention>
</timex2>
<timex2 ID="08_FrenchRev-T55"  ANCHOR_DIR="AS_OF" ANCHOR_VAL="1789-11-02" VAL="PRESENT_REF">
  <timex2_mention ID="08_FrenchRev-T55-1">
    <extent>
      <charseq START="14767" END="14769">now</charseq>
    </extent>
  </timex2_mention>
</timex2>
<timex2 ID="08_FrenchRev-T56"  VAL="1789-12">
  <timex2_mention ID="08_FrenchRev-T56-1">
    <extent>
      <charseq START="14875" END="14882">December</charseq>
    </extent>
  </timex2_mention>
</timex2>
<timex2 ID="08_FrenchRev-T57"  ANCHOR_DIR="STARTING" ANCHOR_VAL="1789-12" VAL="P2Y">
  <timex2_mention ID="08_FrenchRev-T57-1">
    <extent>
      <charseq START="15037" END="15045">two years</charseq>
    </extent>
  </timex2_mention>
</timex2>
<timex2 ID="08_FrenchRev-T58"  VAL="1789-FA">
  <timex2_mention ID="08_FrenchRev-T58-1">
    <extent>
      <charseq START="15051" END="15064">autumn of 1789</charseq>
    </extent>
  </timex2_mention>
</timex2>
<timex2 ID="08_FrenchRev-T59"  VAL="1790-02-13">
  <timex2_mention ID="08_FrenchRev-T59-1">
    <extent>
      <charseq START="15110" END="15125">13 February 1790</charseq>
    </extent>
  </timex2_mention>
</timex2>
<timex2 ID="08_FrenchRev-T60"  VAL="1790-07-12">
  <timex2_mention ID="08_FrenchRev-T60-1">
    <extent>
      <charseq START="15304" END="15315">12 July 1790</charseq>
    </extent>
  </timex2_mention>
</timex2>
<timex2 ID="08_FrenchRev-T61"  VAL="1790-11">
  <timex2_mention ID="08_FrenchRev-T61-1">
    <extent>
      <charseq START="15625" END="15637">November 1790</charseq>
    </extent>
  </timex2_mention>
</timex2>
<timex2 ID="08_FrenchRev-T62"  VAL="1801">
  <timex2_mention ID="08_FrenchRev-T62-1">
    <extent>
      <charseq START="16727" END="16730">1801</charseq>
    </extent>
  </timex2_mention>
</timex2>
<timex2 ID="08_FrenchRev-T63"  ANCHOR_DIR="ENDING" ANCHOR_VAL="1801" COMMENT="EC:EVENT-BASED" VAL="PXY">
  <timex2_mention ID="08_FrenchRev-T63-1">
    <extent>
      <charseq START="16770" END="16799">the de-Christianization period</charseq>
    </extent>
  </timex2_mention>
</timex2>
<timex2 ID="08_FrenchRev-T64"  VAL="1905-12-11">
  <timex2_mention ID="08_FrenchRev-T64-1">
    <extent>
      <charseq START="16994" END="17009">11 December 1905</charseq>
    </extent>
  </timex2_mention>
</timex2>
<timex2 ID="08_FrenchRev-T65" >
  <timex2_mention ID="08_FrenchRev-T65-1">
    <extent>
      <charseq START="17945" END="17955">this period</charseq>
    </extent>
  </timex2_mention>
</timex2>
<timex2 ID="08_FrenchRev-T66" >
  <timex2_mention ID="08_FrenchRev-T66-1">
    <extent>
      <charseq START="17995" END="18003">some time</charseq>
    </extent>
  </timex2_mention>
</timex2>
<timex2 ID="08_FrenchRev-T67"  VAL="1790-07-14">
  <timex2_mention ID="08_FrenchRev-T67-1">
    <extent>
      <charseq START="18583" END="18594">14 July 1790</charseq>
    </extent>
  </timex2_mention>
</timex2>
<timex2 ID="08_FrenchRev-T68"  ANCHOR_DIR="STARTING" ANCHOR_VAL="1790-07-14" VAL="PXD">
  <timex2_mention ID="08_FrenchRev-T68-1">
    <extent>
      <charseq START="18605" END="18626">several days following</charseq>
    </extent>
  </timex2_mention>
</timex2>
<timex2 ID="08_FrenchRev-T69"  COMMENT="EC:EVENT-BASED; IT IS THE 1ST ANN." VAL="1790-07-14">
  <timex2_mention ID="08_FrenchRev-T69-1">
    <extent>
      <charseq START="18668" END="18710">the anniversary of the fall of the Bastille</charseq>
    </extent>
  </timex2_mention>
</timex2>
<timex2 ID="08_FrenchRev-T70"  VAL="P1Y">
  <timex2_mention ID="08_FrenchRev-T70-1">
    <extent>
      <charseq START="18992" END="19004">a single year</charseq>
    </extent>
  </timex2_mention>
</timex2>
<timex2 ID="08_FrenchRev-T71"  VAL="PRESENT_REF">
  <timex2_mention ID="08_FrenchRev-T71-1">
    <extent>
      <charseq START="19163" END="19165">now</charseq>
    </extent>
  </timex2_mention>
</timex2>
<timex2 ID="08_FrenchRev-T72"  MOD="END" VAL="1790">
  <timex2_mention ID="08_FrenchRev-T72-1">
    <extent>
      <charseq START="19375" END="19383">late 1790</charseq>
    </extent>
  </timex2_mention>
</timex2>
<timex2 ID="08_FrenchRev-T73" >
  <timex2_mention ID="08_FrenchRev-T73-1">
    <extent>
      <charseq START="20056" END="20066">This period</charseq>
    </extent>
  </timex2_mention>
</timex2>
<timex2 ID="08_FrenchRev-T74"  VAL="1790-08-10">
  <timex2_mention ID="08_FrenchRev-T74-1">
    <extent>
      <charseq START="20211" END="20224">10 August 1790</charseq>
    </extent>
  </timex2_mention>
</timex2>
<timex2 ID="08_FrenchRev-T75"  VAL="1789">
  <timex2_mention ID="08_FrenchRev-T75-1">
    <extent>
      <charseq START="20342" END="20344">'89</charseq>
    </extent>
  </timex2_mention>
</timex2>
<timex2 ID="08_FrenchRev-T76"  VAL="1791-01">
  <timex2_mention ID="08_FrenchRev-T76-1">
    <extent>
      <charseq START="20678" END="20689">January 1791</charseq>
    </extent>
  </timex2_mention>
</timex2>
<timex2 ID="08_FrenchRev-T77"  VAL="1791-WI">
  <timex2_mention ID="08_FrenchRev-T77-1">
    <extent>
      <charseq START="21327" END="21344">the winter of 1791</charseq>
    </extent>
  </timex2_mention>
</timex2>
<timex2 ID="08_FrenchRev-T78"  VAL="1791-04-02">
  <timex2_mention ID="08_FrenchRev-T78-1">
    <extent>
      <charseq START="21651" END="21662">2 April 1791</charseq>
    </extent>
  </timex2_mention>
</timex2>
<timex2 ID="08_FrenchRev-T79"  MOD="END" VAL="1791">
  <timex2_mention ID="08_FrenchRev-T79-1">
    <extent>
      <charseq START="21676" END="21694">the end of the year</charseq>
    </extent>
  </timex2_mention>
</timex2>
<timex2 ID="08_FrenchRev-T80"  VAL="1791-06-20TNI">
  <timex2_mention ID="08_FrenchRev-T80-1">
    <extent>
      <charseq START="22075" END="22099">the night of 20 June 1791</charseq>
    </extent>
  </timex2_mention>
</timex2>
<timex2 ID="08_FrenchRev-T81"  VAL="1791-06-21">
  <timex2_mention ID="08_FrenchRev-T81-1">
    <extent>
      <charseq START="22219" END="22230">the next day</charseq>
    </extent>
  </timex2_mention>
</timex2>
<timex2 ID="08_FrenchRev-T82"  VAL="1791-06-21">
  <timex2_mention ID="08_FrenchRev-T82-1">
    <extent>
      <charseq START="22316" END="22322">21 June</charseq>
    </extent>
  </timex2_mention>
</timex2>
<timex2 ID="08_FrenchRev-T83"  VAL="1791-06-21">
  <timex2_mention ID="08_FrenchRev-T83-1">
    <extent>
      <charseq START="22565" END="22573">this time</charseq>
    </extent>
  </timex2_mention>
</timex2>
<timex2 ID="08_FrenchRev-T84"  VAL="PRESENT_REF">
  <timex2_mention ID="08_FrenchRev-T84-1">
    <extent>
      <charseq START="24691" END="24693">now</charseq>
    </extent>
  </timex2_mention>
</timex2>
<timex2 ID="08_FrenchRev-T85"  VAL="PAST_REF">
  <timex2_mention ID="08_FrenchRev-T85-1">
    <extent>
      <charseq START="24895" END="24902">recently</charseq>
    </extent>
  </timex2_mention>
</timex2>
<timex2 ID="08_FrenchRev-T86"  VAL="1791-09-29">
  <timex2_mention ID="08_FrenchRev-T86-1">
    <extent>
      <charseq START="25234" END="25250">29 September 1791</charseq>
    </extent>
  </timex2_mention>
</timex2>
<timex2 ID="08_FrenchRev-T87"  VAL="1791">
  <timex2_mention ID="08_FrenchRev-T87-1">
    <extent>
      <charseq START="25293" END="25296">1791</charseq>
    </extent>
  </timex2_mention>
</timex2>
<timex2 ID="08_FrenchRev-T88"  VAL="1791">
  <timex2_mention ID="08_FrenchRev-T88-1">
    <extent>
      <charseq START="25550" END="25553">1791</charseq>
    </extent>
  </timex2_mention>
</timex2>
<timex2 ID="08_FrenchRev-T89"  VAL="1792">
  <timex2_mention ID="08_FrenchRev-T89-1">
    <extent>
      <charseq START="25555" END="25558">1792</charseq>
    </extent>
  </timex2_mention>
</timex2>
<timex2 ID="08_FrenchRev-T90"  VAL="1791">
  <timex2_mention ID="08_FrenchRev-T90-1">
    <extent>
      <charseq START="25628" END="25631">1791</charseq>
    </extent>
  </timex2_mention>
</timex2>
<timex2 ID="08_FrenchRev-T91"  VAL="1791-10-01">
  <timex2_mention ID="08_FrenchRev-T91-1">
    <extent>
      <charseq START="25865" END="25878">1 October 1791</charseq>
    </extent>
  </timex2_mention>
</timex2>
<timex2 ID="08_FrenchRev-T92"  MOD="BEFORE" VAL="1792-10-01">
  <timex2_mention ID="08_FrenchRev-T92-1">
    <extent>
      <charseq START="25908" END="25929">less than a year later</charseq>
    </extent>
  </timex2_mention>
</timex2>
<timex2 ID="08_FrenchRev-T93"  VAL="1911">
  <timex2_mention ID="08_FrenchRev-T93-1">
    <extent>
      <charseq START="25952" END="25955">1911</charseq>
    </extent>
  </timex2_mention>
</timex2>
<timex2 ID="08_FrenchRev-T94"  VAL="P8D">
  <timex2_mention ID="08_FrenchRev-T94-1">
    <extent>
      <charseq START="26560" END="26569">eight days</charseq>
    </extent>
  </timex2_mention>
</timex2>
<timex2 ID="08_FrenchRev-T95"  VAL="P1Y">
  <timex2_mention ID="08_FrenchRev-T95-1">
    <extent>
      <charseq START="26655" END="26660">a year</charseq>
    </extent>
  </timex2_mention>
</timex2>
<timex2 ID="08_FrenchRev-T96"  VAL="1792-08-10TNI">
  <timex2_mention ID="08_FrenchRev-T96-1">
    <extent>
      <charseq START="26748" END="26774">the night of 10 August 1792</charseq>
    </extent>
  </timex2_mention>
</timex2>
<timex2 ID="08_FrenchRev-T97"  VAL="1792-09-20">
  <timex2_mention ID="08_FrenchRev-T97-1">
    <extent>
      <charseq START="27478" END="27494">20 September 1792</charseq>
    </extent>
  </timex2_mention>
</timex2>
<timex2 ID="08_FrenchRev-T98"  VAL="1792-09-21">
  <timex2_mention ID="08_FrenchRev-T98-1">
    <extent>
      <charseq START="27546" END="27557">The next day</charseq>
    </extent>
  </timex2_mention>
</timex2>
<timex2 ID="08_FrenchRev-T99"  VAL="1792-09-21">
  <timex2_mention ID="08_FrenchRev-T99-1">
    <extent>
      <charseq START="27610" END="27618">This date</charseq>
    </extent>
  </timex2_mention>
</timex2>
<timex2 ID="08_FrenchRev-T100"  VAL="1792-09-21">
  <timex2_mention ID="08_FrenchRev-T100-1">
    <extent>
      <charseq START="27672" END="27713">Year One of the French Republican Calendar</charseq>
    </extent>
  </timex2_mention>
</timex2>
<timex2 ID="08_FrenchRev-T101"  VAL="1792">
  <timex2_mention ID="08_FrenchRev-T101-1">
    <extent>
      <charseq START="27745" END="27748">1792</charseq>
    </extent>
  </timex2_mention>
</timex2>
<timex2 ID="08_FrenchRev-T102"  VAL="1797">
  <timex2_mention ID="08_FrenchRev-T102-1">
    <extent>
      <charseq START="27750" END="27753">1797</charseq>
    </extent>
  </timex2_mention>
</timex2>
<timex2 ID="08_FrenchRev-T103"  ANCHOR_DIR="STARTING" ANCHOR_VAL="1791" VAL="P2Y">
  <timex2_mention ID="08_FrenchRev-T103-1">
    <extent>
      <charseq START="27773" END="27782">the period</charseq>
    </extent>
  </timex2_mention>
</timex2>
<timex2 ID="08_FrenchRev-T104"  VAL="1792-03-01">
  <timex2_mention ID="08_FrenchRev-T104-1">
    <extent>
      <charseq START="28449" END="28460">1 March 1792</charseq>
    </extent>
  </timex2_mention>
</timex2>
<timex2 ID="08_FrenchRev-T105"  VAL="1792-04-20">
  <timex2_mention ID="08_FrenchRev-T105-1">
    <extent>
      <charseq START="28495" END="28507">20 April 1792</charseq>
    </extent>
  </timex2_mention>
</timex2>
<timex2 ID="08_FrenchRev-T106"  ANCHOR_DIR="AFTER" ANCHOR_VAL="1792-04-20" VAL="1792-WXX">
  <timex2_mention ID="08_FrenchRev-T106-1">
    <extent>
      <charseq START="28550" END="28566">a few weeks later</charseq>
    </extent>
  </timex2_mention>
</timex2>
<timex2 ID="08_FrenchRev-T107"  VAL="1792-09-20">
  <timex2_mention ID="08_FrenchRev-T107-1">
    <extent>
      <charseq START="28658" END="28674">20 September 1792</charseq>
    </extent>
  </timex2_mention>
</timex2>
<timex2 ID="08_FrenchRev-T108"  ANCHOR_DIR="AS_OF" ANCHOR_VAL="1792-09-20" VAL="PRESENT_REF">
  <timex2_mention ID="08_FrenchRev-T108-1">
    <extent>
      <charseq START="28714" END="28722">this time</charseq>
    </extent>
  </timex2_mention>
</timex2>
<timex2 ID="08_FrenchRev-T109"  ANCHOR_DIR="BEFORE" ANCHOR_VAL="1792-09-20" VAL="PAST_REF">
  <timex2_mention ID="08_FrenchRev-T109-1">
    <extent>
      <charseq START="28800" END="28807">the past</charseq>
    </extent>
  </timex2_mention>
</timex2>
<timex2 ID="08_FrenchRev-T110"  VAL="1792">
  <timex2_mention ID="08_FrenchRev-T110-1">
    <extent>
      <charseq START="28832" END="28835">1792</charseq>
    </extent>
  </timex2_mention>
</timex2>
<timex2 ID="08_FrenchRev-T111"  VAL="1795">
  <timex2_mention ID="08_FrenchRev-T111-1">
    <extent>
      <charseq START="28837" END="28840">1795</charseq>
    </extent>
  </timex2_mention>
</timex2>
<timex2 ID="08_FrenchRev-T112"  VAL="1793-01-17">
  <timex2_mention ID="08_FrenchRev-T112-1">
    <extent>
      <charseq START="29118" END="29132">17 January 1793</charseq>
    </extent>
  </timex2_mention>
</timex2>
<timex2 ID="08_FrenchRev-T113"  ANCHOR_DIR="BEFORE" ANCHOR_VAL="1793-01-17" VAL="PAST_REF">
  <timex2_mention ID="08_FrenchRev-T113-1">
    <extent>
      <charseq START="29400" END="29405">former</charseq>
    </extent>
  </timex2_mention>
</timex2>
<timex2 ID="08_FrenchRev-T114"  ANCHOR_DIR="AS_OF" ANCHOR_VAL="1793-01-17" VAL="PRESENT_REF">
  <timex2_mention ID="08_FrenchRev-T114-1">
    <extent>
      <charseq START="29418" END="29420">now</charseq>
    </extent>
  </timex2_mention>
</timex2>
<timex2 ID="08_FrenchRev-T115"  VAL="1793-01-21">
  <timex2_mention ID="08_FrenchRev-T115-1">
    <extent>
      <charseq START="29508" END="29522">21 January 1793</charseq>
    </extent>
  </timex2_mention>
</timex2>
<timex2 ID="08_FrenchRev-T116"  ANCHOR_DIR="AS_OF" ANCHOR_VAL="2009-12-19" VAL="PRESENT_REF">
  <timex2_mention ID="08_FrenchRev-T116-1">
    <extent>
      <charseq START="29536" END="29538">now</charseq>
    </extent>
  </timex2_mention>
</timex2>
<timex2 ID="08_FrenchRev-T117"  VAL="1793-01-21">
  <timex2_mention ID="08_FrenchRev-T117-1">
    <extent>
      <charseq START="30190" END="30199">21 January</charseq>
    </extent>
  </timex2_mention>
</timex2>
<timex2 ID="08_FrenchRev-T118"  VAL="1793-10-16">
  <timex2_mention ID="08_FrenchRev-T118-1">
    <extent>
      <charseq START="30343" END="30352">16 October</charseq>
    </extent>
  </timex2_mention>
</timex2>
<timex2 ID="08_FrenchRev-T119"  VAL="1793-09">
  <timex2_mention ID="08_FrenchRev-T119-1">
    <extent>
      <charseq START="31191" END="31207">September of 1793</charseq>
    </extent>
  </timex2_mention>
</timex2>
<timex2 ID="08_FrenchRev-T120"  VAL="1794-SP">
  <timex2_mention ID="08_FrenchRev-T120-1">
    <extent>
      <charseq START="31516" END="31533">the spring of 1794</charseq>
    </extent>
  </timex2_mention>
</timex2>
<timex2 ID="08_FrenchRev-T121"  COMMENT="EC:EVENT-BASED" VAL="XXXX-XX-XX">
  <timex2_mention ID="08_FrenchRev-T121-1">
    <extent>
      <charseq START="31603" END="31627">the days of the Committee</charseq>
    </extent>
  </timex2_mention>
</timex2>
<timex2 ID="08_FrenchRev-T122"  VAL="1794-07">
  <timex2_mention ID="08_FrenchRev-T122-1">
    <extent>
      <charseq START="31687" END="31703">July of that year</charseq>
    </extent>
  </timex2_mention>
</timex2>
<timex2 ID="08_FrenchRev-T123"  VAL="1793">
  <timex2_mention ID="08_FrenchRev-T123-1">
    <extent>
      <charseq START="31912" END="31915">1793</charseq>
    </extent>
  </timex2_mention>
</timex2>
<timex2 ID="08_FrenchRev-T124"  VAL="1794">
  <timex2_mention ID="08_FrenchRev-T124-1">
    <extent>
      <charseq START="31917" END="31920">1794</charseq>
    </extent>
  </timex2_mention>
</timex2>
<timex2 ID="08_FrenchRev-T125"  VAL="1793-06-02">
  <timex2_mention ID="08_FrenchRev-T125-1">
    <extent>
      <charseq START="32215" END="32225">2 June 1793</charseq>
    </extent>
  </timex2_mention>
</timex2>
<timex2 ID="08_FrenchRev-T126"  VAL="1793-06-10">
  <timex2_mention ID="08_FrenchRev-T126-1">
    <extent>
      <charseq START="32732" END="32738">10 June</charseq>
    </extent>
  </timex2_mention>
</timex2>
<timex2 ID="08_FrenchRev-T127"  VAL="1793-07-13">
  <timex2_mention ID="08_FrenchRev-T127-1">
    <extent>
      <charseq START="32787" END="32793">13 July</charseq>
    </extent>
  </timex2_mention>
</timex2>
<timex2 ID="08_FrenchRev-T128"  VAL="1792-08">
  <timex2_mention ID="08_FrenchRev-T128-1">
    <extent>
      <charseq START="33033" END="33043">August 1792</charseq>
    </extent>
  </timex2_mention>
</timex2>
<timex2 ID="08_FrenchRev-T129"  VAL="1793-06-24">
  <timex2_mention ID="08_FrenchRev-T129-1">
    <extent>
      <charseq START="33325" END="33331">24 June</charseq>
    </extent>
  </timex2_mention>
</timex2>
<timex2 ID="08_FrenchRev-T130"  VAL="1793">
  <timex2_mention ID="08_FrenchRev-T130-1">
    <extent>
      <charseq START="33454" END="33457">1793</charseq>
    </extent>
  </timex2_mention>
</timex2>
<timex2 ID="08_FrenchRev-T131" >
  <timex2_mention ID="08_FrenchRev-T131-1">
    <extent>
      <charseq START="33478" END="33487">the Year I</charseq>
    </extent>
  </timex2_mention>
</timex2>
<timex2 ID="08_FrenchRev-T132"  VAL="1793">
  <timex2_mention ID="08_FrenchRev-T132-1">
    <extent>
      <charseq START="33805" END="33808">1793</charseq>
    </extent>
  </timex2_mention>
</timex2>
<timex2 ID="08_FrenchRev-T133"  VAL="1790">
  <timex2_mention ID="08_FrenchRev-T133-1">
    <extent>
      <charseq START="33915" END="33918">1790</charseq>
    </extent>
  </timex2_mention>
</timex2>
<timex2 ID="08_FrenchRev-T134" >
  <timex2_mention ID="08_FrenchRev-T134-1">
    <extent>
      <charseq START="34820" END="34831">all the time</charseq>
    </extent>
  </timex2_mention>
</timex2>
<timex2 ID="08_FrenchRev-T135"  VAL="1793-08-17">
  <timex2_mention ID="08_FrenchRev-T135-1">
    <extent>
      <charseq START="36293" END="36301">17 August</charseq>
    </extent>
  </timex2_mention>
</timex2>
<timex2 ID="08_FrenchRev-T136"  VAL="1793-09-09">
  <timex2_mention ID="08_FrenchRev-T136-1">
    <extent>
      <charseq START="36672" END="36682">9 September</charseq>
    </extent>
  </timex2_mention>
</timex2>
<timex2 ID="08_FrenchRev-T137"  VAL="1793-09-17">
  <timex2_mention ID="08_FrenchRev-T137-1">
    <extent>
      <charseq START="36840" END="36851">17 September</charseq>
    </extent>
  </timex2_mention>
</timex2>
<timex2 ID="08_FrenchRev-T138"  VAL="1793-09-29">
  <timex2_mention ID="08_FrenchRev-T138-1">
    <extent>
      <charseq START="36991" END="37002">29 September</charseq>
    </extent>
  </timex2_mention>
</timex2>
<timex2 ID="08_FrenchRev-T139"  VAL="1793-10-24">
  <timex2_mention ID="08_FrenchRev-T139-1">
    <extent>
      <charseq START="38579" END="38593">24 October 1793</charseq>
    </extent>
  </timex2_mention>
</timex2>
<timex2 ID="08_FrenchRev-T140"  VAL="1793-11-10">
  <timex2_mention ID="08_FrenchRev-T140-1">
    <extent>
      <charseq START="38845" END="38855">10 November</charseq>
    </extent>
  </timex2_mention>
</timex2>
<timex2 ID="08_FrenchRev-T141"  MOD="END" VAL="1793">
  <timex2_mention ID="08_FrenchRev-T141-1">
    <extent>
      <charseq START="39199" END="39213">the end of 1793</charseq>
    </extent>
  </timex2_mention>
</timex2>
<timex2 ID="08_FrenchRev-T142"  VAL="1794-02">
  <timex2_mention ID="08_FrenchRev-T142-1">
    <extent>
      <charseq START="39301" END="39308">February</charseq>
    </extent>
  </timex2_mention>
</timex2>
<timex2 ID="08_FrenchRev-T143"  VAL="1794-03">
  <timex2_mention ID="08_FrenchRev-T143-1">
    <extent>
      <charseq START="39310" END="39319">March 1794</charseq>
    </extent>
  </timex2_mention>
</timex2>
<timex2 ID="08_FrenchRev-T144"  VAL="1794-SP">
  <timex2_mention ID="08_FrenchRev-T144-1">
    <extent>
      <charseq START="39446" END="39463">the spring of 1794</charseq>
    </extent>
  </timex2_mention>
</timex2>
<timex2 ID="08_FrenchRev-T145"  VAL="1794-06-07">
  <timex2_mention ID="08_FrenchRev-T145-1">
    <extent>
      <charseq START="39633" END="39638">7 June</charseq>
    </extent>
  </timex2_mention>
</timex2>
<timex2 ID="08_FrenchRev-T146"  VAL="1794-07-27">
  <timex2_mention ID="08_FrenchRev-T146-1">
    <extent>
      <charseq START="39841" END="39852">27 July 1794</charseq>
    </extent>
  </timex2_mention>
</timex2>
<timex2 ID="08_FrenchRev-T147"  ANCHOR_DIR="BEFORE" ANCHOR_VAL="1794-07-27" VAL="PAST_REF">
  <timex2_mention ID="08_FrenchRev-T147-1">
    <extent>
      <charseq START="40219" END="40224">former</charseq>
    </extent>
  </timex2_mention>
</timex2>
<timex2 ID="08_FrenchRev-T148" >
  <timex2_mention ID="08_FrenchRev-T148-1">
    <extent>
      <charseq START="40361" END="40372">the Year III</charseq>
    </extent>
  </timex2_mention>
</timex2>
<timex2 ID="08_FrenchRev-T149"  VAL="1795-08-22">
  <timex2_mention ID="08_FrenchRev-T149-1">
    <extent>
      <charseq START="40378" END="40391">22 August 1795</charseq>
    </extent>
  </timex2_mention>
</timex2>
<timex2 ID="08_FrenchRev-T150"  VAL="1795-09-23">
  <timex2_mention ID="08_FrenchRev-T150-1">
    <extent>
      <charseq START="40549" END="40565">23 September 1795</charseq>
    </extent>
  </timex2_mention>
</timex2>
<timex2 ID="08_FrenchRev-T151"  VAL="1795-09-27">
  <timex2_mention ID="08_FrenchRev-T151-1">
    <extent>
      <charseq START="40608" END="40624">27 September 1795</charseq>
    </extent>
  </timex2_mention>
</timex2>
<timex2 ID="08_FrenchRev-T152"  VAL="1795">
  <timex2_mention ID="08_FrenchRev-T152-1">
    <extent>
      <charseq START="40643" END="40646">1795</charseq>
    </extent>
  </timex2_mention>
</timex2>
<timex2 ID="08_FrenchRev-T153"  VAL="1799">
  <timex2_mention ID="08_FrenchRev-T153-1">
    <extent>
      <charseq START="40648" END="40651">1799</charseq>
    </extent>
  </timex2_mention>
</timex2>
<timex2 ID="08_FrenchRev-T154"  SET="YES" VAL="XXXX">
  <timex2_mention ID="08_FrenchRev-T154-1">
    <extent>
      <charseq START="40996" END="41003">annually</charseq>
    </extent>
  </timex2_mention>
</timex2>
<timex2 ID="08_FrenchRev-T155"  VAL="1793">
  <timex2_mention ID="08_FrenchRev-T155-1">
    <extent>
      <charseq START="41124" END="41127">1793</charseq>
    </extent>
  </timex2_mention>
</timex2>
<timex2 ID="08_FrenchRev-T156"  VAL="1799-11-09">
  <timex2_mention ID="08_FrenchRev-T156-1">
    <extent>
      <charseq START="43843" END="43857">9 November 1799</charseq>
    </extent>
  </timex2_mention>
</timex2>
<timex2 ID="08_FrenchRev-T157" >
  <timex2_mention ID="08_FrenchRev-T157-1">
    <extent>
      <charseq START="43875" END="43887">the Year VIII</charseq>
    </extent>
  </timex2_mention>
</timex2>
<timex2 ID="08_FrenchRev-T158"  VAL="1804">
  <timex2_mention ID="08_FrenchRev-T158-1">
    <extent>
      <charseq START="44039" END="44042">1804</charseq>
    </extent>
  </timex2_mention>
</timex2>
<timex2 ID="08_FrenchRev-T159"  ANCHOR_DIR="STARTING" ANCHOR_VAL="1751" VAL="P27Y">
  <timex2_mention ID="08_FrenchRev-T159-1">
    <extent>
      <charseq START="44603" END="44621">the years 1751-1777</charseq>
    </extent>
  </timex2_mention>
</timex2>
<timex2 ID="08_FrenchRev-T160"  VAL="1751">
  <timex2_mention ID="08_FrenchRev-T160-1">
    <extent>
      <charseq START="44613" END="44616">1751</charseq>
    </extent>
  </timex2_mention>
</timex2>
<timex2 ID="08_FrenchRev-T161"  VAL="1777">
  <timex2_mention ID="08_FrenchRev-T161-1">
    <extent>
      <charseq START="44618" END="44621">1777</charseq>
    </extent>
  </timex2_mention>
</timex2>
<timex2 ID="08_FrenchRev-T162"  VAL="FUTURE_REF">
  <timex2_mention ID="08_FrenchRev-T162-1">
    <extent>
      <charseq START="45404" END="45409">future</charseq>
    </extent>
  </timex2_mention>
</timex2>
<timex2 ID="08_FrenchRev-T163"  ANCHOR_DIR="STARTING" ANCHOR_VAL="1789" COMMENT="EC:EVENT-BASED" VAL="P11Y">
  <timex2_mention ID="08_FrenchRev-T163-1">
    <extent>
      <charseq START="45551" END="45576">the time of the Revolution</charseq>
    </extent>
  </timex2_mention>
</timex2>
<timex2 ID="08_FrenchRev-T164"  VAL="1791">
  <timex2_mention ID="08_FrenchRev-T164-1">
    <extent>
      <charseq START="46416" END="46419">1791</charseq>
    </extent>
  </timex2_mention>
</timex2>
<timex2 ID="08_FrenchRev-T165"  VAL="1793">
  <timex2_mention ID="08_FrenchRev-T165-1">
    <extent>
      <charseq START="46450" END="46453">1793</charseq>
    </extent>
  </timex2_mention>
</timex2>
<timex2 ID="08_FrenchRev-T166"  VAL="1792-03-06">
  <timex2_mention ID="08_FrenchRev-T166-1">
    <extent>
      <charseq START="46476" END="46488">March 6, 1792</charseq>
    </extent>
  </timex2_mention>
</timex2>
<timex2 ID="08_FrenchRev-T167"  VAL="1792">
  <timex2_mention ID="08_FrenchRev-T167-1">
    <extent>
      <charseq START="46849" END="46861">Later in 1792</charseq>
    </extent>
  </timex2_mention>
</timex2>
<timex2 ID="08_FrenchRev-T168"  VAL="1792-06-20">
  <timex2_mention ID="08_FrenchRev-T168-1">
    <extent>
      <charseq START="47077" END="47091">June 20 of 1792</charseq>
    </extent>
  </timex2_mention>
</timex2>
<timex2 ID="08_FrenchRev-T169"  VAL="1793-07-13">
  <timex2_mention ID="08_FrenchRev-T169-1">
    <extent>
      <charseq START="47365" END="47377">July 13, 1793</charseq>
    </extent>
  </timex2_mention>
</timex2>
<timex2 ID="08_FrenchRev-T170"  VAL="1793-05-10">
  <timex2_mention ID="08_FrenchRev-T170-1">
    <extent>
      <charseq START="47692" END="47703">May 10, 1793</charseq>
    </extent>
  </timex2_mention>
</timex2>
<timex2 ID="08_FrenchRev-T171"  VAL="1793-05-20">
  <timex2_mention ID="08_FrenchRev-T171-1">
    <extent>
      <charseq START="47988" END="47999">May 20, 1793</charseq>
    </extent>
  </timex2_mention>
</timex2>
<timex2 ID="08_FrenchRev-T172"  VAL="1793">
  <timex2_mention ID="08_FrenchRev-T172-1">
    <extent>
      <charseq START="48081" END="48084">1793</charseq>
    </extent>
  </timex2_mention>
</timex2>
<timex2 ID="08_FrenchRev-T173"  VAL="1789">
  <timex2_mention ID="08_FrenchRev-T173-1">
    <extent>
      <charseq START="50454" END="50457">1789</charseq>
    </extent>
  </timex2_mention>
</timex2>
<timex2 ID="08_FrenchRev-T174"  ANCHOR_DIR="STARTING" ANCHOR_VAL="1789" COMMENT="EC:EVENT-BASED" VAL="P11Y">
  <timex2_mention ID="08_FrenchRev-T174-1">
    <extent>
      <charseq START="51984" END="52020">the tumultuous time of the Revolution</charseq>
    </extent>
  </timex2_mention>
</timex2>
<timex2 ID="08_FrenchRev-T175"  VAL="PRESENT_REF">
  <timex2_mention ID="08_FrenchRev-T175-1">
    <extent>
      <charseq START="52056" END="52063">the time</charseq>
    </extent>
  </timex2_mention>
</timex2>
</document>
</source_file>
