<?xml version="1.0"?>
<!DOCTYPE source_file SYSTEM "apf.v5.1.2.dtd">
<source_file URI="keyinline/09_GrecoPersian.key.xml" SOURCE="09_wikipedia" TYPE="text">
<document DOCID="09_GrecoPersian">
<timex2 ID="09_GrecoPersian-T1"  VAL="2009-12-19T17:00:00">
  <timex2_mention ID="09_GrecoPersian-T1-1">
    <extent>
      <charseq START="36" END="54">2009-12-19T17:00:00</charseq>
    </extent>
  </timex2_mention>
</timex2>
<timex2 ID="09_GrecoPersian-T2"  VAL="BC0499">
  <timex2_mention ID="09_GrecoPersian-T2-1">
    <extent>
      <charseq START="73" END="75">499</charseq>
    </extent>
  </timex2_mention>
</timex2>
<timex2 ID="09_GrecoPersian-T3"  VAL="BC0493">
  <timex2_mention ID="09_GrecoPersian-T3-1">
    <extent>
      <charseq START="77" END="82">493 BC</charseq>
    </extent>
  </timex2_mention>
</timex2>
<timex2 ID="09_GrecoPersian-T4"  VAL="BC0499">
  <timex2_mention ID="09_GrecoPersian-T4-1">
    <extent>
      <charseq START="257" END="259">499</charseq>
    </extent>
  </timex2_mention>
</timex2>
<timex2 ID="09_GrecoPersian-T5"  VAL="BC0493">
  <timex2_mention ID="09_GrecoPersian-T5-1">
    <extent>
      <charseq START="264" END="269">493 BC</charseq>
    </extent>
  </timex2_mention>
</timex2>
<timex2 ID="09_GrecoPersian-T6"  VAL="BC0499">
  <timex2_mention ID="09_GrecoPersian-T6-1">
    <extent>
      <charseq START="500" END="505">499 BC</charseq>
    </extent>
  </timex2_mention>
</timex2>
<timex2 ID="09_GrecoPersian-T7"  VAL="BC0498">
  <timex2_mention ID="09_GrecoPersian-T7-1">
    <extent>
      <charseq START="903" END="908">498 BC</charseq>
    </extent>
  </timex2_mention>
</timex2>
<timex2 ID="09_GrecoPersian-T8"  VAL="BC0497">
  <timex2_mention ID="09_GrecoPersian-T8-1">
    <extent>
      <charseq START="1269" END="1274">497 BC</charseq>
    </extent>
  </timex2_mention>
</timex2>
<timex2 ID="09_GrecoPersian-T9"  VAL="BC0496">
  <timex2_mention ID="09_GrecoPersian-T9-1">
    <extent>
      <charseq START="1630" END="1644">the rest of 496</charseq>
    </extent>
  </timex2_mention>
</timex2>
<timex2 ID="09_GrecoPersian-T10"  VAL="BC0495">
  <timex2_mention ID="09_GrecoPersian-T10-1">
    <extent>
      <charseq START="1650" END="1655">495 BC</charseq>
    </extent>
  </timex2_mention>
</timex2>
<timex2 ID="09_GrecoPersian-T11"  VAL="BC0494">
  <timex2_mention ID="09_GrecoPersian-T11-1">
    <extent>
      <charseq START="1661" END="1666">494 BC</charseq>
    </extent>
  </timex2_mention>
</timex2>
<timex2 ID="09_GrecoPersian-T12"  VAL="BC0493">
  <timex2_mention ID="09_GrecoPersian-T12-1">
    <extent>
      <charseq START="2110" END="2115">493 BC</charseq>
    </extent>
  </timex2_mention>
</timex2>
<timex2 ID="09_GrecoPersian-T13"  VAL="BC0492">
  <timex2_mention ID="09_GrecoPersian-T13-1">
    <extent>
      <charseq START="2795" END="2797">492</charseq>
    </extent>
  </timex2_mention>
</timex2>
<timex2 ID="09_GrecoPersian-T14"  VAL="BC0490">
  <timex2_mention ID="09_GrecoPersian-T14-1">
    <extent>
      <charseq START="2799" END="2804">490 BC</charseq>
    </extent>
  </timex2_mention>
</timex2>
<timex2 ID="09_GrecoPersian-T15"  VAL="BC0492">
  <timex2_mention ID="09_GrecoPersian-T15-1">
    <extent>
      <charseq START="3066" END="3071">492 BC</charseq>
    </extent>
  </timex2_mention>
</timex2>
<timex2 ID="09_GrecoPersian-T16"  VAL="BC0492">
  <timex2_mention ID="09_GrecoPersian-T16-1">
    <extent>
      <charseq START="3119" END="3124">492 BC</charseq>
    </extent>
  </timex2_mention>
</timex2>
<timex2 ID="09_GrecoPersian-T17"  VAL="BC0513">
  <timex2_mention ID="09_GrecoPersian-T17-1">
    <extent>
      <charseq START="3253" END="3258">513 BC</charseq>
    </extent>
  </timex2_mention>
</timex2>
<timex2 ID="09_GrecoPersian-T18"  VAL="BC0491">
  <timex2_mention ID="09_GrecoPersian-T18-1">
    <extent>
      <charseq START="3671" END="3688">The following year</charseq>
    </extent>
  </timex2_mention>
</timex2>
<timex2 ID="09_GrecoPersian-T19"  ANCHOR_DIR="AS_OF" ANCHOR_VAL="BC0491" VAL="PRESENT_REF">
  <timex2_mention ID="09_GrecoPersian-T19-1">
    <extent>
      <charseq START="3969" END="3971">now</charseq>
    </extent>
  </timex2_mention>
</timex2>
<timex2 ID="09_GrecoPersian-T20"  VAL="BC0490">
  <timex2_mention ID="09_GrecoPersian-T20-1">
    <extent>
      <charseq START="4054" END="4071">the following year</charseq>
    </extent>
  </timex2_mention>
</timex2>
<timex2 ID="09_GrecoPersian-T21"  VAL="BC0490">
  <timex2_mention ID="09_GrecoPersian-T21-1">
    <extent>
      <charseq START="4075" END="4080">490 BC</charseq>
    </extent>
  </timex2_mention>
</timex2>
<timex2 ID="09_GrecoPersian-T22"  VAL="BC0490">
  <timex2_mention ID="09_GrecoPersian-T22-1">
    <extent>
      <charseq START="4119" END="4124">490 BC</charseq>
    </extent>
  </timex2_mention>
</timex2>
<timex2 ID="09_GrecoPersian-T23"  VAL="BC0500">
  <timex2_mention ID="09_GrecoPersian-T23-1">
    <extent>
      <charseq START="4578" END="4593">a decade earlier</charseq>
    </extent>
  </timex2_mention>
</timex2>
<timex2 ID="09_GrecoPersian-T24"  VAL="P6D">
  <timex2_mention ID="09_GrecoPersian-T24-1">
    <extent>
      <charseq START="5084" END="5091">six days</charseq>
    </extent>
  </timex2_mention>
</timex2>
<timex2 ID="09_GrecoPersian-T25"  VAL="BCXXXX-XX-XX">
  <timex2_mention ID="09_GrecoPersian-T25-1">
    <extent>
      <charseq START="5165" END="5179">the seventh day</charseq>
    </extent>
  </timex2_mention>
</timex2>
<timex2 ID="09_GrecoPersian-T26"  VAL="P5D">
  <timex2_mention ID="09_GrecoPersian-T26-1">
    <extent>
      <charseq START="5778" END="5786">five days</charseq>
    </extent>
  </timex2_mention>
</timex2>
<timex2 ID="09_GrecoPersian-T27"  VAL="BC0490">
  <timex2_mention ID="09_GrecoPersian-T27-1">
    <extent>
      <charseq START="6519" END="6522">year</charseq>
    </extent>
  </timex2_mention>
</timex2>
<timex2 ID="09_GrecoPersian-T28"  ANCHOR_DIR="AS_OF" ANCHOR_VAL="2009-12-19T17:00:00" VAL="PRESENT_REF">
  <timex2_mention ID="09_GrecoPersian-T28-1">
    <extent>
      <charseq START="6847" END="6849">now</charseq>
    </extent>
  </timex2_mention>
</timex2>
<timex2 ID="09_GrecoPersian-T29"  VAL="BC0490">
  <timex2_mention ID="09_GrecoPersian-T29-1">
    <extent>
      <charseq START="6919" END="6921">490</charseq>
    </extent>
  </timex2_mention>
</timex2>
<timex2 ID="09_GrecoPersian-T30"  VAL="BC0480">
  <timex2_mention ID="09_GrecoPersian-T30-1">
    <extent>
      <charseq START="6923" END="6928">480 BC</charseq>
    </extent>
  </timex2_mention>
</timex2>
<timex2 ID="09_GrecoPersian-T31"  VAL="BC0486">
  <timex2_mention ID="09_GrecoPersian-T31-1">
    <extent>
      <charseq START="7093" END="7098">486 BC</charseq>
    </extent>
  </timex2_mention>
</timex2>
<timex2 ID="09_GrecoPersian-T32"  VAL="BC0492">
  <timex2_mention ID="09_GrecoPersian-T32-1">
    <extent>
      <charseq START="7688" END="7693">492 BC</charseq>
    </extent>
  </timex2_mention>
</timex2>
<timex2 ID="09_GrecoPersian-T33"  VAL="P1Y">
  <timex2_mention ID="09_GrecoPersian-T33-1">
    <extent>
      <charseq START="7863" END="7870">one year</charseq>
    </extent>
  </timex2_mention>
</timex2>
<timex2 ID="09_GrecoPersian-T34"  VAL="BC0481">
  <timex2_mention ID="09_GrecoPersian-T34-1">
    <extent>
      <charseq START="8311" END="8316">481 BC</charseq>
    </extent>
  </timex2_mention>
</timex2>
<timex2 ID="09_GrecoPersian-T35"  ANCHOR_DIR="ENDING" ANCHOR_VAL="BC0481" COMMENT="EC:EVENT-BASED" MOD="APPROX" VAL="P4Y">
  <timex2_mention ID="09_GrecoPersian-T35-1">
    <extent>
      <charseq START="8325" END="8357">roughly four years of preparation</charseq>
    </extent>
  </timex2_mention>
</timex2>
<timex2 ID="09_GrecoPersian-T36"  VAL="BC0481-SU">
  <timex2_mention ID="09_GrecoPersian-T36-1">
    <extent>
      <charseq START="8541" END="8550">the summer</charseq>
    </extent>
  </timex2_mention>
</timex2>
<timex2 ID="09_GrecoPersian-T37"  VAL="BC0481-FA">
  <timex2_mention ID="09_GrecoPersian-T37-1">
    <extent>
      <charseq START="8556" END="8571">autumn of 481 BC</charseq>
    </extent>
  </timex2_mention>
</timex2>
<timex2 ID="09_GrecoPersian-T38"  VAL="BC0480-WI">
  <timex2_mention ID="09_GrecoPersian-T38-1">
    <extent>
      <charseq START="8699" END="8708">the winter</charseq>
    </extent>
  </timex2_mention>
</timex2>
<timex2 ID="09_GrecoPersian-T39"  MOD="START" VAL="BC0480-SP">
  <timex2_mention ID="09_GrecoPersian-T39-1">
    <extent>
      <charseq START="8711" END="8725">Early in spring</charseq>
    </extent>
  </timex2_mention>
</timex2>
<timex2 ID="09_GrecoPersian-T40"  ANCHOR_DIR="BEFORE" ANCHOR_VAL="2009-12-19" VAL="PAST_REF">
  <timex2_mention ID="09_GrecoPersian-T40-1">
    <extent>
      <charseq START="9763" END="9768">recent</charseq>
    </extent>
  </timex2_mention>
</timex2>
<timex2 ID="09_GrecoPersian-T41"  COMMENT="EC:EVENT-BASED" VAL="BC0489">
  <timex2_mention ID="09_GrecoPersian-T41-1">
    <extent>
      <charseq START="10029" END="10049">A year after Marathon</charseq>
    </extent>
  </timex2_mention>
</timex2>
<timex2 ID="09_GrecoPersian-T42"  VAL="BCXXXX-WXX">
  <timex2_mention ID="09_GrecoPersian-T42-1">
    <extent>
      <charseq START="10316" END="10326">weeks later</charseq>
    </extent>
  </timex2_mention>
</timex2>
<timex2 ID="09_GrecoPersian-T43"  VAL="BC048">
  <timex2_mention ID="09_GrecoPersian-T43-1">
    <extent>
      <charseq START="10490" END="10509">the following decade</charseq>
    </extent>
  </timex2_mention>
</timex2>
<timex2 ID="09_GrecoPersian-T44"  VAL="BC048">
  <timex2_mention ID="09_GrecoPersian-T44-1">
    <extent>
      <charseq START="10568" END="10578">this period</charseq>
    </extent>
  </timex2_mention>
</timex2>
<timex2 ID="09_GrecoPersian-T45"  VAL="BC048">
  <timex2_mention ID="09_GrecoPersian-T45-1">
    <extent>
      <charseq START="10701" END="10711">this period</charseq>
    </extent>
  </timex2_mention>
</timex2>
<timex2 ID="09_GrecoPersian-T46"  VAL="BC0483">
  <timex2_mention ID="09_GrecoPersian-T46-1">
    <extent>
      <charseq START="10995" END="11000">483 BC</charseq>
    </extent>
  </timex2_mention>
</timex2>
<timex2 ID="09_GrecoPersian-T47"  VAL="BC0482-WI">
  <timex2_mention ID="09_GrecoPersian-T47-1">
    <extent>
      <charseq START="12174" END="12183">the winter</charseq>
    </extent>
  </timex2_mention>
</timex2>
<timex2 ID="09_GrecoPersian-T48"  VAL="BC0482">
  <timex2_mention ID="09_GrecoPersian-T48-1">
    <extent>
      <charseq START="12211" END="12216">482 BC</charseq>
    </extent>
  </timex2_mention>
</timex2>
<timex2 ID="09_GrecoPersian-T49"  VAL="BC0491">
  <timex2_mention ID="09_GrecoPersian-T49-1">
    <extent>
      <charseq START="12773" END="12778">491 BC</charseq>
    </extent>
  </timex2_mention>
</timex2>
<timex2 ID="09_GrecoPersian-T50"  ANCHOR_DIR="AFTER" ANCHOR_VAL="BC0490" VAL="FUTURE_REF">
  <timex2_mention ID="09_GrecoPersian-T50-1">
    <extent>
      <charseq START="12823" END="12843">Sometime after 490 BC</charseq>
    </extent>
  </timex2_mention>
</timex2>
<timex2 ID="09_GrecoPersian-T51"  VAL="BC0490">
  <timex2_mention ID="09_GrecoPersian-T51-1">
    <extent>
      <charseq START="12838" END="12843">490 BC</charseq>
    </extent>
  </timex2_mention>
</timex2>
<timex2 ID="09_GrecoPersian-T52"  VAL="BC0481">
  <timex2_mention ID="09_GrecoPersian-T52-1">
    <extent>
      <charseq START="13651" END="13656">481 BC</charseq>
    </extent>
  </timex2_mention>
</timex2>
<timex2 ID="09_GrecoPersian-T53"  MOD="END" VAL="BC0481-FA">
  <timex2_mention ID="09_GrecoPersian-T53-1">
    <extent>
      <charseq START="13881" END="13901">late autumn of 481 BC</charseq>
    </extent>
  </timex2_mention>
</timex2>
<timex2 ID="09_GrecoPersian-T54"  VAL="BC0480">
  <timex2_mention ID="09_GrecoPersian-T54-1">
    <extent>
      <charseq START="14942" END="14944">480</charseq>
    </extent>
  </timex2_mention>
</timex2>
<timex2 ID="09_GrecoPersian-T55"  VAL="BC0479">
  <timex2_mention ID="09_GrecoPersian-T55-1">
    <extent>
      <charseq START="14946" END="14951">479 BC</charseq>
    </extent>
  </timex2_mention>
</timex2>
<timex2 ID="09_GrecoPersian-T56"  MOD="START" VAL="BC0480">
  <timex2_mention ID="09_GrecoPersian-T56-1">
    <extent>
      <charseq START="14955" END="14966">Early 480 BC</charseq>
    </extent>
  </timex2_mention>
</timex2>
<timex2 ID="09_GrecoPersian-T57"  VAL="BC0480-04">
  <timex2_mention ID="09_GrecoPersian-T57-1">
    <extent>
      <charseq START="15031" END="15042">April 480 BC</charseq>
    </extent>
  </timex2_mention>
</timex2>
<timex2 ID="09_GrecoPersian-T58"  ANCHOR_DIR="STARTING" ANCHOR_VAL="BC0480-04" VAL="P3M">
  <timex2_mention ID="09_GrecoPersian-T58-1">
    <extent>
      <charseq START="15096" END="15103">3 months</charseq>
    </extent>
  </timex2_mention>
</timex2>
<timex2 ID="09_GrecoPersian-T59"  VAL="BC0480-SP">
  <timex2_mention ID="09_GrecoPersian-T59-1">
    <extent>
      <charseq START="15359" END="15378">the spring of 480 BC</charseq>
    </extent>
  </timex2_mention>
</timex2>
<timex2 ID="09_GrecoPersian-T60"  ANCHOR_DIR="AFTER" ANCHOR_VAL="BC0480-SP" VAL="BC0480-XX">
  <timex2_mention ID="09_GrecoPersian-T60-1">
    <extent>
      <charseq START="15678" END="15695">Shortly afterwards</charseq>
    </extent>
  </timex2_mention>
</timex2>
<timex2 ID="09_GrecoPersian-T61"  ANCHOR_DIR="AFTER" ANCHOR_VAL="BC0480-SP" VAL="BC0480-XX">
  <timex2_mention ID="09_GrecoPersian-T61-1">
    <extent>
      <charseq START="15764" END="15773">this point</charseq>
    </extent>
  </timex2_mention>
</timex2>
<timex2 ID="09_GrecoPersian-T62"  VAL="BC0480-08">
  <timex2_mention ID="09_GrecoPersian-T62-1">
    <extent>
      <charseq START="16489" END="16501">August 480 BC</charseq>
    </extent>
  </timex2_mention>
</timex2>
<timex2 ID="09_GrecoPersian-T63"  COMMENT="EC:EVENT-BASED">
  <timex2_mention ID="09_GrecoPersian-T63-1">
    <extent>
      <charseq START="16543" END="16591">Xerxes's estimated time of arrival at Thermopylae</charseq>
    </extent>
  </timex2_mention>
</timex2>
<timex2 ID="09_GrecoPersian-T64" >
  <timex2_mention ID="09_GrecoPersian-T64-1">
    <extent>
      <charseq START="16699" END="16705">periods</charseq>
    </extent>
  </timex2_mention>
</timex2>
<timex2 ID="09_GrecoPersian-T65"  MOD="MID" VAL="BC0480-08">
  <timex2_mention ID="09_GrecoPersian-T65-1">
    <extent>
      <charseq START="17369" END="17378">mid-August</charseq>
    </extent>
  </timex2_mention>
</timex2>
<timex2 ID="09_GrecoPersian-T66"  ANCHOR_DIR="STARTING" ANCHOR_VAL="BC0480-08-15" VAL="P3D">
  <timex2_mention ID="09_GrecoPersian-T66-1">
    <extent>
      <charseq START="17407" END="17416">three days</charseq>
    </extent>
  </timex2_mention>
</timex2>
<timex2 ID="09_GrecoPersian-T67"  ANCHOR_DIR="STARTING" ANCHOR_VAL="BC0480-08-18" COMMENT="EC:EVENT-BASED" VAL="P2D">
  <timex2_mention ID="09_GrecoPersian-T67-1">
    <extent>
      <charseq START="17722" END="17801">two full days of Persian attacks, including those by the elite Persian Immortals</charseq>
    </extent>
  </timex2_mention>
</timex2>
<timex2 ID="09_GrecoPersian-T68"  MOD="END" VAL="BC0480-08-XX">
  <timex2_mention ID="09_GrecoPersian-T68-1">
    <extent>
      <charseq START="17821" END="17845">the end of the second day</charseq>
    </extent>
  </timex2_mention>
</timex2>
<timex2 ID="09_GrecoPersian-T69"  COMMENT="EC:EVENT-BASED" VAL="BC0480-08-XX">
  <timex2_mention ID="09_GrecoPersian-T69-1">
    <extent>
      <charseq START="18133" END="18159">the final day of the battle</charseq>
    </extent>
  </timex2_mention>
</timex2>
<timex2 ID="09_GrecoPersian-T70"  ANCHOR_DIR="WITHIN" ANCHOR_VAL="BC0480-08" VAL="P3D">
  <timex2_mention ID="09_GrecoPersian-T70-1">
    <extent>
      <charseq START="18614" END="18623">three days</charseq>
    </extent>
  </timex2_mention>
</timex2>
<timex2 ID="09_GrecoPersian-T71"  VAL="BC0480-08-XXTEV">
  <timex2_mention ID="09_GrecoPersian-T71-1">
    <extent>
      <charseq START="18638" END="18654">the third evening</charseq>
    </extent>
  </timex2_mention>
</timex2>
<timex2 ID="09_GrecoPersian-T72"  VAL="BC0480-09">
  <timex2_mention ID="09_GrecoPersian-T72-1">
    <extent>
      <charseq START="18915" END="18930">September 480 BC</charseq>
    </extent>
  </timex2_mention>
</timex2>
<timex2 ID="09_GrecoPersian-T73"  VAL="PRESENT_REF">
  <timex2_mention ID="09_GrecoPersian-T73-1">
    <extent>
      <charseq START="19523" END="19525">now</charseq>
    </extent>
  </timex2_mention>
</timex2>
<timex2 ID="09_GrecoPersian-T74"  VAL="PRESENT_REF">
  <timex2_mention ID="09_GrecoPersian-T74-1">
    <extent>
      <charseq START="19620" END="19622">now</charseq>
    </extent>
  </timex2_mention>
</timex2>
<timex2 ID="09_GrecoPersian-T75"  VAL="BC0480-09">
  <timex2_mention ID="09_GrecoPersian-T75-1">
    <extent>
      <charseq START="19985" END="19993">September</charseq>
    </extent>
  </timex2_mention>
</timex2>
<timex2 ID="09_GrecoPersian-T76"  VAL="BC0479-WI">
  <timex2_mention ID="09_GrecoPersian-T76-1">
    <extent>
      <charseq START="21185" END="21194">the winter</charseq>
    </extent>
  </timex2_mention>
</timex2>
<timex2 ID="09_GrecoPersian-T77"  VAL="BC0479-06">
  <timex2_mention ID="09_GrecoPersian-T77-1">
    <extent>
      <charseq START="21198" END="21208">June 479 BC</charseq>
    </extent>
  </timex2_mention>
</timex2>
<timex2 ID="09_GrecoPersian-T78"  VAL="BC0479-WI">
  <timex2_mention ID="09_GrecoPersian-T78-1">
    <extent>
      <charseq START="21247" END="21256">the winter</charseq>
    </extent>
  </timex2_mention>
</timex2>
<timex2 ID="09_GrecoPersian-T79"  VAL="BC0479-SP">
  <timex2_mention ID="09_GrecoPersian-T79-1">
    <extent>
      <charseq START="21510" END="21515">Spring</charseq>
    </extent>
  </timex2_mention>
</timex2>
<timex2 ID="09_GrecoPersian-T80"  VAL="PRESENT_REF">
  <timex2_mention ID="09_GrecoPersian-T80-1">
    <extent>
      <charseq START="21992" END="21994">now</charseq>
    </extent>
  </timex2_mention>
</timex2>
<timex2 ID="09_GrecoPersian-T81"  ANCHOR_DIR="WITHIN" ANCHOR_VAL="BC0479-06" COMMENT="EC:EVENT-BASED" VAL="PXD">
  <timex2_mention ID="09_GrecoPersian-T81-1">
    <extent>
      <charseq START="22644" END="22681">several days of maneuver and stalemate</charseq>
    </extent>
  </timex2_mention>
</timex2>
<timex2 ID="09_GrecoPersian-T82"  VAL="XXXX-XX-XXTNI">
  <timex2_mention ID="09_GrecoPersian-T82-1">
    <extent>
      <charseq START="22704" END="22713">night-time</charseq>
    </extent>
  </timex2_mention>
</timex2>
<timex2 ID="09_GrecoPersian-T83"  COMMENT="EC:EVENT-BASED" VAL="BC0479-06-XXTAF">
  <timex2_mention ID="09_GrecoPersian-T83-1">
    <extent>
      <charseq START="23460" END="23497">the afternoon of the Battle of Plataea</charseq>
    </extent>
  </timex2_mention>
</timex2>
<timex2 ID="09_GrecoPersian-T84"  VAL="BC0479-06-XXTAF">
  <timex2_mention ID="09_GrecoPersian-T84-1">
    <extent>
      <charseq START="23570" END="23578">that time</charseq>
    </extent>
  </timex2_mention>
</timex2>
<timex2 ID="09_GrecoPersian-T85"  VAL="BC0479-06-XX">
  <timex2_mention ID="09_GrecoPersian-T85-1">
    <extent>
      <charseq START="23719" END="23731">that same day</charseq>
    </extent>
  </timex2_mention>
</timex2>
<timex2 ID="09_GrecoPersian-T86"  VAL="BC0479-06-XX">
  <timex2_mention ID="09_GrecoPersian-T86-1">
    <extent>
      <charseq START="23918" END="23929">the same day</charseq>
    </extent>
  </timex2_mention>
</timex2>
<timex2 ID="09_GrecoPersian-T87"  VAL="BC0479">
  <timex2_mention ID="09_GrecoPersian-T87-1">
    <extent>
      <charseq START="24069" END="24071">479</charseq>
    </extent>
  </timex2_mention>
</timex2>
<timex2 ID="09_GrecoPersian-T88"  VAL="BC0478">
  <timex2_mention ID="09_GrecoPersian-T88-1">
    <extent>
      <charseq START="24073" END="24078">478 BC</charseq>
    </extent>
  </timex2_mention>
</timex2>
<timex2 ID="09_GrecoPersian-T89"  VAL="PXM">
  <timex2_mention ID="09_GrecoPersian-T89-1">
    <extent>
      <charseq START="25192" END="25205">several months</charseq>
    </extent>
  </timex2_mention>
</timex2>
<timex2 ID="09_GrecoPersian-T90"  VAL="BCXXXX-XX-XXTNI">
  <timex2_mention ID="09_GrecoPersian-T90-1">
    <extent>
      <charseq START="25334" END="25338">night</charseq>
    </extent>
  </timex2_mention>
</timex2>
<timex2 ID="09_GrecoPersian-T91"  VAL="BCXXXX-XX-XX">
  <timex2_mention ID="09_GrecoPersian-T91-1">
    <extent>
      <charseq START="25441" END="25452">the next day</charseq>
    </extent>
  </timex2_mention>
</timex2>
<timex2 ID="09_GrecoPersian-T92"  VAL="BC0478">
  <timex2_mention ID="09_GrecoPersian-T92-1">
    <extent>
      <charseq START="26051" END="26056">478 BC</charseq>
    </extent>
  </timex2_mention>
</timex2>
<timex2 ID="09_GrecoPersian-T93"  VAL="BC0478">
  <timex2_mention ID="09_GrecoPersian-T93-1">
    <extent>
      <charseq START="26829" END="26834">478 BC</charseq>
    </extent>
  </timex2_mention>
</timex2>
<timex2 ID="09_GrecoPersian-T94"  VAL="BC0477">
  <timex2_mention ID="09_GrecoPersian-T94-1">
    <extent>
      <charseq START="27954" END="27959">477 BC</charseq>
    </extent>
  </timex2_mention>
</timex2>
<timex2 ID="09_GrecoPersian-T95"  VAL="BC0470">
  <timex2_mention ID="09_GrecoPersian-T95-1">
    <extent>
      <charseq START="28335" END="28340">470 BC</charseq>
    </extent>
  </timex2_mention>
</timex2>
<timex2 ID="09_GrecoPersian-T96"  VAL="BC0477">
  <timex2_mention ID="09_GrecoPersian-T96-1">
    <extent>
      <charseq START="28617" END="28619">477</charseq>
    </extent>
  </timex2_mention>
</timex2>
<timex2 ID="09_GrecoPersian-T97"  VAL="BC0450">
  <timex2_mention ID="09_GrecoPersian-T97-1">
    <extent>
      <charseq START="28621" END="28626">450 BC</charseq>
    </extent>
  </timex2_mention>
</timex2>
<timex2 ID="09_GrecoPersian-T98"  VAL="PRESENT_REF">
  <timex2_mention ID="09_GrecoPersian-T98-1">
    <extent>
      <charseq START="29902" END="29904">now</charseq>
    </extent>
  </timex2_mention>
</timex2>
<timex2 ID="09_GrecoPersian-T99"  ANCHOR_DIR="AFTER" ANCHOR_VAL="BC0477" VAL="FUTURE_REF">
  <timex2_mention ID="09_GrecoPersian-T99-1">
    <extent>
      <charseq START="30249" END="30254">future</charseq>
    </extent>
  </timex2_mention>
</timex2>
<timex2 ID="09_GrecoPersian-T100"  VAL="BC047">
  <timex2_mention ID="09_GrecoPersian-T100-1">
    <extent>
      <charseq START="30518" END="30528">the 470s BC</charseq>
    </extent>
  </timex2_mention>
</timex2>
<timex2 ID="09_GrecoPersian-T101"  MOD="START" VAL="BC046">
  <timex2_mention ID="09_GrecoPersian-T101-1">
    <extent>
      <charseq START="30709" END="30741">the early part of the next decade</charseq>
    </extent>
  </timex2_mention>
</timex2>
<timex2 ID="09_GrecoPersian-T102"  MOD="END" VAL="BC046">
  <timex2_mention ID="09_GrecoPersian-T102-1">
    <extent>
      <charseq START="31173" END="31194">the end of the 460s BC</charseq>
    </extent>
  </timex2_mention>
</timex2>
<timex2 ID="09_GrecoPersian-T103"  VAL="P3Y">
  <timex2_mention ID="09_GrecoPersian-T103-1">
    <extent>
      <charseq START="31435" END="31445">3 year long</charseq>
    </extent>
  </timex2_mention>
</timex2>
<timex2 ID="09_GrecoPersian-T104"  VAL="P18M">
  <timex2_mention ID="09_GrecoPersian-T104-1">
    <extent>
      <charseq START="31536" END="31544">18 months</charseq>
    </extent>
  </timex2_mention>
</timex2>
<timex2 ID="09_GrecoPersian-T105"  VAL="BC0451">
  <timex2_mention ID="09_GrecoPersian-T105-1">
    <extent>
      <charseq START="31689" END="31694">451 BC</charseq>
    </extent>
  </timex2_mention>
</timex2>
<timex2 ID="09_GrecoPersian-T106"  VAL="BC0380">
  <timex2_mention ID="09_GrecoPersian-T106-1">
    <extent>
      <charseq START="32635" END="32640">380 BC</charseq>
    </extent>
  </timex2_mention>
</timex2>
<timex2 ID="09_GrecoPersian-T107"  VAL="BC03">
  <timex2_mention ID="09_GrecoPersian-T107-1">
    <extent>
      <charseq START="32655" END="32672">the 4th century BC</charseq>
    </extent>
  </timex2_mention>
</timex2>
<timex2 ID="09_GrecoPersian-T108"  VAL="BC03">
  <timex2_mention ID="09_GrecoPersian-T108-1">
    <extent>
      <charseq START="32737" END="32747">that period</charseq>
    </extent>
  </timex2_mention>
</timex2>
<timex2 ID="09_GrecoPersian-T109"  MOD="APPROX" VAL="BC0466">
  <timex2_mention ID="09_GrecoPersian-T109-1">
    <extent>
      <charseq START="33176" END="33185">ca. 466 BC</charseq>
    </extent>
  </timex2_mention>
</timex2>
<timex2 ID="09_GrecoPersian-T110"  MOD="APPROX" VAL="BC0461">
  <timex2_mention ID="09_GrecoPersian-T110-1">
    <extent>
      <charseq START="33407" END="33416">ca. 461 BC</charseq>
    </extent>
  </timex2_mention>
</timex2>
<timex2 ID="09_GrecoPersian-T111"  VAL="BC0423">
  <timex2_mention ID="09_GrecoPersian-T111-1">
    <extent>
      <charseq START="34340" END="34345">423 BC</charseq>
    </extent>
  </timex2_mention>
</timex2>
<timex2 ID="09_GrecoPersian-T112"  VAL="BC0450">
  <timex2_mention ID="09_GrecoPersian-T112-1">
    <extent>
      <charseq START="34564" END="34569">450 BC</charseq>
    </extent>
  </timex2_mention>
</timex2>
<timex2 ID="09_GrecoPersian-T113"  VAL="P1D">
  <timex2_mention ID="09_GrecoPersian-T113-1">
    <extent>
      <charseq START="35668" END="35672">a day</charseq>
    </extent>
  </timex2_mention>
</timex2>
<timex2 ID="09_GrecoPersian-T114"  VAL="P3D">
  <timex2_mention ID="09_GrecoPersian-T114-1">
    <extent>
      <charseq START="35745" END="35754">three days</charseq>
    </extent>
  </timex2_mention>
</timex2>
<timex2 ID="09_GrecoPersian-T115"  VAL="BC0460">
  <timex2_mention ID="09_GrecoPersian-T115-1">
    <extent>
      <charseq START="36551" END="36556">460 BC</charseq>
    </extent>
  </timex2_mention>
</timex2>
<timex2 ID="09_GrecoPersian-T116"  VAL="BC0445">
  <timex2_mention ID="09_GrecoPersian-T116-1">
    <extent>
      <charseq START="36576" END="36581">445 BC</charseq>
    </extent>
  </timex2_mention>
</timex2>
<timex2 ID="09_GrecoPersian-T117"  ANCHOR_DIR="STARTING" ANCHOR_VAL="BC0445" VAL="P30Y">
  <timex2_mention ID="09_GrecoPersian-T117-1">
    <extent>
      <charseq START="36608" END="36618">thirty year</charseq>
    </extent>
  </timex2_mention>
</timex2>
<timex2 ID="09_GrecoPersian-T118"  VAL="BC0431">
  <timex2_mention ID="09_GrecoPersian-T118-1">
    <extent>
      <charseq START="36693" END="36711">just 14 years later</charseq>
    </extent>
  </timex2_mention>
</timex2>
<timex2 ID="09_GrecoPersian-T119"  ANCHOR_DIR="STARTING" ANCHOR_VAL="BC0431" VAL="P27Y">
  <timex2_mention ID="09_GrecoPersian-T119-1">
    <extent>
      <charseq START="36812" END="36819">27 years</charseq>
    </extent>
  </timex2_mention>
</timex2>
<timex2 ID="09_GrecoPersian-T120"  VAL="BC0450">
  <timex2_mention ID="09_GrecoPersian-T120-1">
    <extent>
      <charseq START="37219" END="37224">450 BC</charseq>
    </extent>
  </timex2_mention>
</timex2>
<timex2 ID="09_GrecoPersian-T121"  VAL="BC0396">
  <timex2_mention ID="09_GrecoPersian-T121-1">
    <extent>
      <charseq START="37658" END="37663">396 BC</charseq>
    </extent>
  </timex2_mention>
</timex2>
<timex2 ID="09_GrecoPersian-T122"  ANCHOR_DIR="STARTING" ANCHOR_VAL="BC0450" COMMENT="EC:EVENT-BASED" VAL="P.5CE">
  <timex2_mention ID="09_GrecoPersian-T122-1">
    <extent>
      <charseq START="37978" END="38038">the subsequent half-century of internecine conflict in Greece</charseq>
    </extent>
  </timex2_mention>
</timex2>
<timex2 ID="09_GrecoPersian-T123"  VAL="BC0411">
  <timex2_mention ID="09_GrecoPersian-T123-1">
    <extent>
      <charseq START="38138" END="38143">411 BC</charseq>
    </extent>
  </timex2_mention>
</timex2>
<timex2 ID="09_GrecoPersian-T124"  VAL="BC0404">
  <timex2_mention ID="09_GrecoPersian-T124-1">
    <extent>
      <charseq START="38288" END="38293">404 BC</charseq>
    </extent>
  </timex2_mention>
</timex2>
<timex2 ID="09_GrecoPersian-T125"  VAL="BC0396">
  <timex2_mention ID="09_GrecoPersian-T125-1">
    <extent>
      <charseq START="38771" END="38773">396</charseq>
    </extent>
  </timex2_mention>
</timex2>
<timex2 ID="09_GrecoPersian-T126"  VAL="BC0395">
  <timex2_mention ID="09_GrecoPersian-T126-1">
    <extent>
      <charseq START="38775" END="38780">395 BC</charseq>
    </extent>
  </timex2_mention>
</timex2>
<timex2 ID="09_GrecoPersian-T127"  VAL="BC0387">
  <timex2_mention ID="09_GrecoPersian-T127-1">
    <extent>
      <charseq START="38943" END="38948">387 BC</charseq>
    </extent>
  </timex2_mention>
</timex2>
<timex2 ID="09_GrecoPersian-T128"  VAL="BC04">
  <timex2_mention ID="09_GrecoPersian-T128-1">
    <extent>
      <charseq START="39330" END="39349">the previous century</charseq>
    </extent>
  </timex2_mention>
</timex2>
<timex2 ID="09_GrecoPersian-T129"  VAL="BC0451">
  <timex2_mention ID="09_GrecoPersian-T129-1">
    <extent>
      <charseq START="39655" END="39672">the "good old days</charseq>
    </extent>
  </timex2_mention>
</timex2>
</document>
</source_file>
