<?xml version="1.0"?>
<!DOCTYPE source_file SYSTEM "apf.v5.1.2.dtd">
<source_file URI="keyinline/10_PunicWars.key.xml" SOURCE="10_wikipedia" TYPE="text">
<document DOCID="10_PunicWars">
<timex2 ID="10_PunicWars-T1"  VAL="2009-12-19T17:00:00">
  <timex2_mention ID="10_PunicWars-T1-1">
    <extent>
      <charseq START="33" END="51">2009-12-19T17:00:00</charseq>
    </extent>
  </timex2_mention>
</timex2>
<timex2 ID="10_PunicWars-T2"  VAL="BC0264">
  <timex2_mention ID="10_PunicWars-T2-1">
    <extent>
      <charseq START="70" END="75">264 BC</charseq>
    </extent>
  </timex2_mention>
</timex2>
<timex2 ID="10_PunicWars-T3"  MOD="MID" VAL="BC08">
  <timex2_mention ID="10_PunicWars-T3-1">
    <extent>
      <charseq START="179" END="210">the middle of the 9th century BC</charseq>
    </extent>
  </timex2_mention>
</timex2>
<timex2 ID="10_PunicWars-T4"  ANCHOR_DIR="AS_OF" ANCHOR_VAL="BC0264" VAL="PRESENT_REF">
  <timex2_mention ID="10_PunicWars-T4-1">
    <extent>
      <charseq START="460" END="467">the time</charseq>
    </extent>
  </timex2_mention>
</timex2>
<timex2 ID="10_PunicWars-T5"  VAL="BC0264">
  <timex2_mention ID="10_PunicWars-T5-1">
    <extent>
      <charseq START="904" END="909">264 BC</charseq>
    </extent>
  </timex2_mention>
</timex2>
<timex2 ID="10_PunicWars-T6"  VAL="BC0264">
  <timex2_mention ID="10_PunicWars-T6-1">
    <extent>
      <charseq START="1295" END="1297">264</charseq>
    </extent>
  </timex2_mention>
</timex2>
<timex2 ID="10_PunicWars-T7"  VAL="BC0241">
  <timex2_mention ID="10_PunicWars-T7-1">
    <extent>
      <charseq START="1302" END="1307">241 BC</charseq>
    </extent>
  </timex2_mention>
</timex2>
<timex2 ID="10_PunicWars-T8"  VAL="BC0264">
  <timex2_mention ID="10_PunicWars-T8-1">
    <extent>
      <charseq START="1332" END="1337">264 BC</charseq>
    </extent>
  </timex2_mention>
</timex2>
<timex2 ID="10_PunicWars-T9"  VAL="BC0241">
  <timex2_mention ID="10_PunicWars-T9-1">
    <extent>
      <charseq START="1341" END="1346">241 BC</charseq>
    </extent>
  </timex2_mention>
</timex2>
<timex2 ID="10_PunicWars-T10"  ANCHOR_DIR="STARTING" ANCHOR_VAL="BC0264" COMMENT="EC:EVENT-BASED;" MOD="MORE_THAN" VAL="P20Y">
  <timex2_mention ID="10_PunicWars-T10-1">
    <extent>
      <charseq START="1491" END="1515">more than 20 years of war</charseq>
    </extent>
  </timex2_mention>
</timex2>
<timex2 ID="10_PunicWars-T11"  ANCHOR_DIR="AFTER" ANCHOR_VAL="BC0241" VAL="FUTURE_REF">
  <timex2_mention ID="10_PunicWars-T11-1">
    <extent>
      <charseq START="1749" END="1765">a few years later</charseq>
    </extent>
  </timex2_mention>
</timex2>
<timex2 ID="10_PunicWars-T12"  VAL="PRESENT_REF">
  <timex2_mention ID="10_PunicWars-T12-1">
    <extent>
      <charseq START="2241" END="2243">now</charseq>
    </extent>
  </timex2_mention>
</timex2>
<timex2 ID="10_PunicWars-T13"  VAL="BC0261">
  <timex2_mention ID="10_PunicWars-T13-1">
    <extent>
      <charseq START="2449" END="2454">261 BC</charseq>
    </extent>
  </timex2_mention>
</timex2>
<timex2 ID="10_PunicWars-T14"  VAL="BC0260">
  <timex2_mention ID="10_PunicWars-T14-1">
    <extent>
      <charseq START="2773" END="2778">260 BC</charseq>
    </extent>
  </timex2_mention>
</timex2>
<timex2 ID="10_PunicWars-T15"  ANCHOR_DIR="STARTING" ANCHOR_VAL="BC0260-XX" VAL="PXM">
  <timex2_mention ID="10_PunicWars-T15-1">
    <extent>
      <charseq START="2833" END="2849">a very short time</charseq>
    </extent>
  </timex2_mention>
</timex2>
<timex2 ID="10_PunicWars-T16"  ANCHOR_DIR="STARTING" ANCHOR_VAL="BC0260-XX" VAL="P2M">
  <timex2_mention ID="10_PunicWars-T16-1">
    <extent>
      <charseq START="2859" END="2868">two months</charseq>
    </extent>
  </timex2_mention>
</timex2>
<timex2 ID="10_PunicWars-T17"  VAL="BC0241">
  <timex2_mention ID="10_PunicWars-T17-1">
    <extent>
      <charseq START="3887" END="3892">241 BC</charseq>
    </extent>
  </timex2_mention>
</timex2>
<timex2 ID="10_PunicWars-T18"  VAL="BC0238">
  <timex2_mention ID="10_PunicWars-T18-1">
    <extent>
      <charseq START="4193" END="4198">238 BC</charseq>
    </extent>
  </timex2_mention>
</timex2>
<timex2 ID="10_PunicWars-T19"  ANCHOR_DIR="AFTER" ANCHOR_VAL="BC0241" COMMENT="EC:EVENT-BASED;" VAL="PXY">
  <timex2_mention ID="10_PunicWars-T19-1">
    <extent>
      <charseq START="4494" END="4532">the years following the First Punic War</charseq>
    </extent>
  </timex2_mention>
</timex2>
<timex2 ID="10_PunicWars-T20"  VAL="BC0219">
  <timex2_mention ID="10_PunicWars-T20-1">
    <extent>
      <charseq START="4746" END="4751">219 BC</charseq>
    </extent>
  </timex2_mention>
</timex2>
<timex2 ID="10_PunicWars-T21"  VAL="BC0241">
  <timex2_mention ID="10_PunicWars-T21-1">
    <extent>
      <charseq START="5108" END="5113">241 BC</charseq>
    </extent>
  </timex2_mention>
</timex2>
<timex2 ID="10_PunicWars-T22"  VAL="BC0240">
  <timex2_mention ID="10_PunicWars-T22-1">
    <extent>
      <charseq START="6034" END="6036">240</charseq>
    </extent>
  </timex2_mention>
</timex2>
<timex2 ID="10_PunicWars-T23"  VAL="BC0238">
  <timex2_mention ID="10_PunicWars-T23-1">
    <extent>
      <charseq START="6038" END="6043">238 BC</charseq>
    </extent>
  </timex2_mention>
</timex2>
<timex2 ID="10_PunicWars-T24"  VAL="PXY">
  <timex2_mention ID="10_PunicWars-T24-1">
    <extent>
      <charseq START="6619" END="6631">several years</charseq>
    </extent>
  </timex2_mention>
</timex2>
<timex2 ID="10_PunicWars-T25"  VAL="PRESENT_REF">
  <timex2_mention ID="10_PunicWars-T25-1">
    <extent>
      <charseq START="8557" END="8559">now</charseq>
    </extent>
  </timex2_mention>
</timex2>
<timex2 ID="10_PunicWars-T26"  VAL="BC0228">
  <timex2_mention ID="10_PunicWars-T26-1">
    <extent>
      <charseq START="9038" END="9043">228 BC</charseq>
    </extent>
  </timex2_mention>
</timex2>
<timex2 ID="10_PunicWars-T27"  ANCHOR_DIR="AS_OF" ANCHOR_VAL="BC0228" VAL="PRESENT_REF">
  <timex2_mention ID="10_PunicWars-T27-1">
    <extent>
      <charseq START="9053" END="9061">this time</charseq>
    </extent>
  </timex2_mention>
</timex2>
<timex2 ID="10_PunicWars-T28"  VAL="BC0229">
  <timex2_mention ID="10_PunicWars-T28-1">
    <extent>
      <charseq START="9115" END="9120">229 BC</charseq>
    </extent>
  </timex2_mention>
</timex2>
<timex2 ID="10_PunicWars-T29"  ANCHOR_DIR="ENDING" ANCHOR_VAL="BC0221" MOD="APPROX" VAL="P8Y">
  <timex2_mention ID="10_PunicWars-T29-1">
    <extent>
      <charseq START="9152" END="9167">some eight years</charseq>
    </extent>
  </timex2_mention>
</timex2>
<timex2 ID="10_PunicWars-T30"  VAL="BC0221">
  <timex2_mention ID="10_PunicWars-T30-1">
    <extent>
      <charseq START="9175" END="9180">221 BC</charseq>
    </extent>
  </timex2_mention>
</timex2>
<timex2 ID="10_PunicWars-T31"  VAL="BC0225">
  <timex2_mention ID="10_PunicWars-T31-1">
    <extent>
      <charseq START="9453" END="9458">225 BC</charseq>
    </extent>
  </timex2_mention>
</timex2>
<timex2 ID="10_PunicWars-T32"  VAL="BC0220">
  <timex2_mention ID="10_PunicWars-T32-1">
    <extent>
      <charseq START="9464" END="9469">220 BC</charseq>
    </extent>
  </timex2_mention>
</timex2>
<timex2 ID="10_PunicWars-T33"  VAL="BC0221">
  <timex2_mention ID="10_PunicWars-T33-1">
    <extent>
      <charseq START="9560" END="9572">the same time</charseq>
    </extent>
  </timex2_mention>
</timex2>
<timex2 ID="10_PunicWars-T34"  VAL="BC0221">
  <timex2_mention ID="10_PunicWars-T34-1">
    <extent>
      <charseq START="9575" END="9580">221 BC</charseq>
    </extent>
  </timex2_mention>
</timex2>
<timex2 ID="10_PunicWars-T35"  VAL="BC0218">
  <timex2_mention ID="10_PunicWars-T35-1">
    <extent>
      <charseq START="9879" END="9900">a mere two years later</charseq>
    </extent>
  </timex2_mention>
</timex2>
<timex2 ID="10_PunicWars-T36"  VAL="BC0218">
  <timex2_mention ID="10_PunicWars-T36-1">
    <extent>
      <charseq START="9903" END="9908">218 BC</charseq>
    </extent>
  </timex2_mention>
</timex2>
<timex2 ID="10_PunicWars-T37"  VAL="BC0219">
  <timex2_mention ID="10_PunicWars-T37-1">
    <extent>
      <charseq START="10454" END="10459">219 BC</charseq>
    </extent>
  </timex2_mention>
</timex2>
<timex2 ID="10_PunicWars-T38" >
  <timex2_mention ID="10_PunicWars-T38-1">
    <extent>
      <charseq START="11963" END="11989">its short time of existence</charseq>
    </extent>
  </timex2_mention>
</timex2>
<timex2 ID="10_PunicWars-T39"  VAL="BC0218">
  <timex2_mention ID="10_PunicWars-T39-1">
    <extent>
      <charseq START="12011" END="12016">218 BC</charseq>
    </extent>
  </timex2_mention>
</timex2>
<timex2 ID="10_PunicWars-T40"  VAL="BC0201">
  <timex2_mention ID="10_PunicWars-T40-1">
    <extent>
      <charseq START="12021" END="12026">201 BC</charseq>
    </extent>
  </timex2_mention>
</timex2>
<timex2 ID="10_PunicWars-T41"  VAL="BC0218">
  <timex2_mention ID="10_PunicWars-T41-1">
    <extent>
      <charseq START="12052" END="12057">218 BC</charseq>
    </extent>
  </timex2_mention>
</timex2>
<timex2 ID="10_PunicWars-T42"  VAL="BC0201">
  <timex2_mention ID="10_PunicWars-T42-1">
    <extent>
      <charseq START="12061" END="12066">201 BC</charseq>
    </extent>
  </timex2_mention>
</timex2>
<timex2 ID="10_PunicWars-T43"  VAL="BC0218">
  <timex2_mention ID="10_PunicWars-T43-1">
    <extent>
      <charseq START="13258" END="13263">218 BC</charseq>
    </extent>
  </timex2_mention>
</timex2>
<timex2 ID="10_PunicWars-T44" >
  <timex2_mention ID="10_PunicWars-T44-1">
    <extent>
      <charseq START="15680" END="15692">the same time</charseq>
    </extent>
  </timex2_mention>
</timex2>
<timex2 ID="10_PunicWars-T45"  ANCHOR_DIR="STARTING" ANCHOR_VAL="BC0218" VAL="P16Y">
  <timex2_mention ID="10_PunicWars-T45-1">
    <extent>
      <charseq START="15947" END="15959">sixteen years</charseq>
    </extent>
  </timex2_mention>
</timex2>
<timex2 ID="10_PunicWars-T46"  VAL="BC0149">
  <timex2_mention ID="10_PunicWars-T46-1">
    <extent>
      <charseq START="16328" END="16334">149 B.C</charseq>
    </extent>
  </timex2_mention>
</timex2>
<timex2 ID="10_PunicWars-T47"  VAL="BC0146">
  <timex2_mention ID="10_PunicWars-T47-1">
    <extent>
      <charseq START="16339" END="16345">146 B.C</charseq>
    </extent>
  </timex2_mention>
</timex2>
<timex2 ID="10_PunicWars-T48"  VAL="BC0149">
  <timex2_mention ID="10_PunicWars-T48-1">
    <extent>
      <charseq START="16370" END="16377">149 B.C.</charseq>
    </extent>
  </timex2_mention>
</timex2>
<timex2 ID="10_PunicWars-T49"  VAL="BC0146">
  <timex2_mention ID="10_PunicWars-T49-1">
    <extent>
      <charseq START="16381" END="16388">146 B.C.</charseq>
    </extent>
  </timex2_mention>
</timex2>
<timex2 ID="10_PunicWars-T50"  ANCHOR_DIR="STARTING" ANCHOR_VAL="BC0201" COMMENT="EC:EVENT-BASED;" VAL="P50Y">
  <timex2_mention ID="10_PunicWars-T50-1">
    <extent>
      <charseq START="16651" END="16686">the fifty years since the Second War</charseq>
    </extent>
  </timex2_mention>
</timex2>
<timex2 ID="10_PunicWars-T51"  ANCHOR_DIR="STARTING" ANCHOR_VAL="BC0201" COMMENT="EC:EVENT-BASED;" MOD="APPROX" VAL="P50Y">
  <timex2_mention ID="10_PunicWars-T51-1">
    <extent>
      <charseq START="16968" END="17001">some fifty years of this condition</charseq>
    </extent>
  </timex2_mention>
</timex2>
<timex2 ID="10_PunicWars-T52"  VAL="BC0149">
  <timex2_mention ID="10_PunicWars-T52-1">
    <extent>
      <charseq START="17598" END="17603">149 BC</charseq>
    </extent>
  </timex2_mention>
</timex2>
<timex2 ID="10_PunicWars-T53"  VAL="PRESENT_REF">
  <timex2_mention ID="10_PunicWars-T53-1">
    <extent>
      <charseq START="18087" END="18089">now</charseq>
    </extent>
  </timex2_mention>
</timex2>
<timex2 ID="10_PunicWars-T54" >
  <timex2_mention ID="10_PunicWars-T54-1">
    <extent>
      <charseq START="18196" END="18217">a short amount of time</charseq>
    </extent>
  </timex2_mention>
</timex2>
<timex2 ID="10_PunicWars-T55"  ANCHOR_DIR="ENDING" ANCHOR_VAL="BC0146" VAL="P3Y">
  <timex2_mention ID="10_PunicWars-T55-1">
    <extent>
      <charseq START="18389" END="18398">three-year</charseq>
    </extent>
  </timex2_mention>
</timex2>
<timex2 ID="10_PunicWars-T56"  VAL="BC0146">
  <timex2_mention ID="10_PunicWars-T56-1">
    <extent>
      <charseq START="18505" END="18512">146 B.C.</charseq>
    </extent>
  </timex2_mention>
</timex2>
<timex2 ID="10_PunicWars-T57"  VAL="18">
  <timex2_mention ID="10_PunicWars-T57-1">
    <extent>
      <charseq START="18583" END="18604">the nineteenth century</charseq>
    </extent>
  </timex2_mention>
</timex2>
</document>
</source_file>
