<?xml version="1.0"?>
<!DOCTYPE source_file SYSTEM "apf.v5.1.2.dtd">
<source_file URI="keyinline/11_ChineseCivWar.key.xml" SOURCE="11_wikipedia" TYPE="text">
<document DOCID="11_ChineseCivWar">
<timex2 ID="11_ChineseCivWar-T1"  VAL="2009-12-19T17:00:00">
  <timex2_mention ID="11_ChineseCivWar-T1-1">
    <extent>
      <charseq START="37" END="55">2009-12-19T17:00:00</charseq>
    </extent>
  </timex2_mention>
</timex2>
<timex2 ID="11_ChineseCivWar-T2"  VAL="1926">
  <timex2_mention ID="11_ChineseCivWar-T2-1">
    <extent>
      <charseq START="80" END="83">1926</charseq>
    </extent>
  </timex2_mention>
</timex2>
<timex2 ID="11_ChineseCivWar-T3"  VAL="1928">
  <timex2_mention ID="11_ChineseCivWar-T3-1">
    <extent>
      <charseq START="85" END="88">1928</charseq>
    </extent>
  </timex2_mention>
</timex2>
<timex2 ID="11_ChineseCivWar-T4"  ANCHOR_DIR="AFTER" ANCHOR_VAL="1925" COMMENT="EC:EVENT-BASED" VAL="XXXX-XX">
  <timex2_mention ID="11_ChineseCivWar-T4-1">
    <extent>
      <charseq START="110" END="154">Just months after Sun Yat Sen's death in 1925</charseq>
    </extent>
  </timex2_mention>
</timex2>
<timex2 ID="11_ChineseCivWar-T5"  VAL="1925">
  <timex2_mention ID="11_ChineseCivWar-T5-1">
    <extent>
      <charseq START="151" END="154">1925</charseq>
    </extent>
  </timex2_mention>
</timex2>
<timex2 ID="11_ChineseCivWar-T6"  VAL="1926">
  <timex2_mention ID="11_ChineseCivWar-T6-1">
    <extent>
      <charseq START="271" END="274">1926</charseq>
    </extent>
  </timex2_mention>
</timex2>
<timex2 ID="11_ChineseCivWar-T7"  VAL="1926-03">
  <timex2_mention ID="11_ChineseCivWar-T7-1">
    <extent>
      <charseq START="395" END="404">March 1926</charseq>
    </extent>
  </timex2_mention>
</timex2>
<timex2 ID="11_ChineseCivWar-T8"  MOD="START" VAL="1927">
  <timex2_mention ID="11_ChineseCivWar-T8-1">
    <extent>
      <charseq START="623" END="632">early 1927</charseq>
    </extent>
  </timex2_mention>
</timex2>
<timex2 ID="11_ChineseCivWar-T9"  VAL="1927-04-07">
  <timex2_mention ID="11_ChineseCivWar-T9-1">
    <extent>
      <charseq START="1231" END="1237">April 7</charseq>
    </extent>
  </timex2_mention>
</timex2>
<timex2 ID="11_ChineseCivWar-T10"  VAL="1927-04-12">
  <timex2_mention ID="11_ChineseCivWar-T10-1">
    <extent>
      <charseq START="1452" END="1459">April 12</charseq>
    </extent>
  </timex2_mention>
</timex2>
<timex2 ID="11_ChineseCivWar-T11"  VAL="1927-04-12">
  <timex2_mention ID="11_ChineseCivWar-T11-1">
    <extent>
      <charseq START="1607" END="1614">April 12</charseq>
    </extent>
  </timex2_mention>
</timex2>
<timex2 ID="11_ChineseCivWar-T12"  VAL="1927-FA">
  <timex2_mention ID="11_ChineseCivWar-T12-1">
    <extent>
      <charseq START="1864" END="1869">Autumn</charseq>
    </extent>
  </timex2_mention>
</timex2>
<timex2 ID="11_ChineseCivWar-T13" >
  <timex2_mention ID="11_ChineseCivWar-T13-1">
    <extent>
      <charseq START="2014" END="2016">now</charseq>
    </extent>
  </timex2_mention>
</timex2>
<timex2 ID="11_ChineseCivWar-T14"  ANCHOR_DIR="STARTING" ANCHOR_VAL="1927" VAL="P10Y">
  <timex2_mention ID="11_ChineseCivWar-T14-1">
    <extent>
      <charseq START="2220" END="2234">the next decade</charseq>
    </extent>
  </timex2_mention>
</timex2>
<timex2 ID="11_ChineseCivWar-T15"  VAL="1928-06">
  <timex2_mention ID="11_ChineseCivWar-T15-1">
    <extent>
      <charseq START="2420" END="2428">June 1928</charseq>
    </extent>
  </timex2_mention>
</timex2>
<timex2 ID="11_ChineseCivWar-T16"  VAL="1927">
  <timex2_mention ID="11_ChineseCivWar-T16-1">
    <extent>
      <charseq START="2842" END="2845">1927</charseq>
    </extent>
  </timex2_mention>
</timex2>
<timex2 ID="11_ChineseCivWar-T17"  VAL="1937">
  <timex2_mention ID="11_ChineseCivWar-T17-1">
    <extent>
      <charseq START="2847" END="2850">1937</charseq>
    </extent>
  </timex2_mention>
</timex2>
<timex2 ID="11_ChineseCivWar-T18"  VAL="192">
  <timex2_mention ID="11_ChineseCivWar-T18-1">
    <extent>
      <charseq START="2861" END="2869">the 1920s</charseq>
    </extent>
  </timex2_mention>
</timex2>
<timex2 ID="11_ChineseCivWar-T19"  VAL="1927-08-01">
  <timex2_mention ID="11_ChineseCivWar-T19-1">
    <extent>
      <charseq START="3025" END="3038">August 1, 1927</charseq>
    </extent>
  </timex2_mention>
</timex2>
<timex2 ID="11_ChineseCivWar-T20"  ANCHOR_DIR="AFTER" ANCHOR_VAL="1927-08-01" VAL="P3D">
  <timex2_mention ID="11_ChineseCivWar-T20-1">
    <extent>
      <charseq START="3216" END="3225">three days</charseq>
    </extent>
  </timex2_mention>
</timex2>
<timex2 ID="11_ChineseCivWar-T21"  ANCHOR_DIR="AFTER" ANCHOR_VAL="1927-08-01" MOD="START" VAL="P10Y">
  <timex2_mention ID="11_ChineseCivWar-T21-1">
    <extent>
      <charseq START="3341" END="3348">ten year</charseq>
    </extent>
  </timex2_mention>
</timex2>
<timex2 ID="11_ChineseCivWar-T22"  VAL="P10Y">
  <timex2_mention ID="11_ChineseCivWar-T22-1">
    <extent>
      <charseq START="3394" END="3401">Ten Year</charseq>
    </extent>
  </timex2_mention>
</timex2>
<timex2 ID="11_ChineseCivWar-T23"  VAL="1930">
  <timex2_mention ID="11_ChineseCivWar-T23-1">
    <extent>
      <charseq START="3614" END="3617">1930</charseq>
    </extent>
  </timex2_mention>
</timex2>
<timex2 ID="11_ChineseCivWar-T24"  VAL="1932">
  <timex2_mention ID="11_ChineseCivWar-T24-1">
    <extent>
      <charseq START="4018" END="4021">1932</charseq>
    </extent>
  </timex2_mention>
</timex2>
<timex2 ID="11_ChineseCivWar-T25"  VAL="1933">
  <timex2_mention ID="11_ChineseCivWar-T25-1">
    <extent>
      <charseq START="4023" END="4026">1933</charseq>
    </extent>
  </timex2_mention>
</timex2>
<timex2 ID="11_ChineseCivWar-T26"  MOD="END" VAL="1933">
  <timex2_mention ID="11_ChineseCivWar-T26-1">
    <extent>
      <charseq START="4363" END="4371">late 1933</charseq>
    </extent>
  </timex2_mention>
</timex2>
<timex2 ID="11_ChineseCivWar-T27"  VAL="1934-10">
  <timex2_mention ID="11_ChineseCivWar-T27-1">
    <extent>
      <charseq START="4755" END="4766">October 1934</charseq>
    </extent>
  </timex2_mention>
</timex2>
<timex2 ID="11_ChineseCivWar-T28"  ANCHOR_DIR="STARTING" ANCHOR_VAL="1934-10" VAL="P1Y">
  <timex2_mention ID="11_ChineseCivWar-T28-1">
    <extent>
      <charseq START="5263" END="5268">a year</charseq>
    </extent>
  </timex2_mention>
</timex2>
<timex2 ID="11_ChineseCivWar-T29"  VAL="1937">
  <timex2_mention ID="11_ChineseCivWar-T29-1">
    <extent>
      <charseq START="6221" END="6224">1937</charseq>
    </extent>
  </timex2_mention>
</timex2>
<timex2 ID="11_ChineseCivWar-T30"  VAL="1945">
  <timex2_mention ID="11_ChineseCivWar-T30-1">
    <extent>
      <charseq START="6226" END="6229">1945</charseq>
    </extent>
  </timex2_mention>
</timex2>
<timex2 ID="11_ChineseCivWar-T31"  VAL="1936-12-12">
  <timex2_mention ID="11_ChineseCivWar-T31-1">
    <extent>
      <charseq START="6408" END="6424">December 12, 1936</charseq>
    </extent>
  </timex2_mention>
</timex2>
<timex2 ID="11_ChineseCivWar-T32"  VAL="1937">
  <timex2_mention ID="11_ChineseCivWar-T32-1">
    <extent>
      <charseq START="6711" END="6714">1937</charseq>
    </extent>
  </timex2_mention>
</timex2>
<timex2 ID="11_ChineseCivWar-T33"  MOD="END" VAL="1940">
  <timex2_mention ID="11_ChineseCivWar-T33-1">
    <extent>
      <charseq START="7319" END="7327">late 1940</charseq>
    </extent>
  </timex2_mention>
</timex2>
<timex2 ID="11_ChineseCivWar-T34"  MOD="START" VAL="1941">
  <timex2_mention ID="11_ChineseCivWar-T34-1">
    <extent>
      <charseq START="7333" END="7342">early 1941</charseq>
    </extent>
  </timex2_mention>
</timex2>
<timex2 ID="11_ChineseCivWar-T35"  VAL="1940-12">
  <timex2_mention ID="11_ChineseCivWar-T35-1">
    <extent>
      <charseq START="7415" END="7427">December 1940</charseq>
    </extent>
  </timex2_mention>
</timex2>
<timex2 ID="11_ChineseCivWar-T36"  VAL="1941">
  <timex2_mention ID="11_ChineseCivWar-T36-1">
    <extent>
      <charseq START="7592" END="7595">1941</charseq>
    </extent>
  </timex2_mention>
</timex2>
<timex2 ID="11_ChineseCivWar-T37"  VAL="1944">
  <timex2_mention ID="11_ChineseCivWar-T37-1">
    <extent>
      <charseq START="7910" END="7913">1944</charseq>
    </extent>
  </timex2_mention>
</timex2>
<timex2 ID="11_ChineseCivWar-T38"  VAL="1945">
  <timex2_mention ID="11_ChineseCivWar-T38-1">
    <extent>
      <charseq START="8033" END="8036">1945</charseq>
    </extent>
  </timex2_mention>
</timex2>
<timex2 ID="11_ChineseCivWar-T39"  VAL="1946">
  <timex2_mention ID="11_ChineseCivWar-T39-1">
    <extent>
      <charseq START="8038" END="8041">1946</charseq>
    </extent>
  </timex2_mention>
</timex2>
<timex2 ID="11_ChineseCivWar-T40"  VAL="1945">
  <timex2_mention ID="11_ChineseCivWar-T40-1">
    <extent>
      <charseq START="8100" END="8103">1945</charseq>
    </extent>
  </timex2_mention>
</timex2>
<timex2 ID="11_ChineseCivWar-T41"  VAL="1945-08-28">
  <timex2_mention ID="11_ChineseCivWar-T41-1">
    <extent>
      <charseq START="8659" END="8673">August 28, 1945</charseq>
    </extent>
  </timex2_mention>
</timex2>
<timex2 ID="11_ChineseCivWar-T42"  VAL="1945-10-10">
  <timex2_mention ID="11_ChineseCivWar-T42-1">
    <extent>
      <charseq START="8678" END="8689">Oct 10, 1945</charseq>
    </extent>
  </timex2_mention>
</timex2>
<timex2 ID="11_ChineseCivWar-T43"  VAL="1946-01">
  <timex2_mention ID="11_ChineseCivWar-T43-1">
    <extent>
      <charseq START="8935" END="8946">January 1946</charseq>
    </extent>
  </timex2_mention>
</timex2>
<timex2 ID="11_ChineseCivWar-T44"  ANCHOR_DIR="ENDING" ANCHOR_VAL="1946-01" COMMENT="EC:EVENT-BASED" VAL="P1M">
  <timex2_mention ID="11_ChineseCivWar-T44-1">
    <extent>
      <charseq START="9073" END="9115">the last month of World War II in East Asia</charseq>
    </extent>
  </timex2_mention>
</timex2>
<timex2 ID="11_ChineseCivWar-T45"  VAL="1946">
  <timex2_mention ID="11_ChineseCivWar-T45-1">
    <extent>
      <charseq START="9494" END="9510">Later in the year</charseq>
    </extent>
  </timex2_mention>
</timex2>
<timex2 ID="11_ChineseCivWar-T46" >
  <timex2_mention ID="11_ChineseCivWar-T46-1">
    <extent>
      <charseq START="9967" END="9980">the extra time</charseq>
    </extent>
  </timex2_mention>
</timex2>
<timex2 ID="11_ChineseCivWar-T47"  VAL="1946-06">
  <timex2_mention ID="11_ChineseCivWar-T47-1">
    <extent>
      <charseq START="10157" END="10165">June 1946</charseq>
    </extent>
  </timex2_mention>
</timex2>
<timex2 ID="11_ChineseCivWar-T48"  VAL="1946-06-26">
  <timex2_mention ID="11_ChineseCivWar-T48-1">
    <extent>
      <charseq START="10221" END="10227">June 26</charseq>
    </extent>
  </timex2_mention>
</timex2>
<timex2 ID="11_ChineseCivWar-T49"  ANCHOR_DIR="STARTING" ANCHOR_VAL="1946-06-26" MOD="MORE_THAN" VAL="P3Y">
  <timex2_mention ID="11_ChineseCivWar-T49-1">
    <extent>
      <charseq START="10282" END="10302">more than three years</charseq>
    </extent>
  </timex2_mention>
</timex2>
<timex2 ID="11_ChineseCivWar-T50"  VAL="1946">
  <timex2_mention ID="11_ChineseCivWar-T50-1">
    <extent>
      <charseq START="10334" END="10337">1946</charseq>
    </extent>
  </timex2_mention>
</timex2>
<timex2 ID="11_ChineseCivWar-T51"  VAL="1950">
  <timex2_mention ID="11_ChineseCivWar-T51-1">
    <extent>
      <charseq START="10339" END="10342">1950</charseq>
    </extent>
  </timex2_mention>
</timex2>
<timex2 ID="11_ChineseCivWar-T52"  VAL="1946-03">
  <timex2_mention ID="11_ChineseCivWar-T52-1">
    <extent>
      <charseq START="12466" END="12475">March 1946</charseq>
    </extent>
  </timex2_mention>
</timex2>
<timex2 ID="11_ChineseCivWar-T53"  VAL="1947-03">
  <timex2_mention ID="11_ChineseCivWar-T53-1">
    <extent>
      <charseq START="12886" END="12895">March 1947</charseq>
    </extent>
  </timex2_mention>
</timex2>
<timex2 ID="11_ChineseCivWar-T54"  MOD="END" VAL="1948">
  <timex2_mention ID="11_ChineseCivWar-T54-1">
    <extent>
      <charseq START="12977" END="12985">late 1948</charseq>
    </extent>
  </timex2_mention>
</timex2>
<timex2 ID="11_ChineseCivWar-T55"  ANCHOR_DIR="WITHIN" ANCHOR_VAL="1948" VAL="P6M">
  <timex2_mention ID="11_ChineseCivWar-T55-1">
    <extent>
      <charseq START="13312" END="13318">6-month</charseq>
    </extent>
  </timex2_mention>
</timex2>
<timex2 ID="11_ChineseCivWar-T56"  VAL="1948-04">
  <timex2_mention ID="11_ChineseCivWar-T56-1">
    <extent>
      <charseq START="13590" END="13599">April 1948</charseq>
    </extent>
  </timex2_mention>
</timex2>
<timex2 ID="11_ChineseCivWar-T57"  VAL="1948-09-28">
  <timex2_mention ID="11_ChineseCivWar-T57-1">
    <extent>
      <charseq START="13739" END="13756">September 28, 1948</charseq>
    </extent>
  </timex2_mention>
</timex2>
<timex2 ID="11_ChineseCivWar-T58"  MOD="END" VAL="1948">
  <timex2_mention ID="11_ChineseCivWar-T58-1">
    <extent>
      <charseq START="13783" END="13791">late 1948</charseq>
    </extent>
  </timex2_mention>
</timex2>
<timex2 ID="11_ChineseCivWar-T59"  MOD="START" VAL="1949">
  <timex2_mention ID="11_ChineseCivWar-T59-1">
    <extent>
      <charseq START="13797" END="13806">early 1949</charseq>
    </extent>
  </timex2_mention>
</timex2>
<timex2 ID="11_ChineseCivWar-T60"  ANCHOR_DIR="STARTING" ANCHOR_VAL="1948-11-21" VAL="P64D">
  <timex2_mention ID="11_ChineseCivWar-T60-1">
    <extent>
      <charseq START="14027" END="14033">64 days</charseq>
    </extent>
  </timex2_mention>
</timex2>
<timex2 ID="11_ChineseCivWar-T61"  VAL="1948-11-21">
  <timex2_mention ID="11_ChineseCivWar-T61-1">
    <extent>
      <charseq START="14040" END="14056">November 21, 1948</charseq>
    </extent>
  </timex2_mention>
</timex2>
<timex2 ID="11_ChineseCivWar-T62"  VAL="1949-01-31">
  <timex2_mention ID="11_ChineseCivWar-T62-1">
    <extent>
      <charseq START="14061" END="14076">January 31, 1949</charseq>
    </extent>
  </timex2_mention>
</timex2>
<timex2 ID="11_ChineseCivWar-T63"  VAL="1949-04-21">
  <timex2_mention ID="11_ChineseCivWar-T63-1">
    <extent>
      <charseq START="14448" END="14455">April 21</charseq>
    </extent>
  </timex2_mention>
</timex2>
<timex2 ID="11_ChineseCivWar-T64"  MOD="END" VAL="1949">
  <timex2_mention ID="11_ChineseCivWar-T64-1">
    <extent>
      <charseq START="14682" END="14690">late 1949</charseq>
    </extent>
  </timex2_mention>
</timex2>
<timex2 ID="11_ChineseCivWar-T65"  VAL="1949-04-23">
  <timex2_mention ID="11_ChineseCivWar-T65-1">
    <extent>
      <charseq START="14833" END="14840">April 23</charseq>
    </extent>
  </timex2_mention>
</timex2>
<timex2 ID="11_ChineseCivWar-T66"  VAL="1949-10-15">
  <timex2_mention ID="11_ChineseCivWar-T66-1">
    <extent>
      <charseq START="14883" END="14892">October 15</charseq>
    </extent>
  </timex2_mention>
</timex2>
<timex2 ID="11_ChineseCivWar-T67"  VAL="1949-11-25">
  <timex2_mention ID="11_ChineseCivWar-T67-1">
    <extent>
      <charseq START="14911" END="14921">November 25</charseq>
    </extent>
  </timex2_mention>
</timex2>
<timex2 ID="11_ChineseCivWar-T68"  VAL="1949-12-10">
  <timex2_mention ID="11_ChineseCivWar-T68-1">
    <extent>
      <charseq START="14967" END="14977">December 10</charseq>
    </extent>
  </timex2_mention>
</timex2>
<timex2 ID="11_ChineseCivWar-T69"  ANCHOR_DIR="STARTING" ANCHOR_VAL="1946-07" VAL="P4Y">
  <timex2_mention ID="11_ChineseCivWar-T69-1">
    <extent>
      <charseq START="15019" END="15025">4 Years</charseq>
    </extent>
  </timex2_mention>
</timex2>
<timex2 ID="11_ChineseCivWar-T70"  VAL="1946-07">
  <timex2_mention ID="11_ChineseCivWar-T70-1">
    <extent>
      <charseq START="15049" END="15057">July 1946</charseq>
    </extent>
  </timex2_mention>
</timex2>
<timex2 ID="11_ChineseCivWar-T71"  VAL="1950-06">
  <timex2_mention ID="11_ChineseCivWar-T71-1">
    <extent>
      <charseq START="15062" END="15070">June 1950</charseq>
    </extent>
  </timex2_mention>
</timex2>
<timex2 ID="11_ChineseCivWar-T72"  VAL="1949-10-01">
  <timex2_mention ID="11_ChineseCivWar-T72-1">
    <extent>
      <charseq START="15424" END="15438">October 1, 1949</charseq>
    </extent>
  </timex2_mention>
</timex2>
<timex2 ID="11_ChineseCivWar-T73"  VAL="1949-12-10">
  <timex2_mention ID="11_ChineseCivWar-T73-1">
    <extent>
      <charseq START="15782" END="15798">December 10, 1949</charseq>
    </extent>
  </timex2_mention>
</timex2>
<timex2 ID="11_ChineseCivWar-T74"  VAL="1949-12">
  <timex2_mention ID="11_ChineseCivWar-T74-1">
    <extent>
      <charseq START="15964" END="15976">December 1949</charseq>
    </extent>
  </timex2_mention>
</timex2>
<timex2 ID="11_ChineseCivWar-T75"  VAL="1950">
  <timex2_mention ID="11_ChineseCivWar-T75-1">
    <extent>
      <charseq START="16189" END="16192">1950</charseq>
    </extent>
  </timex2_mention>
</timex2>
<timex2 ID="11_ChineseCivWar-T76"  VAL="1950-04">
  <timex2_mention ID="11_ChineseCivWar-T76-1">
    <extent>
      <charseq START="16271" END="16280">April 1950</charseq>
    </extent>
  </timex2_mention>
</timex2>
<timex2 ID="11_ChineseCivWar-T77"  VAL="1950-05">
  <timex2_mention ID="11_ChineseCivWar-T77-1">
    <extent>
      <charseq START="16335" END="16337">May</charseq>
    </extent>
  </timex2_mention>
</timex2>
<timex2 ID="11_ChineseCivWar-T78"  VAL="1950-08">
  <timex2_mention ID="11_ChineseCivWar-T78-1">
    <extent>
      <charseq START="16339" END="16349">August 1950</charseq>
    </extent>
  </timex2_mention>
</timex2>
<timex2 ID="11_ChineseCivWar-T79"  VAL="1950-05">
  <timex2_mention ID="11_ChineseCivWar-T79-1">
    <extent>
      <charseq START="16389" END="16396">May 1950</charseq>
    </extent>
  </timex2_mention>
</timex2>
<timex2 ID="11_ChineseCivWar-T80"  VAL="1950">
  <timex2_mention ID="11_ChineseCivWar-T80-1">
    <extent>
      <charseq START="16442" END="16445">1950</charseq>
    </extent>
  </timex2_mention>
</timex2>
<timex2 ID="11_ChineseCivWar-T81"  VAL="1950-06">
  <timex2_mention ID="11_ChineseCivWar-T81-1">
    <extent>
      <charseq START="16724" END="16732">June 1950</charseq>
    </extent>
  </timex2_mention>
</timex2>
<timex2 ID="11_ChineseCivWar-T82"  VAL="1949-06">
  <timex2_mention ID="11_ChineseCivWar-T82-1">
    <extent>
      <charseq START="17000" END="17008">June 1949</charseq>
    </extent>
  </timex2_mention>
</timex2>
<timex2 ID="11_ChineseCivWar-T83"  VAL="1953">
  <timex2_mention ID="11_ChineseCivWar-T83-1">
    <extent>
      <charseq START="17886" END="17889">1953</charseq>
    </extent>
  </timex2_mention>
</timex2>
<timex2 ID="11_ChineseCivWar-T84"  MOD="END" VAL="1954">
  <timex2_mention ID="11_ChineseCivWar-T84-1">
    <extent>
      <charseq START="17956" END="17970">the end of 1954</charseq>
    </extent>
  </timex2_mention>
</timex2>
<timex2 ID="11_ChineseCivWar-T85"  VAL="1952-02-01">
  <timex2_mention ID="11_ChineseCivWar-T85-1">
    <extent>
      <charseq START="18323" END="18338">February 1, 1952</charseq>
    </extent>
  </timex2_mention>
</timex2>
<timex2 ID="11_ChineseCivWar-T86"  VAL="FUTURE_REF">
  <timex2_mention ID="11_ChineseCivWar-T86-1">
    <extent>
      <charseq START="18493" END="18498">future</charseq>
    </extent>
  </timex2_mention>
</timex2>
<timex2 ID="11_ChineseCivWar-T87"  VAL="1954-09-03">
  <timex2_mention ID="11_ChineseCivWar-T87-1">
    <extent>
      <charseq START="18557" END="18573">September 3, 1954</charseq>
    </extent>
  </timex2_mention>
</timex2>
<timex2 ID="11_ChineseCivWar-T88"  VAL="1955-01-20">
  <timex2_mention ID="11_ChineseCivWar-T88-1">
    <extent>
      <charseq START="18696" END="18711">January 20, 1955</charseq>
    </extent>
  </timex2_mention>
</timex2>
<timex2 ID="11_ChineseCivWar-T89"  VAL="1955-01-24">
  <timex2_mention ID="11_ChineseCivWar-T89-1">
    <extent>
      <charseq START="18840" END="18866">January 24 of the same year</charseq>
    </extent>
  </timex2_mention>
</timex2>
<timex2 ID="11_ChineseCivWar-T90"  VAL="1955-03">
  <timex2_mention ID="11_ChineseCivWar-T90-1">
    <extent>
      <charseq START="19031" END="19040">March 1955</charseq>
    </extent>
  </timex2_mention>
</timex2>
<timex2 ID="11_ChineseCivWar-T91"  VAL="1958-08-23">
  <timex2_mention ID="11_ChineseCivWar-T91-1">
    <extent>
      <charseq START="19185" END="19199">August 23, 1958</charseq>
    </extent>
  </timex2_mention>
</timex2>
<timex2 ID="11_ChineseCivWar-T92"  VAL="1958-11">
  <timex2_mention ID="11_ChineseCivWar-T92-1">
    <extent>
      <charseq START="19377" END="19401">November of the same year</charseq>
    </extent>
  </timex2_mention>
</timex2>
<timex2 ID="11_ChineseCivWar-T93"  VAL="1958-09-07">
  <timex2_mention ID="11_ChineseCivWar-T93-1">
    <extent>
      <charseq START="19765" END="19775">September 7</charseq>
    </extent>
  </timex2_mention>
</timex2>
<timex2 ID="11_ChineseCivWar-T94"  VAL="1958-10-25">
  <timex2_mention ID="11_ChineseCivWar-T94-1">
    <extent>
      <charseq START="19872" END="19881">October 25</charseq>
    </extent>
  </timex2_mention>
</timex2>
<timex2 ID="11_ChineseCivWar-T95"  VAL="XXXX-XX-XX">
  <timex2_mention ID="11_ChineseCivWar-T95-1">
    <extent>
      <charseq START="19906" END="19913">even-day</charseq>
    </extent>
  </timex2_mention>
</timex2>
<timex2 ID="11_ChineseCivWar-T96"  SET="YES" VAL="XXXX-XX-XX">
  <timex2_mention ID="11_ChineseCivWar-T96-1">
    <extent>
      <charseq START="19963" END="19979">odd-numbered days</charseq>
    </extent>
  </timex2_mention>
</timex2>
<timex2 ID="11_ChineseCivWar-T97"  MOD="END" VAL="198">
  <timex2_mention ID="11_ChineseCivWar-T97-1">
    <extent>
      <charseq START="20107" END="20120">the late 1980s</charseq>
    </extent>
  </timex2_mention>
</timex2>
<timex2 ID="11_ChineseCivWar-T98"  VAL="1995">
  <timex2_mention ID="11_ChineseCivWar-T98-1">
    <extent>
      <charseq START="20305" END="20308">1995</charseq>
    </extent>
  </timex2_mention>
</timex2>
<timex2 ID="11_ChineseCivWar-T99"  VAL="1996">
  <timex2_mention ID="11_ChineseCivWar-T99-1">
    <extent>
      <charseq START="20310" END="20311">96</charseq>
    </extent>
  </timex2_mention>
</timex2>
<timex2 ID="11_ChineseCivWar-T100"  MOD="START" VAL="20">
  <timex2_mention ID="11_ChineseCivWar-T100-1">
    <extent>
      <charseq START="20426" END="20447">the early 21st century</charseq>
    </extent>
  </timex2_mention>
</timex2>
<timex2 ID="11_ChineseCivWar-T101"  VAL="2005">
  <timex2_mention ID="11_ChineseCivWar-T101-1">
    <extent>
      <charseq START="20587" END="20590">2005</charseq>
    </extent>
  </timex2_mention>
</timex2>
<timex2 ID="11_ChineseCivWar-T102"  MOD="END" VAL="2009">
  <timex2_mention ID="11_ChineseCivWar-T102-1">
    <extent>
      <charseq START="20750" END="20773">as recently as late 2009</charseq>
    </extent>
  </timex2_mention>
</timex2>
</document>
</source_file>
