<?xml version="1.0"?>
<!DOCTYPE source_file SYSTEM "apf.v5.1.2.dtd">
<source_file URI="keyinline/12_IranIraq.key.xml" SOURCE="12_wikipedia" TYPE="text">
<document DOCID="12_IranIraq">
<timex2 ID="12_IranIraq-T1"  VAL="2009-12-19T17:00:00">
  <timex2_mention ID="12_IranIraq-T1-1">
    <extent>
      <charseq START="32" END="50">2009-12-19T17:00:00</charseq>
    </extent>
  </timex2_mention>
</timex2>
<timex2 ID="12_IranIraq-T2"  VAL="1980-03">
  <timex2_mention ID="12_IranIraq-T2-1">
    <extent>
      <charseq START="311" END="320">March 1980</charseq>
    </extent>
  </timex2_mention>
</timex2>
<timex2 ID="12_IranIraq-T3"  VAL="1980-04">
  <timex2_mention ID="12_IranIraq-T3-1">
    <extent>
      <charseq START="490" END="494">April</charseq>
    </extent>
  </timex2_mention>
</timex2>
<timex2 ID="12_IranIraq-T4"  VAL="1980-XX-XX">
  <timex2_mention ID="12_IranIraq-T4-1">
    <extent>
      <charseq START="581" END="596">three days later</charseq>
    </extent>
  </timex2_mention>
</timex2>
<timex2 ID="12_IranIraq-T5"  VAL="1980-09">
  <timex2_mention ID="12_IranIraq-T5-1">
    <extent>
      <charseq START="723" END="731">September</charseq>
    </extent>
  </timex2_mention>
</timex2>
<timex2 ID="12_IranIraq-T6"  VAL="1980-09-17">
  <timex2_mention ID="12_IranIraq-T6-1">
    <extent>
      <charseq START="747" END="758">17 September</charseq>
    </extent>
  </timex2_mention>
</timex2>
<timex2 ID="12_IranIraq-T7"  VAL="1975">
  <timex2_mention ID="12_IranIraq-T7-1">
    <extent>
      <charseq START="924" END="927">1975</charseq>
    </extent>
  </timex2_mention>
</timex2>
<timex2 ID="12_IranIraq-T8"  VAL="1980-09">
  <timex2_mention ID="12_IranIraq-T8-1">
    <extent>
      <charseq START="1446" END="1459">September 1980</charseq>
    </extent>
  </timex2_mention>
</timex2>
<timex2 ID="12_IranIraq-T9"  VAL="1980-09-22">
  <timex2_mention ID="12_IranIraq-T9-1">
    <extent>
      <charseq START="1525" END="1541">22 September 1980</charseq>
    </extent>
  </timex2_mention>
</timex2>
<timex2 ID="12_IranIraq-T10"  VAL="1980-09-22">
  <timex2_mention ID="12_IranIraq-T10-1">
    <extent>
      <charseq START="1547" END="1563">22 September 1980</charseq>
    </extent>
  </timex2_mention>
</timex2>
<timex2 ID="12_IranIraq-T11"  VAL="1980-09-23">
  <timex2_mention ID="12_IranIraq-T11-1">
    <extent>
      <charseq START="1727" END="1738">The next day</charseq>
    </extent>
  </timex2_mention>
</timex2>
<timex2 ID="12_IranIraq-T12"  VAL="1980-09-24">
  <timex2_mention ID="12_IranIraq-T12-1">
    <extent>
      <charseq START="3292" END="3303">24 September</charseq>
    </extent>
  </timex2_mention>
</timex2>
<timex2 ID="12_IranIraq-T13"  VAL="1980-09">
  <timex2_mention ID="12_IranIraq-T13-1">
    <extent>
      <charseq START="3515" END="3523">September</charseq>
    </extent>
  </timex2_mention>
</timex2>
<timex2 ID="12_IranIraq-T14"  VAL="1980-10-01">
  <timex2_mention ID="12_IranIraq-T14-1">
    <extent>
      <charseq START="3706" END="3714">1 October</charseq>
    </extent>
  </timex2_mention>
</timex2>
<timex2 ID="12_IranIraq-T15"  VAL="1980-10-24">
  <timex2_mention ID="12_IranIraq-T15-1">
    <extent>
      <charseq START="3938" END="3947">24 October</charseq>
    </extent>
  </timex2_mention>
</timex2>
<timex2 ID="12_IranIraq-T16"  VAL="1980-11">
  <timex2_mention ID="12_IranIraq-T16-1">
    <extent>
      <charseq START="3983" END="3990">November</charseq>
    </extent>
  </timex2_mention>
</timex2>
<timex2 ID="12_IranIraq-T17"  MOD="APPROX" VAL="1981-03">
  <timex2_mention ID="12_IranIraq-T17-1">
    <extent>
      <charseq START="4650" END="4666">around March 1981</charseq>
    </extent>
  </timex2_mention>
</timex2>
<timex2 ID="12_IranIraq-T18"  COMMENT="EC:EVENT-BASED" VAL="1980-09-22">
  <timex2_mention ID="12_IranIraq-T18-1">
    <extent>
      <charseq START="4737" END="4760">the first day of the war</charseq>
    </extent>
  </timex2_mention>
</timex2>
<timex2 ID="12_IranIraq-T19"  VAL="1980-09-23">
  <timex2_mention ID="12_IranIraq-T19-1">
    <extent>
      <charseq START="5117" END="5128">the next day</charseq>
    </extent>
  </timex2_mention>
</timex2>
<timex2 ID="12_IranIraq-T20"  ANCHOR_DIR="STARTING" ANCHOR_VAL="1980-09-23" VAL="PXD">
  <timex2_mention ID="12_IranIraq-T20-1">
    <extent>
      <charseq START="5183" END="5192">a few days</charseq>
    </extent>
  </timex2_mention>
</timex2>
<timex2 ID="12_IranIraq-T21"  VAL="1980-11">
  <timex2_mention ID="12_IranIraq-T21-1">
    <extent>
      <charseq START="5552" END="5559">November</charseq>
    </extent>
  </timex2_mention>
</timex2>
<timex2 ID="12_IranIraq-T22"  ANCHOR_DIR="STARTING" ANCHOR_VAL="1981-03" COMMENT="EC:EVENT-BASED" MOD="APPROX" VAL="P1Y">
  <timex2_mention ID="12_IranIraq-T22-1">
    <extent>
      <charseq START="5708" END="5767">about a year after the Iraqi offensive stalled in March 1981</charseq>
    </extent>
  </timex2_mention>
</timex2>
<timex2 ID="12_IranIraq-T23"  VAL="1981-03">
  <timex2_mention ID="12_IranIraq-T23-1">
    <extent>
      <charseq START="5758" END="5767">March 1981</charseq>
    </extent>
  </timex2_mention>
</timex2>
<timex2 ID="12_IranIraq-T24"  MOD="MID" VAL="1982-03">
  <timex2_mention ID="12_IranIraq-T24-1">
    <extent>
      <charseq START="5814" END="5827">mid-March 1982</charseq>
    </extent>
  </timex2_mention>
</timex2>
<timex2 ID="12_IranIraq-T25"  VAL="1982-06">
  <timex2_mention ID="12_IranIraq-T25-1">
    <extent>
      <charseq START="5902" END="5910">June 1982</charseq>
    </extent>
  </timex2_mention>
</timex2>
<timex2 ID="12_IranIraq-T26"  VAL="1982-05-24">
  <timex2_mention ID="12_IranIraq-T26-1">
    <extent>
      <charseq START="6138" END="6148">24 May 1982</charseq>
    </extent>
  </timex2_mention>
</timex2>
<timex2 ID="12_IranIraq-T27"  VAL="PRESENT_REF">
  <timex2_mention ID="12_IranIraq-T27-1">
    <extent>
      <charseq START="6425" END="6427">now</charseq>
    </extent>
  </timex2_mention>
</timex2>
<timex2 ID="12_IranIraq-T28"  VAL="1982-06-06">
  <timex2_mention ID="12_IranIraq-T28-1">
    <extent>
      <charseq START="6636" END="6646">6 June 1982</charseq>
    </extent>
  </timex2_mention>
</timex2>
<timex2 ID="12_IranIraq-T29"  VAL="1982-06-20">
  <timex2_mention ID="12_IranIraq-T29-1">
    <extent>
      <charseq START="6853" END="6859">20 June</charseq>
    </extent>
  </timex2_mention>
</timex2>
<timex2 ID="12_IranIraq-T30"  VAL="1982-06-30">
  <timex2_mention ID="12_IranIraq-T30-1">
    <extent>
      <charseq START="6883" END="6889">30 June</charseq>
    </extent>
  </timex2_mention>
</timex2>
<timex2 ID="12_IranIraq-T31"  VAL="1982-06-21">
  <timex2_mention ID="12_IranIraq-T31-1">
    <extent>
      <charseq START="7527" END="7533">21 June</charseq>
    </extent>
  </timex2_mention>
</timex2>
<timex2 ID="12_IranIraq-T32"  VAL="1982-06-22">
  <timex2_mention ID="12_IranIraq-T32-1">
    <extent>
      <charseq START="7599" END="7605">22 June</charseq>
    </extent>
  </timex2_mention>
</timex2>
<timex2 ID="12_IranIraq-T33"  VAL="1982-07-13">
  <timex2_mention ID="12_IranIraq-T33-1">
    <extent>
      <charseq START="8730" END="8736">13 July</charseq>
    </extent>
  </timex2_mention>
</timex2>
<timex2 ID="12_IranIraq-T34"  VAL="1980">
  <timex2_mention ID="12_IranIraq-T34-1">
    <extent>
      <charseq START="9026" END="9029">1980</charseq>
    </extent>
  </timex2_mention>
</timex2>
<timex2 ID="12_IranIraq-T35"  VAL="1981">
  <timex2_mention ID="12_IranIraq-T35-1">
    <extent>
      <charseq START="9031" END="9034">1981</charseq>
    </extent>
  </timex2_mention>
</timex2>
<timex2 ID="12_IranIraq-T36"  VAL="1981">
  <timex2_mention ID="12_IranIraq-T36-1">
    <extent>
      <charseq START="9319" END="9322">1981</charseq>
    </extent>
  </timex2_mention>
</timex2>
<timex2 ID="12_IranIraq-T37"  VAL="1985">
  <timex2_mention ID="12_IranIraq-T37-1">
    <extent>
      <charseq START="9388" END="9391">1985</charseq>
    </extent>
  </timex2_mention>
</timex2>
<timex2 ID="12_IranIraq-T38"  VAL="PRESENT_REF">
  <timex2_mention ID="12_IranIraq-T38-1">
    <extent>
      <charseq START="9744" END="9746">now</charseq>
    </extent>
  </timex2_mention>
</timex2>
<timex2 ID="12_IranIraq-T39"  VAL="1982">
  <timex2_mention ID="12_IranIraq-T39-1">
    <extent>
      <charseq START="9951" END="9954">1982</charseq>
    </extent>
  </timex2_mention>
</timex2>
<timex2 ID="12_IranIraq-T40"  VAL="1983">
  <timex2_mention ID="12_IranIraq-T40-1">
    <extent>
      <charseq START="10413" END="10416">1983</charseq>
    </extent>
  </timex2_mention>
</timex2>
<timex2 ID="12_IranIraq-T41"  VAL="1985">
  <timex2_mention ID="12_IranIraq-T41-1">
    <extent>
      <charseq START="10418" END="10421">1985</charseq>
    </extent>
  </timex2_mention>
</timex2>
<timex2 ID="12_IranIraq-T42"  VAL="1982-SU">
  <timex2_mention ID="12_IranIraq-T42-1">
    <extent>
      <charseq START="10513" END="10523">1982 summer</charseq>
    </extent>
  </timex2_mention>
</timex2>
<timex2 ID="12_IranIraq-T43"  VAL="1983">
  <timex2_mention ID="12_IranIraq-T43-1">
    <extent>
      <charseq START="11121" END="11124">1983</charseq>
    </extent>
  </timex2_mention>
</timex2>
<timex2 ID="12_IranIraq-T44"  VAL="1984-02">
  <timex2_mention ID="12_IranIraq-T44-1">
    <extent>
      <charseq START="11275" END="11287">February 1984</charseq>
    </extent>
  </timex2_mention>
</timex2>
<timex2 ID="12_IranIraq-T45"  VAL="1984-02-22">
  <timex2_mention ID="12_IranIraq-T45-1">
    <extent>
      <charseq START="11408" END="11423">22 February 1984</charseq>
    </extent>
  </timex2_mention>
</timex2>
<timex2 ID="12_IranIraq-T46"  VAL="1984-02-15">
  <timex2_mention ID="12_IranIraq-T46-1">
    <extent>
      <charseq START="11687" END="11697">15 February</charseq>
    </extent>
  </timex2_mention>
</timex2>
<timex2 ID="12_IranIraq-T47"  VAL="1984-02-15">
  <timex2_mention ID="12_IranIraq-T47-1">
    <extent>
      <charseq START="11870" END="11871">15</charseq>
    </extent>
  </timex2_mention>
</timex2>
<timex2 ID="12_IranIraq-T48"  VAL="1984-02-22">
  <timex2_mention ID="12_IranIraq-T48-1">
    <extent>
      <charseq START="11876" END="11886">22 February</charseq>
    </extent>
  </timex2_mention>
</timex2>
<timex2 ID="12_IranIraq-T49"  VAL="1984-02-22">
  <timex2_mention ID="12_IranIraq-T49-1">
    <extent>
      <charseq START="11914" END="11915">22</charseq>
    </extent>
  </timex2_mention>
</timex2>
<timex2 ID="12_IranIraq-T50"  VAL="1984-02-24">
  <timex2_mention ID="12_IranIraq-T50-1">
    <extent>
      <charseq START="11920" END="11930">24 February</charseq>
    </extent>
  </timex2_mention>
</timex2>
<timex2 ID="12_IranIraq-T51"  VAL="1984-02-24">
  <timex2_mention ID="12_IranIraq-T51-1">
    <extent>
      <charseq START="12411" END="12425">the 24 February</charseq>
    </extent>
  </timex2_mention>
</timex2>
<timex2 ID="12_IranIraq-T52"  VAL="1984-03-19">
  <timex2_mention ID="12_IranIraq-T52-1">
    <extent>
      <charseq START="12444" END="12451">19 March</charseq>
    </extent>
  </timex2_mention>
</timex2>
<timex2 ID="12_IranIraq-T53"  VAL="1984-02-15">
  <timex2_mention ID="12_IranIraq-T53-1">
    <extent>
      <charseq START="12504" END="12514">15 February</charseq>
    </extent>
  </timex2_mention>
</timex2>
<timex2 ID="12_IranIraq-T54"  VAL="1985-01">
  <timex2_mention ID="12_IranIraq-T54-1">
    <extent>
      <charseq START="12855" END="12866">January 1985</charseq>
    </extent>
  </timex2_mention>
</timex2>
<timex2 ID="12_IranIraq-T55"  VAL="1986-02">
  <timex2_mention ID="12_IranIraq-T55-1">
    <extent>
      <charseq START="12870" END="12882">February 1986</charseq>
    </extent>
  </timex2_mention>
</timex2>
<timex2 ID="12_IranIraq-T56"  VAL="PRESENT_REF">
  <timex2_mention ID="12_IranIraq-T56-1">
    <extent>
      <charseq START="12945" END="12947">now</charseq>
    </extent>
  </timex2_mention>
</timex2>
<timex2 ID="12_IranIraq-T57"  VAL="1985-01-28">
  <timex2_mention ID="12_IranIraq-T57-1">
    <extent>
      <charseq START="13159" END="13173">28 January 1985</charseq>
    </extent>
  </timex2_mention>
</timex2>
<timex2 ID="12_IranIraq-T58"  MOD="START" VAL="1980">
  <timex2_mention ID="12_IranIraq-T58-1">
    <extent>
      <charseq START="13201" END="13210">early 1980</charseq>
    </extent>
  </timex2_mention>
</timex2>
<timex2 ID="12_IranIraq-T59"  VAL="1985-03-11">
  <timex2_mention ID="12_IranIraq-T59-1">
    <extent>
      <charseq START="13390" END="13402">11 March 1985</charseq>
    </extent>
  </timex2_mention>
</timex2>
<timex2 ID="12_IranIraq-T60" >
  <timex2_mention ID="12_IranIraq-T60-1">
    <extent>
      <charseq START="13677" END="13687">a long time</charseq>
    </extent>
  </timex2_mention>
</timex2>
<timex2 ID="12_IranIraq-T61"  ANCHOR_DIR="WITHIN" ANCHOR_VAL="1985-03" VAL="PRESENT_REF">
  <timex2_mention ID="12_IranIraq-T61-1">
    <extent>
      <charseq START="13771" END="13779">this time</charseq>
    </extent>
  </timex2_mention>
</timex2>
<timex2 ID="12_IranIraq-T62"  VAL="1984">
  <timex2_mention ID="12_IranIraq-T62-1">
    <extent>
      <charseq START="13839" END="13842">1984</charseq>
    </extent>
  </timex2_mention>
</timex2>
<timex2 ID="12_IranIraq-T63"  VAL="1984">
  <timex2_mention ID="12_IranIraq-T63-1">
    <extent>
      <charseq START="14601" END="14604">1984</charseq>
    </extent>
  </timex2_mention>
</timex2>
<timex2 ID="12_IranIraq-T64"  VAL="1982">
  <timex2_mention ID="12_IranIraq-T64-1">
    <extent>
      <charseq START="14908" END="14911">1982</charseq>
    </extent>
  </timex2_mention>
</timex2>
<timex2 ID="12_IranIraq-T65"  VAL="1967">
  <timex2_mention ID="12_IranIraq-T65-1">
    <extent>
      <charseq START="15112" END="15115">1967</charseq>
    </extent>
  </timex2_mention>
</timex2>
<timex2 ID="12_IranIraq-T66"  ANCHOR_DIR="WITHIN" ANCHOR_VAL="1967" VAL="P6D">
  <timex2_mention ID="12_IranIraq-T66-1">
    <extent>
      <charseq START="15117" END="15123">Six-Day</charseq>
    </extent>
  </timex2_mention>
</timex2>
<timex2 ID="12_IranIraq-T67"  VAL="1982-06">
  <timex2_mention ID="12_IranIraq-T67-1">
    <extent>
      <charseq START="15693" END="15702">June, 1982</charseq>
    </extent>
  </timex2_mention>
</timex2>
<timex2 ID="12_IranIraq-T68"  VAL="1986-11-01">
  <timex2_mention ID="12_IranIraq-T68-1">
    <extent>
      <charseq START="15964" END="15978">1 November 1986</charseq>
    </extent>
  </timex2_mention>
</timex2>
<timex2 ID="12_IranIraq-T69"  VAL="1987">
  <timex2_mention ID="12_IranIraq-T69-1">
    <extent>
      <charseq START="16103" END="16106">1987</charseq>
    </extent>
  </timex2_mention>
</timex2>
<timex2 ID="12_IranIraq-T70"  VAL="1987-03-07">
  <timex2_mention ID="12_IranIraq-T70-1">
    <extent>
      <charseq START="16197" END="16208">7 March 1987</charseq>
    </extent>
  </timex2_mention>
</timex2>
<timex2 ID="12_IranIraq-T71"  COMMENT="EC:EVENT-BASED">
  <timex2_mention ID="12_IranIraq-T71-1">
    <extent>
      <charseq START="16516" END="16538">the duration of the war</charseq>
    </extent>
  </timex2_mention>
</timex2>
<timex2 ID="12_IranIraq-T72"  VAL="1987-05-17">
  <timex2_mention ID="12_IranIraq-T72-1">
    <extent>
      <charseq START="16573" END="16583">17 May 1987</charseq>
    </extent>
  </timex2_mention>
</timex2>
<timex2 ID="12_IranIraq-T73" >
  <timex2_mention ID="12_IranIraq-T73-1">
    <extent>
      <charseq START="16831" END="16843">moments later</charseq>
    </extent>
  </timex2_mention>
</timex2>
<timex2 ID="12_IranIraq-T74"  VAL="1987-07-20">
  <timex2_mention ID="12_IranIraq-T74-1">
    <extent>
      <charseq START="17334" END="17340">20 July</charseq>
    </extent>
  </timex2_mention>
</timex2>
<timex2 ID="12_IranIraq-T75"  VAL="1987-10">
  <timex2_mention ID="12_IranIraq-T75-1">
    <extent>
      <charseq START="17428" END="17439">October 1987</charseq>
    </extent>
  </timex2_mention>
</timex2>
<timex2 ID="12_IranIraq-T76"  VAL="1988-04-14">
  <timex2_mention ID="12_IranIraq-T76-1">
    <extent>
      <charseq START="17572" END="17584">14 April 1988</charseq>
    </extent>
  </timex2_mention>
</timex2>
<timex2 ID="12_IranIraq-T77"  VAL="1988-04-18">
  <timex2_mention ID="12_IranIraq-T77-1">
    <extent>
      <charseq START="17748" END="17755">18 April</charseq>
    </extent>
  </timex2_mention>
</timex2>
<timex2 ID="12_IranIraq-T78"  VAL="1988-07-03">
  <timex2_mention ID="12_IranIraq-T78-1">
    <extent>
      <charseq START="18153" END="18163">3 July 1988</charseq>
    </extent>
  </timex2_mention>
</timex2>
<timex2 ID="12_IranIraq-T79" >
  <timex2_mention ID="12_IranIraq-T79-1">
    <extent>
      <charseq START="18326" END="18333">the time</charseq>
    </extent>
  </timex2_mention>
</timex2>
<timex2 ID="12_IranIraq-T80" >
  <timex2_mention ID="12_IranIraq-T80-1">
    <extent>
      <charseq START="18741" END="18748">the time</charseq>
    </extent>
  </timex2_mention>
</timex2>
<timex2 ID="12_IranIraq-T81"  COMMENT="EC:EVENT-BASED">
  <timex2_mention ID="12_IranIraq-T81-1">
    <extent>
      <charseq START="19389" END="19441">the time USS Vincennes shot down the Iranian airliner</charseq>
    </extent>
  </timex2_mention>
</timex2>
<timex2 ID="12_IranIraq-T82"  VAL="1996">
  <timex2_mention ID="12_IranIraq-T82-1">
    <extent>
      <charseq START="19484" END="19487">1996</charseq>
    </extent>
  </timex2_mention>
</timex2>
<timex2 ID="12_IranIraq-T83"  VAL="1988-07">
  <timex2_mention ID="12_IranIraq-T83-1">
    <extent>
      <charseq START="19985" END="19993">July 1988</charseq>
    </extent>
  </timex2_mention>
</timex2>
<timex2 ID="12_IranIraq-T84"  VAL="1985">
  <timex2_mention ID="12_IranIraq-T84-1">
    <extent>
      <charseq START="20815" END="20818">1985</charseq>
    </extent>
  </timex2_mention>
</timex2>
<timex2 ID="12_IranIraq-T85"  VAL="1986-10">
  <timex2_mention ID="12_IranIraq-T85-1">
    <extent>
      <charseq START="21133" END="21144">October 1986</charseq>
    </extent>
  </timex2_mention>
</timex2>
<timex2 ID="12_IranIraq-T86"  MOD="START" VAL="1987">
  <timex2_mention ID="12_IranIraq-T86-1">
    <extent>
      <charseq START="21353" END="21362">early 1987</charseq>
    </extent>
  </timex2_mention>
</timex2>
<timex2 ID="12_IranIraq-T87"  ANCHOR_DIR="WITHIN" ANCHOR_VAL="1987" VAL="P42D">
  <timex2_mention ID="12_IranIraq-T87-1">
    <extent>
      <charseq START="21434" END="21440">42 days</charseq>
    </extent>
  </timex2_mention>
</timex2>
<timex2 ID="12_IranIraq-T88"  VAL="1987">
  <timex2_mention ID="12_IranIraq-T88-1">
    <extent>
      <charseq START="21786" END="21789">1987</charseq>
    </extent>
  </timex2_mention>
</timex2>
<timex2 ID="12_IranIraq-T89"  ANCHOR_DIR="WITHIN" ANCHOR_VAL="1987" VAL="P1.5M">
  <timex2_mention ID="12_IranIraq-T89-1">
    <extent>
      <charseq START="21958" END="21978">month-and-a-half long</charseq>
    </extent>
  </timex2_mention>
</timex2>
<timex2 ID="12_IranIraq-T90"  VAL="1987">
  <timex2_mention ID="12_IranIraq-T90-1">
    <extent>
      <charseq START="22046" END="22062">later in the year</charseq>
    </extent>
  </timex2_mention>
</timex2>
<timex2 ID="12_IranIraq-T91"  VAL="1987">
  <timex2_mention ID="12_IranIraq-T91-1">
    <extent>
      <charseq START="22301" END="22304">1987</charseq>
    </extent>
  </timex2_mention>
</timex2>
<timex2 ID="12_IranIraq-T92"  VAL="1987-07-20">
  <timex2_mention ID="12_IranIraq-T92-1">
    <extent>
      <charseq START="22339" END="22345">20 July</charseq>
    </extent>
  </timex2_mention>
</timex2>
<timex2 ID="12_IranIraq-T93"  VAL="1988-04">
  <timex2_mention ID="12_IranIraq-T93-1">
    <extent>
      <charseq START="22725" END="22734">April 1988</charseq>
    </extent>
  </timex2_mention>
</timex2>
<timex2 ID="12_IranIraq-T94"  VAL="1986">
  <timex2_mention ID="12_IranIraq-T94-1">
    <extent>
      <charseq START="22927" END="22930">1986</charseq>
    </extent>
  </timex2_mention>
</timex2>
<timex2 ID="12_IranIraq-T95"  VAL="1988-07">
  <timex2_mention ID="12_IranIraq-T95-1">
    <extent>
      <charseq START="23102" END="23110">July 1988</charseq>
    </extent>
  </timex2_mention>
</timex2>
<timex2 ID="12_IranIraq-T96"  VAL="1988-03">
  <timex2_mention ID="12_IranIraq-T96-1">
    <extent>
      <charseq START="23218" END="23236">four months earlier</charseq>
    </extent>
  </timex2_mention>
</timex2>
<timex2 ID="12_IranIraq-T97"  VAL="1988-08-20">
  <timex2_mention ID="12_IranIraq-T97-1">
    <extent>
      <charseq START="23615" END="23628">20 August 1988</charseq>
    </extent>
  </timex2_mention>
</timex2>
<timex2 ID="12_IranIraq-T98"  ANCHOR_DIR="WITHIN" ANCHOR_VAL="1988" VAL="P10D">
  <timex2_mention ID="12_IranIraq-T98-1">
    <extent>
      <charseq START="23695" END="23701">ten-day</charseq>
    </extent>
  </timex2_mention>
</timex2>
</document>
</source_file>
