<?xml version="1.0"?>
<!DOCTYPE source_file SYSTEM "apf.v5.1.2.dtd">
<source_file URI="keyinline/13_RussianCivWar.key.xml" SOURCE="13_wikipedia" TYPE="text">
<document DOCID="13_RussianCivWar">
<timex2 ID="13_RussianCivWar-T1"  VAL="2009-12-19T17:00:00">
  <timex2_mention ID="13_RussianCivWar-T1-1">
    <extent>
      <charseq START="37" END="55">2009-12-19T17:00:00</charseq>
    </extent>
  </timex2_mention>
</timex2>
<timex2 ID="13_RussianCivWar-T2"  VAL="1917">
  <timex2_mention ID="13_RussianCivWar-T2-1">
    <extent>
      <charseq START="59" END="62">1917</charseq>
    </extent>
  </timex2_mention>
</timex2>
<timex2 ID="13_RussianCivWar-T3"  VAL="1917-10">
  <timex2_mention ID="13_RussianCivWar-T3-1">
    <extent>
      <charseq START="164" END="176">October, 1917</charseq>
    </extent>
  </timex2_mention>
</timex2>
<timex2 ID="13_RussianCivWar-T4"  VAL="1917-11">
  <timex2_mention ID="13_RussianCivWar-T4-1">
    <extent>
      <charseq START="636" END="643">November</charseq>
    </extent>
  </timex2_mention>
</timex2>
<timex2 ID="13_RussianCivWar-T5"  VAL="1917-12">
  <timex2_mention ID="13_RussianCivWar-T5-1">
    <extent>
      <charseq START="839" END="846">December</charseq>
    </extent>
  </timex2_mention>
</timex2>
<timex2 ID="13_RussianCivWar-T6"  VAL="1917-12">
  <timex2_mention ID="13_RussianCivWar-T6-1">
    <extent>
      <charseq START="1135" END="1147">December 1917</charseq>
    </extent>
  </timex2_mention>
</timex2>
<timex2 ID="13_RussianCivWar-T7"  VAL="1918">
  <timex2_mention ID="13_RussianCivWar-T7-1">
    <extent>
      <charseq START="1151" END="1154">1918</charseq>
    </extent>
  </timex2_mention>
</timex2>
<timex2 ID="13_RussianCivWar-T8"  VAL="1918-01">
  <timex2_mention ID="13_RussianCivWar-T8-1">
    <extent>
      <charseq START="1160" END="1166">January</charseq>
    </extent>
  </timex2_mention>
</timex2>
<timex2 ID="13_RussianCivWar-T9"  VAL="1918-01-26">
  <timex2_mention ID="13_RussianCivWar-T9-1">
    <extent>
      <charseq START="1439" END="1448">26 January</charseq>
    </extent>
  </timex2_mention>
</timex2>
<timex2 ID="13_RussianCivWar-T10"  VAL="1918-01-28">
  <timex2_mention ID="13_RussianCivWar-T10-1">
    <extent>
      <charseq START="1667" END="1681">28 January 1918</charseq>
    </extent>
  </timex2_mention>
</timex2>
<timex2 ID="13_RussianCivWar-T11"  VAL="1918-02-23">
  <timex2_mention ID="13_RussianCivWar-T11-1">
    <extent>
      <charseq START="1806" END="1821">23 February 1918</charseq>
    </extent>
  </timex2_mention>
</timex2>
<timex2 ID="13_RussianCivWar-T12"  VAL="1918-02-22">
  <timex2_mention ID="13_RussianCivWar-T12-1">
    <extent>
      <charseq START="1824" END="1837">The day before</charseq>
    </extent>
  </timex2_mention>
</timex2>
<timex2 ID="13_RussianCivWar-T13"  VAL="1918-04-13">
  <timex2_mention ID="13_RussianCivWar-T13-1">
    <extent>
      <charseq START="2039" END="2046">13 April</charseq>
    </extent>
  </timex2_mention>
</timex2>
<timex2 ID="13_RussianCivWar-T14"  ANCHOR_DIR="STARTING" ANCHOR_VAL="1918-04-13" VAL="PXM">
  <timex2_mention ID="13_RussianCivWar-T14-1">
    <extent>
      <charseq START="2105" END="2123">the next few months</charseq>
    </extent>
  </timex2_mention>
</timex2>
<timex2 ID="13_RussianCivWar-T15"  VAL="1918-02-18">
  <timex2_mention ID="13_RussianCivWar-T15-1">
    <extent>
      <charseq START="2149" END="2159">18 February</charseq>
    </extent>
  </timex2_mention>
</timex2>
<timex2 ID="13_RussianCivWar-T16"  ANCHOR_DIR="STARTING" ANCHOR_VAL="1918-02-18" VAL="P11D">
  <timex2_mention ID="13_RussianCivWar-T16-1">
    <extent>
      <charseq START="2375" END="2385">eleven days</charseq>
    </extent>
  </timex2_mention>
</timex2>
<timex2 ID="13_RussianCivWar-T17"  VAL="1918-03-03">
  <timex2_mention ID="13_RussianCivWar-T17-1">
    <extent>
      <charseq START="2580" END="2593">3rd March 1918</charseq>
    </extent>
  </timex2_mention>
</timex2>
<timex2 ID="13_RussianCivWar-T18"  MOD="MID" VAL="1918-04">
  <timex2_mention ID="13_RussianCivWar-T18-1">
    <extent>
      <charseq START="3302" END="3310">mid April</charseq>
    </extent>
  </timex2_mention>
</timex2>
<timex2 ID="13_RussianCivWar-T19"  VAL="1918-04-XXTNI">
  <timex2_mention ID="13_RussianCivWar-T19-1">
    <extent>
      <charseq START="3359" END="3363">night</charseq>
    </extent>
  </timex2_mention>
</timex2>
<timex2 ID="13_RussianCivWar-T20"  MOD="END" VAL="1918-04">
  <timex2_mention ID="13_RussianCivWar-T20-1">
    <extent>
      <charseq START="3475" END="3490">the end of April</charseq>
    </extent>
  </timex2_mention>
</timex2>
<timex2 ID="13_RussianCivWar-T21"  VAL="1918-04-13">
  <timex2_mention ID="13_RussianCivWar-T21-1">
    <extent>
      <charseq START="3561" END="3568">13 April</charseq>
    </extent>
  </timex2_mention>
</timex2>
<timex2 ID="13_RussianCivWar-T22"  VAL="1918-07-25">
  <timex2_mention ID="13_RussianCivWar-T22-1">
    <extent>
      <charseq START="3587" END="3599">25 July, 1918</charseq>
    </extent>
  </timex2_mention>
</timex2>
<timex2 ID="13_RussianCivWar-T23"  VAL="1918-07-25">
  <timex2_mention ID="13_RussianCivWar-T23-1">
    <extent>
      <charseq START="3914" END="3920">25 July</charseq>
    </extent>
  </timex2_mention>
</timex2>
<timex2 ID="13_RussianCivWar-T24"  MOD="END" VAL="1918-05">
  <timex2_mention ID="13_RussianCivWar-T24-1">
    <extent>
      <charseq START="4101" END="4114">the end of May</charseq>
    </extent>
  </timex2_mention>
</timex2>
<timex2 ID="13_RussianCivWar-T25"  VAL="1917-10">
  <timex2_mention ID="13_RussianCivWar-T25-1">
    <extent>
      <charseq START="4313" END="4324">October 1917</charseq>
    </extent>
  </timex2_mention>
</timex2>
<timex2 ID="13_RussianCivWar-T26"  VAL="1918">
  <timex2_mention ID="13_RussianCivWar-T26-1">
    <extent>
      <charseq START="4344" END="4347">1918</charseq>
    </extent>
  </timex2_mention>
</timex2>
<timex2 ID="13_RussianCivWar-T27"  ANCHOR_DIR="BEFORE" ANCHOR_VAL="1918" VAL="PAST_REF">
  <timex2_mention ID="13_RussianCivWar-T27-1">
    <extent>
      <charseq START="4409" END="4414">former</charseq>
    </extent>
  </timex2_mention>
</timex2>
<timex2 ID="13_RussianCivWar-T28"  VAL="1918-06">
  <timex2_mention ID="13_RussianCivWar-T28-1">
    <extent>
      <charseq START="4852" END="4860">June 1918</charseq>
    </extent>
  </timex2_mention>
</timex2>
<timex2 ID="13_RussianCivWar-T29"  ANCHOR_DIR="STARTING" ANCHOR_VAL="1918-06" MOD="EQUAL_OR_LESS" VAL="P1M">
  <timex2_mention ID="13_RussianCivWar-T29-1">
    <extent>
      <charseq START="4885" END="4891">a month</charseq>
    </extent>
  </timex2_mention>
</timex2>
<timex2 ID="13_RussianCivWar-T30"  MOD="END" VAL="1918-07">
  <timex2_mention ID="13_RussianCivWar-T30-1">
    <extent>
      <charseq START="5015" END="5029">the end of July</charseq>
    </extent>
  </timex2_mention>
</timex2>
<timex2 ID="13_RussianCivWar-T31"  VAL="1918-07-26">
  <timex2_mention ID="13_RussianCivWar-T31-1">
    <extent>
      <charseq START="5088" END="5099">26 July 1918</charseq>
    </extent>
  </timex2_mention>
</timex2>
<timex2 ID="13_RussianCivWar-T32"  VAL="1918-07-17">
  <timex2_mention ID="13_RussianCivWar-T32-1">
    <extent>
      <charseq START="5146" END="5157">17 July 1918</charseq>
    </extent>
  </timex2_mention>
</timex2>
<timex2 ID="13_RussianCivWar-T33"  ANCHOR_DIR="BEFORE" ANCHOR_VAL="1918-07-17" VAL="PAST_REF">
  <timex2_mention ID="13_RussianCivWar-T33-1">
    <extent>
      <charseq START="5165" END="5170">former</charseq>
    </extent>
  </timex2_mention>
</timex2>
<timex2 ID="13_RussianCivWar-T34"  VAL="1918-05">
  <timex2_mention ID="13_RussianCivWar-T34-1">
    <extent>
      <charseq START="5407" END="5414">May 1918</charseq>
    </extent>
  </timex2_mention>
</timex2>
<timex2 ID="13_RussianCivWar-T35"  VAL="1918-07">
  <timex2_mention ID="13_RussianCivWar-T35-1">
    <extent>
      <charseq START="5583" END="5586">July</charseq>
    </extent>
  </timex2_mention>
</timex2>
<timex2 ID="13_RussianCivWar-T36"  VAL="P1DT">
  <timex2_mention ID="13_RussianCivWar-T36-1">
    <extent>
      <charseq START="5807" END="5831">an eight-hour working day</charseq>
    </extent>
  </timex2_mention>
</timex2>
<timex2 ID="13_RussianCivWar-T37"  VAL="PT8H">
  <timex2_mention ID="13_RussianCivWar-T37-1">
    <extent>
      <charseq START="5810" END="5819">eight-hour</charseq>
    </extent>
  </timex2_mention>
</timex2>
<timex2 ID="13_RussianCivWar-T38"  VAL="PAST_REF">
  <timex2_mention ID="13_RussianCivWar-T38-1">
    <extent>
      <charseq START="5913" END="5918">former</charseq>
    </extent>
  </timex2_mention>
</timex2>
<timex2 ID="13_RussianCivWar-T39"  VAL="1918-07">
  <timex2_mention ID="13_RussianCivWar-T39-1">
    <extent>
      <charseq START="5931" END="5934">July</charseq>
    </extent>
  </timex2_mention>
</timex2>
<timex2 ID="13_RussianCivWar-T40"  VAL="1918-08">
  <timex2_mention ID="13_RussianCivWar-T40-1">
    <extent>
      <charseq START="7225" END="7230">August</charseq>
    </extent>
  </timex2_mention>
</timex2>
<timex2 ID="13_RussianCivWar-T41"  VAL="1918-09">
  <timex2_mention ID="13_RussianCivWar-T41-1">
    <extent>
      <charseq START="7666" END="7679">September 1918</charseq>
    </extent>
  </timex2_mention>
</timex2>
<timex2 ID="13_RussianCivWar-T42"  VAL="1918-10">
  <timex2_mention ID="13_RussianCivWar-T42-1">
    <extent>
      <charseq START="7967" END="7973">October</charseq>
    </extent>
  </timex2_mention>
</timex2>
<timex2 ID="13_RussianCivWar-T43"  VAL="1918-11-18">
  <timex2_mention ID="13_RussianCivWar-T43-1">
    <extent>
      <charseq START="8233" END="8243">18 November</charseq>
    </extent>
  </timex2_mention>
</timex2>
<timex2 ID="13_RussianCivWar-T44"  VAL="1918-12">
  <timex2_mention ID="13_RussianCivWar-T44-1">
    <extent>
      <charseq START="8874" END="8886">December 1918</charseq>
    </extent>
  </timex2_mention>
</timex2>
<timex2 ID="13_RussianCivWar-T45"  VAL="1919">
  <timex2_mention ID="13_RussianCivWar-T45-1">
    <extent>
      <charseq START="8943" END="8946">1919</charseq>
    </extent>
  </timex2_mention>
</timex2>
<timex2 ID="13_RussianCivWar-T46"  ANCHOR_DIR="AS_OF" ANCHOR_VAL="1919" VAL="PRESENT_REF">
  <timex2_mention ID="13_RussianCivWar-T46-1">
    <extent>
      <charseq START="8963" END="8965">now</charseq>
    </extent>
  </timex2_mention>
</timex2>
<timex2 ID="13_RussianCivWar-T47"  COMMENT="EC:EVENT-BASED" VAL="1919">
  <timex2_mention ID="13_RussianCivWar-T47-1">
    <extent>
      <charseq START="8975" END="9003">the key year of the Civil War</charseq>
    </extent>
  </timex2_mention>
</timex2>
<timex2 ID="13_RussianCivWar-T48"  ANCHOR_DIR="AS_OF" ANCHOR_VAL="2009-12-19T17:00:00" VAL="PRESENT_REF">
  <timex2_mention ID="13_RussianCivWar-T48-1">
    <extent>
      <charseq START="9130" END="9132">now</charseq>
    </extent>
  </timex2_mention>
</timex2>
<timex2 ID="13_RussianCivWar-T49"  VAL="1918-11">
  <timex2_mention ID="13_RussianCivWar-T49-1">
    <extent>
      <charseq START="9544" END="9556">November 1918</charseq>
    </extent>
  </timex2_mention>
</timex2>
<timex2 ID="13_RussianCivWar-T50"  VAL="1919-04-08">
  <timex2_mention ID="13_RussianCivWar-T50-1">
    <extent>
      <charseq START="9914" END="9925">8 April 1919</charseq>
    </extent>
  </timex2_mention>
</timex2>
<timex2 ID="13_RussianCivWar-T51"  MOD="END" VAL="1917">
  <timex2_mention ID="13_RussianCivWar-T51-1">
    <extent>
      <charseq START="10006" END="10020">the end of 1917</charseq>
    </extent>
  </timex2_mention>
</timex2>
<timex2 ID="13_RussianCivWar-T52"  VAL="1919">
  <timex2_mention ID="13_RussianCivWar-T52-1">
    <extent>
      <charseq START="10026" END="10029">1919</charseq>
    </extent>
  </timex2_mention>
</timex2>
<timex2 ID="13_RussianCivWar-T53"  VAL="1919-01">
  <timex2_mention ID="13_RussianCivWar-T53-1">
    <extent>
      <charseq START="10135" END="10146">January 1919</charseq>
    </extent>
  </timex2_mention>
</timex2>
<timex2 ID="13_RussianCivWar-T54"  VAL="1919-02-03">
  <timex2_mention ID="13_RussianCivWar-T54-1">
    <extent>
      <charseq START="10262" END="10276">3 February 1919</charseq>
    </extent>
  </timex2_mention>
</timex2>
<timex2 ID="13_RussianCivWar-T55"  VAL="1919-07">
  <timex2_mention ID="13_RussianCivWar-T55-1">
    <extent>
      <charseq START="10484" END="10487">July</charseq>
    </extent>
  </timex2_mention>
</timex2>
<timex2 ID="13_RussianCivWar-T56"  VAL="1919-01-27">
  <timex2_mention ID="13_RussianCivWar-T56-1">
    <extent>
      <charseq START="10854" END="10868">27 January 1919</charseq>
    </extent>
  </timex2_mention>
</timex2>
<timex2 ID="13_RussianCivWar-T57"  MOD="MID" VAL="1919-SU">
  <timex2_mention ID="13_RussianCivWar-T57-1">
    <extent>
      <charseq START="10971" END="10990">the middle of summer</charseq>
    </extent>
  </timex2_mention>
</timex2>
<timex2 ID="13_RussianCivWar-T58"  VAL="1920-WI">
  <timex2_mention ID="13_RussianCivWar-T58-1">
    <extent>
      <charseq START="11242" END="11247">winter</charseq>
    </extent>
  </timex2_mention>
</timex2>
<timex2 ID="13_RussianCivWar-T59"  VAL="1919-11-14">
  <timex2_mention ID="13_RussianCivWar-T59-1">
    <extent>
      <charseq START="11282" END="11297">14 November 1919</charseq>
    </extent>
  </timex2_mention>
</timex2>
<timex2 ID="13_RussianCivWar-T60"  VAL="1919-12">
  <timex2_mention ID="13_RussianCivWar-T60-1">
    <extent>
      <charseq START="11462" END="11469">December</charseq>
    </extent>
  </timex2_mention>
</timex2>
<timex2 ID="13_RussianCivWar-T61"  VAL="1919">
  <timex2_mention ID="13_RussianCivWar-T61-1">
    <extent>
      <charseq START="11678" END="11681">1919</charseq>
    </extent>
  </timex2_mention>
</timex2>
<timex2 ID="13_RussianCivWar-T62"  MOD="START" VAL="1919-SU">
  <timex2_mention ID="13_RussianCivWar-T62-1">
    <extent>
      <charseq START="12483" END="12498">the early summer</charseq>
    </extent>
  </timex2_mention>
</timex2>
<timex2 ID="13_RussianCivWar-T63"  ANCHOR_DIR="AS_OF" ANCHOR_VAL="1920-SU" VAL="PRESENT_REF">
  <timex2_mention ID="13_RussianCivWar-T63-1">
    <extent>
      <charseq START="12520" END="12522">now</charseq>
    </extent>
  </timex2_mention>
</timex2>
<timex2 ID="13_RussianCivWar-T64"  VAL="1919-06-17">
  <timex2_mention ID="13_RussianCivWar-T64-1">
    <extent>
      <charseq START="12709" END="12720">17 June 1919</charseq>
    </extent>
  </timex2_mention>
</timex2>
<timex2 ID="13_RussianCivWar-T65"  VAL="1919-SU">
  <timex2_mention ID="13_RussianCivWar-T65-1">
    <extent>
      <charseq START="12935" END="12953">Later in the summer</charseq>
    </extent>
  </timex2_mention>
</timex2>
<timex2 ID="13_RussianCivWar-T66"  VAL="1919-09-02">
  <timex2_mention ID="13_RussianCivWar-T66-1">
    <extent>
      <charseq START="13149" END="13164">2 September 1919</charseq>
    </extent>
  </timex2_mention>
</timex2>
<timex2 ID="13_RussianCivWar-T67"  VAL="1919-10-24">
  <timex2_mention ID="13_RussianCivWar-T67-1">
    <extent>
      <charseq START="13275" END="13284">24 October</charseq>
    </extent>
  </timex2_mention>
</timex2>
<timex2 ID="13_RussianCivWar-T68"  VAL="1919-10">
  <timex2_mention ID="13_RussianCivWar-T68-1">
    <extent>
      <charseq START="14025" END="14031">October</charseq>
    </extent>
  </timex2_mention>
</timex2>
<timex2 ID="13_RussianCivWar-T69"  VAL="1919-11">
  <timex2_mention ID="13_RussianCivWar-T69-1">
    <extent>
      <charseq START="14037" END="14049">November 1919</charseq>
    </extent>
  </timex2_mention>
</timex2>
<timex2 ID="13_RussianCivWar-T70"  VAL="1919-12-17">
  <timex2_mention ID="13_RussianCivWar-T70-1">
    <extent>
      <charseq START="14084" END="14094">17 December</charseq>
    </extent>
  </timex2_mention>
</timex2>
<timex2 ID="13_RussianCivWar-T71"  VAL="1919-SP">
  <timex2_mention ID="13_RussianCivWar-T71-1">
    <extent>
      <charseq START="14936" END="14945">the spring</charseq>
    </extent>
  </timex2_mention>
</timex2>
<timex2 ID="13_RussianCivWar-T72"  VAL="1919-SU">
  <timex2_mention ID="13_RussianCivWar-T72-1">
    <extent>
      <charseq START="14951" END="14956">summer</charseq>
    </extent>
  </timex2_mention>
</timex2>
<timex2 ID="13_RussianCivWar-T73"  VAL="1919-10">
  <timex2_mention ID="13_RussianCivWar-T73-1">
    <extent>
      <charseq START="15019" END="15030">October 1919</charseq>
    </extent>
  </timex2_mention>
</timex2>
<timex2 ID="13_RussianCivWar-T74"  VAL="XXXX-XX-XXTNI">
  <timex2_mention ID="13_RussianCivWar-T74-1">
    <extent>
      <charseq START="15153" END="15157">night</charseq>
    </extent>
  </timex2_mention>
</timex2>
<timex2 ID="13_RussianCivWar-T75"  VAL="1919-10-19">
  <timex2_mention ID="13_RussianCivWar-T75-1">
    <extent>
      <charseq START="15326" END="15340">19 October 1919</charseq>
    </extent>
  </timex2_mention>
</timex2>
<timex2 ID="13_RussianCivWar-T76"  ANCHOR_DIR="AFTER" ANCHOR_VAL="1919-10-19" VAL="PXW">
  <timex2_mention ID="13_RussianCivWar-T76-1">
    <extent>
      <charseq START="16038" END="16048">a few weeks</charseq>
    </extent>
  </timex2_mention>
</timex2>
<timex2 ID="13_RussianCivWar-T77"  ANCHOR_DIR="AS_OF" ANCHOR_VAL="1919" VAL="PRESENT_REF">
  <timex2_mention ID="13_RussianCivWar-T77-1">
    <extent>
      <charseq START="16902" END="16904">now</charseq>
    </extent>
  </timex2_mention>
</timex2>
<timex2 ID="13_RussianCivWar-T78"  VAL="1920">
  <timex2_mention ID="13_RussianCivWar-T78-1">
    <extent>
      <charseq START="16941" END="16944">1920</charseq>
    </extent>
  </timex2_mention>
</timex2>
<timex2 ID="13_RussianCivWar-T79"  VAL="1920-01-15">
  <timex2_mention ID="13_RussianCivWar-T79-1">
    <extent>
      <charseq START="17362" END="17371">15 January</charseq>
    </extent>
  </timex2_mention>
</timex2>
<timex2 ID="13_RussianCivWar-T80"  VAL="1920-01-21">
  <timex2_mention ID="13_RussianCivWar-T80-1">
    <extent>
      <charseq START="17459" END="17472">Six days later</charseq>
    </extent>
  </timex2_mention>
</timex2>
<timex2 ID="13_RussianCivWar-T81"  ANCHOR_DIR="AS_OF" ANCHOR_VAL="1920-01-21" VAL="PRESENT_REF">
  <timex2_mention ID="13_RussianCivWar-T81-1">
    <extent>
      <charseq START="17722" END="17724">now</charseq>
    </extent>
  </timex2_mention>
</timex2>
<timex2 ID="13_RussianCivWar-T82"  VAL="1920-02-06">
  <timex2_mention ID="13_RussianCivWar-T82-1">
    <extent>
      <charseq START="17852" END="17852">6</charseq>
    </extent>
  </timex2_mention>
</timex2>
<timex2 ID="13_RussianCivWar-T83"  VAL="1920-02-07">
  <timex2_mention ID="13_RussianCivWar-T83-1">
    <extent>
      <charseq START="17854" END="17863">7 February</charseq>
    </extent>
  </timex2_mention>
</timex2>
<timex2 ID="13_RussianCivWar-T84"  ANCHOR_DIR="STARTING" ANCHOR_VAL="1920-02-07" VAL="P1Y">
  <timex2_mention ID="13_RussianCivWar-T84-1">
    <extent>
      <charseq START="18055" END="18067">the next year</charseq>
    </extent>
  </timex2_mention>
</timex2>
<timex2 ID="13_RussianCivWar-T85"  VAL="1919">
  <timex2_mention ID="13_RussianCivWar-T85-1">
    <extent>
      <charseq START="18445" END="18448">1919</charseq>
    </extent>
  </timex2_mention>
</timex2>
<timex2 ID="13_RussianCivWar-T86"  VAL="1918">
  <timex2_mention ID="13_RussianCivWar-T86-1">
    <extent>
      <charseq START="18821" END="18824">1918</charseq>
    </extent>
  </timex2_mention>
</timex2>
<timex2 ID="13_RussianCivWar-T87"  VAL="1920-04">
  <timex2_mention ID="13_RussianCivWar-T87-1">
    <extent>
      <charseq START="18846" END="18856">April, 1920</charseq>
    </extent>
  </timex2_mention>
</timex2>
<timex2 ID="13_RussianCivWar-T88"  VAL="1920-WI">
  <timex2_mention ID="13_RussianCivWar-T88-1">
    <extent>
      <charseq START="18963" END="18972">the winter</charseq>
    </extent>
  </timex2_mention>
</timex2>
<timex2 ID="13_RussianCivWar-T89"  VAL="1920-SP">
  <timex2_mention ID="13_RussianCivWar-T89-1">
    <extent>
      <charseq START="18974" END="18987">spring of 1920</charseq>
    </extent>
  </timex2_mention>
</timex2>
<timex2 ID="13_RussianCivWar-T90"  VAL="1920-SU">
  <timex2_mention ID="13_RussianCivWar-T90-1">
    <extent>
      <charseq START="19090" END="19107">the summer of 1920</charseq>
    </extent>
  </timex2_mention>
</timex2>
<timex2 ID="13_RussianCivWar-T91"  VAL="1920">
  <timex2_mention ID="13_RussianCivWar-T91-1">
    <extent>
      <charseq START="19383" END="19391">that year</charseq>
    </extent>
  </timex2_mention>
</timex2>
<timex2 ID="13_RussianCivWar-T92"  ANCHOR_DIR="BEFORE" ANCHOR_VAL="1920-SU" VAL="PAST_REF">
  <timex2_mention ID="13_RussianCivWar-T92-1">
    <extent>
      <charseq START="19544" END="19549">recent</charseq>
    </extent>
  </timex2_mention>
</timex2>
<timex2 ID="13_RussianCivWar-T93"  VAL="1919">
  <timex2_mention ID="13_RussianCivWar-T93-1">
    <extent>
      <charseq START="19609" END="19612">1919</charseq>
    </extent>
  </timex2_mention>
</timex2>
<timex2 ID="13_RussianCivWar-T94"  VAL="1920">
  <timex2_mention ID="13_RussianCivWar-T94-1">
    <extent>
      <charseq START="19614" END="19617">1920</charseq>
    </extent>
  </timex2_mention>
</timex2>
<timex2 ID="13_RussianCivWar-T95"  VAL="1920-11">
  <timex2_mention ID="13_RussianCivWar-T95-1">
    <extent>
      <charseq START="19737" END="19749">November 1920</charseq>
    </extent>
  </timex2_mention>
</timex2>
<timex2 ID="13_RussianCivWar-T96"  VAL="1920-11-14">
  <timex2_mention ID="13_RussianCivWar-T96-1">
    <extent>
      <charseq START="19873" END="19888">14 November 1920</charseq>
    </extent>
  </timex2_mention>
</timex2>
<timex2 ID="13_RussianCivWar-T97"  VAL="1921">
  <timex2_mention ID="13_RussianCivWar-T97-1">
    <extent>
      <charseq START="20075" END="20078">1921</charseq>
    </extent>
  </timex2_mention>
</timex2>
<timex2 ID="13_RussianCivWar-T98"  VAL="1923">
  <timex2_mention ID="13_RussianCivWar-T98-1">
    <extent>
      <charseq START="20080" END="20083">1923</charseq>
    </extent>
  </timex2_mention>
</timex2>
<timex2 ID="13_RussianCivWar-T99"  VAL="1920">
  <timex2_mention ID="13_RussianCivWar-T99-1">
    <extent>
      <charseq START="20155" END="20158">1920</charseq>
    </extent>
  </timex2_mention>
</timex2>
<timex2 ID="13_RussianCivWar-T100"  VAL="1921">
  <timex2_mention ID="13_RussianCivWar-T100-1">
    <extent>
      <charseq START="20464" END="20467">1921</charseq>
    </extent>
  </timex2_mention>
</timex2>
<timex2 ID="13_RussianCivWar-T101"  VAL="1922-10-25">
  <timex2_mention ID="13_RussianCivWar-T101-1">
    <extent>
      <charseq START="21055" END="21069">25 October 1922</charseq>
    </extent>
  </timex2_mention>
</timex2>
<timex2 ID="13_RussianCivWar-T102"  VAL="1923-06">
  <timex2_mention ID="13_RussianCivWar-T102-1">
    <extent>
      <charseq START="21250" END="21258">June 1923</charseq>
    </extent>
  </timex2_mention>
</timex2>
<timex2 ID="13_RussianCivWar-T103"  VAL="1923">
  <timex2_mention ID="13_RussianCivWar-T103-1">
    <extent>
      <charseq START="21328" END="21331">1923</charseq>
    </extent>
  </timex2_mention>
</timex2>
<timex2 ID="13_RussianCivWar-T104"  VAL="1925">
  <timex2_mention ID="13_RussianCivWar-T104-1">
    <extent>
      <charseq START="21551" END="21554">1925</charseq>
    </extent>
  </timex2_mention>
</timex2>
</document>
</source_file>
