<?xml version="1.0"?>
<!DOCTYPE source_file SYSTEM "apf.v5.1.2.dtd">
<source_file URI="keyinline/14_FirstIndochinaWar.key.xml" SOURCE="14_wikipedia" TYPE="text">
<document DOCID="14_FirstIndochinaWar">
<timex2 ID="14_FirstIndochinaWar-T1"  VAL="2009-12-19T17:00:00">
  <timex2_mention ID="14_FirstIndochinaWar-T1-1">
    <extent>
      <charseq START="41" END="59">2009-12-19T17:00:00</charseq>
    </extent>
  </timex2_mention>
</timex2>
<timex2 ID="14_FirstIndochinaWar-T2"  VAL="1946-11-23">
  <timex2_mention ID="14_FirstIndochinaWar-T2-1">
    <extent>
      <charseq START="202" END="218">November 23, 1946</charseq>
    </extent>
  </timex2_mention>
</timex2>
<timex2 ID="14_FirstIndochinaWar-T3"  VAL="1946-11-23TAF">
  <timex2_mention ID="14_FirstIndochinaWar-T3-1">
    <extent>
      <charseq START="322" END="334">one afternoon</charseq>
    </extent>
  </timex2_mention>
</timex2>
<timex2 ID="14_FirstIndochinaWar-T4"  VAL="1946-12">
  <timex2_mention ID="14_FirstIndochinaWar-T4-1">
    <extent>
      <charseq START="722" END="729">December</charseq>
    </extent>
  </timex2_mention>
</timex2>
<timex2 ID="14_FirstIndochinaWar-T5"  VAL="1947">
  <timex2_mention ID="14_FirstIndochinaWar-T5-1">
    <extent>
      <charseq START="992" END="995">1947</charseq>
    </extent>
  </timex2_mention>
</timex2>
<timex2 ID="14_FirstIndochinaWar-T6"  MOD="END" VAL="1947">
  <timex2_mention ID="14_FirstIndochinaWar-T6-1">
    <extent>
      <charseq START="1227" END="1242">Late in the year</charseq>
    </extent>
  </timex2_mention>
</timex2>
<timex2 ID="14_FirstIndochinaWar-T7"  VAL="1948">
  <timex2_mention ID="14_FirstIndochinaWar-T7-1">
    <extent>
      <charseq START="1524" END="1527">1948</charseq>
    </extent>
  </timex2_mention>
</timex2>
<timex2 ID="14_FirstIndochinaWar-T8"  ANCHOR_DIR="BEFORE" ANCHOR_VAL="1948" VAL="PAST_REF">
  <timex2_mention ID="14_FirstIndochinaWar-T8-1">
    <extent>
      <charseq START="1679" END="1684">former</charseq>
    </extent>
  </timex2_mention>
</timex2>
<timex2 ID="14_FirstIndochinaWar-T9"  VAL="1946">
  <timex2_mention ID="14_FirstIndochinaWar-T9-1">
    <extent>
      <charseq START="1811" END="1826">Two years before</charseq>
    </extent>
  </timex2_mention>
</timex2>
<timex2 ID="14_FirstIndochinaWar-T10"  ANCHOR_DIR="BEFORE" ANCHOR_VAL="1948" VAL="PAST_REF">
  <timex2_mention ID="14_FirstIndochinaWar-T10-1">
    <extent>
      <charseq START="2101" END="2108">the past</charseq>
    </extent>
  </timex2_mention>
</timex2>
<timex2 ID="14_FirstIndochinaWar-T11"  VAL="1949">
  <timex2_mention ID="14_FirstIndochinaWar-T11-1">
    <extent>
      <charseq START="2248" END="2251">1949</charseq>
    </extent>
  </timex2_mention>
</timex2>
<timex2 ID="14_FirstIndochinaWar-T12"  VAL="1949">
  <timex2_mention ID="14_FirstIndochinaWar-T12-1">
    <extent>
      <charseq START="3100" END="3103">1949</charseq>
    </extent>
  </timex2_mention>
</timex2>
<timex2 ID="14_FirstIndochinaWar-T13"  VAL="1949">
  <timex2_mention ID="14_FirstIndochinaWar-T13-1">
    <extent>
      <charseq START="3275" END="3287">the same year</charseq>
    </extent>
  </timex2_mention>
</timex2>
<timex2 ID="14_FirstIndochinaWar-T14"  VAL="1950-02">
  <timex2_mention ID="14_FirstIndochinaWar-T14-1">
    <extent>
      <charseq START="4068" END="4080">February 1950</charseq>
    </extent>
  </timex2_mention>
</timex2>
<timex2 ID="14_FirstIndochinaWar-T15"  VAL="1950-05-25">
  <timex2_mention ID="14_FirstIndochinaWar-T15-1">
    <extent>
      <charseq START="4205" END="4210">May 25</charseq>
    </extent>
  </timex2_mention>
</timex2>
<timex2 ID="14_FirstIndochinaWar-T16"  VAL="1950-09-15">
  <timex2_mention ID="14_FirstIndochinaWar-T16-1">
    <extent>
      <charseq START="4413" END="4424">September 15</charseq>
    </extent>
  </timex2_mention>
</timex2>
<timex2 ID="14_FirstIndochinaWar-T17"  VAL="1950-09-18">
  <timex2_mention ID="14_FirstIndochinaWar-T17-1">
    <extent>
      <charseq START="4444" END="4455">September 18</charseq>
    </extent>
  </timex2_mention>
</timex2>
<timex2 ID="14_FirstIndochinaWar-T18"  VAL="1950-10-03">
  <timex2_mention ID="14_FirstIndochinaWar-T18-1">
    <extent>
      <charseq START="4487" END="4495">October 3</charseq>
    </extent>
  </timex2_mention>
</timex2>
<timex2 ID="14_FirstIndochinaWar-T19"  VAL="1950-10-17">
  <timex2_mention ID="14_FirstIndochinaWar-T19-1">
    <extent>
      <charseq START="4867" END="4876">October 17</charseq>
    </extent>
  </timex2_mention>
</timex2>
<timex2 ID="14_FirstIndochinaWar-T20"  ANCHOR_DIR="ENDING" ANCHOR_VAL="1950-10-17" COMMENT="EC:EVENT-BASED" VAL="P1W">
  <timex2_mention ID="14_FirstIndochinaWar-T20-1">
    <extent>
      <charseq START="4895" END="4920">a week of intense fighting</charseq>
    </extent>
  </timex2_mention>
</timex2>
<timex2 ID="14_FirstIndochinaWar-T21"  COMMENT="EC:EVENT-BASED">
  <timex2_mention ID="14_FirstIndochinaWar-T21-1">
    <extent>
      <charseq START="4940" END="5018">the time the remains of the garrisons reached the safety of the Red River Delta</charseq>
    </extent>
  </timex2_mention>
</timex2>
<timex2 ID="14_FirstIndochinaWar-T22"  VAL="1950">
  <timex2_mention ID="14_FirstIndochinaWar-T22-1">
    <extent>
      <charseq START="5455" END="5467">The year 1950</charseq>
    </extent>
  </timex2_mention>
</timex2>
<timex2 ID="14_FirstIndochinaWar-T23"  VAL="1950">
  <timex2_mention ID="14_FirstIndochinaWar-T23-1">
    <extent>
      <charseq START="5619" END="5626">the time</charseq>
    </extent>
  </timex2_mention>
</timex2>
<timex2 ID="14_FirstIndochinaWar-T24"  COMMENT="EC:EVENT-BASED">
  <timex2_mention ID="14_FirstIndochinaWar-T24-1">
    <extent>
      <charseq START="5970" END="5988">a period of success</charseq>
    </extent>
  </timex2_mention>
</timex2>
<timex2 ID="14_FirstIndochinaWar-T25"  VAL="1951-01-13">
  <timex2_mention ID="14_FirstIndochinaWar-T25-1">
    <extent>
      <charseq START="6009" END="6023">January 13 1951</charseq>
    </extent>
  </timex2_mention>
</timex2>
<timex2 ID="14_FirstIndochinaWar-T26"  VAL="1951-01-16">
  <timex2_mention ID="14_FirstIndochinaWar-T26-1">
    <extent>
      <charseq START="6365" END="6374">January 16</charseq>
    </extent>
  </timex2_mention>
</timex2>
<timex2 ID="14_FirstIndochinaWar-T27"  VAL="1951-03-23">
  <timex2_mention ID="14_FirstIndochinaWar-T27-1">
    <extent>
      <charseq START="6519" END="6526">March 23</charseq>
    </extent>
  </timex2_mention>
</timex2>
<timex2 ID="14_FirstIndochinaWar-T28"  VAL="1951-03-28">
  <timex2_mention ID="14_FirstIndochinaWar-T28-1">
    <extent>
      <charseq START="6957" END="6964">March 28</charseq>
    </extent>
  </timex2_mention>
</timex2>
<timex2 ID="14_FirstIndochinaWar-T29"  VAL="1951-05-29">
  <timex2_mention ID="14_FirstIndochinaWar-T29-1">
    <extent>
      <charseq START="7013" END="7018">May 29</charseq>
    </extent>
  </timex2_mention>
</timex2>
<timex2 ID="14_FirstIndochinaWar-T30"  VAL="1951-06-18">
  <timex2_mention ID="14_FirstIndochinaWar-T30-1">
    <extent>
      <charseq START="7432" END="7438">June 18</charseq>
    </extent>
  </timex2_mention>
</timex2>
<timex2 ID="14_FirstIndochinaWar-T31" >
  <timex2_mention ID="14_FirstIndochinaWar-T31-1">
    <extent>
      <charseq START="7674" END="7684">this period</charseq>
    </extent>
  </timex2_mention>
</timex2>
<timex2 ID="14_FirstIndochinaWar-T32"  VAL="1951-07-31">
  <timex2_mention ID="14_FirstIndochinaWar-T32-1">
    <extent>
      <charseq START="8113" END="8119">July 31</charseq>
    </extent>
  </timex2_mention>
</timex2>
<timex2 ID="14_FirstIndochinaWar-T33"  VAL="1951-11-14">
  <timex2_mention ID="14_FirstIndochinaWar-T33-1">
    <extent>
      <charseq START="8375" END="8391">November 14, 1951</charseq>
    </extent>
  </timex2_mention>
</timex2>
<timex2 ID="14_FirstIndochinaWar-T34"  VAL="1952-02-22">
  <timex2_mention ID="14_FirstIndochinaWar-T34-1">
    <extent>
      <charseq START="8650" END="8666">February 22, 1952</charseq>
    </extent>
  </timex2_mention>
</timex2>
<timex2 ID="14_FirstIndochinaWar-T35"  VAL="1952-01">
  <timex2_mention ID="14_FirstIndochinaWar-T35-1">
    <extent>
      <charseq START="8767" END="8773">January</charseq>
    </extent>
  </timex2_mention>
</timex2>
<timex2 ID="14_FirstIndochinaWar-T36"  VAL="1952">
  <timex2_mention ID="14_FirstIndochinaWar-T36-1">
    <extent>
      <charseq START="8994" END="9002">that year</charseq>
    </extent>
  </timex2_mention>
</timex2>
<timex2 ID="14_FirstIndochinaWar-T37"  VAL="1952">
  <timex2_mention ID="14_FirstIndochinaWar-T37-1">
    <extent>
      <charseq START="9214" END="9241">most of the rest of the year</charseq>
    </extent>
  </timex2_mention>
</timex2>
<timex2 ID="14_FirstIndochinaWar-T38"  VAL="1952-10-17">
  <timex2_mention ID="14_FirstIndochinaWar-T38-1">
    <extent>
      <charseq START="9306" END="9321">October 17, 1952</charseq>
    </extent>
  </timex2_mention>
</timex2>
<timex2 ID="14_FirstIndochinaWar-T39"  ANCHOR_DIR="AS_OF" ANCHOR_VAL="1952-10-17" VAL="PRESENT_REF">
  <timex2_mention ID="14_FirstIndochinaWar-T39-1">
    <extent>
      <charseq START="9485" END="9487">now</charseq>
    </extent>
  </timex2_mention>
</timex2>
<timex2 ID="14_FirstIndochinaWar-T40"  VAL="1952-10-29">
  <timex2_mention ID="14_FirstIndochinaWar-T40-1">
    <extent>
      <charseq START="9711" END="9725">29 October 1952</charseq>
    </extent>
  </timex2_mention>
</timex2>
<timex2 ID="14_FirstIndochinaWar-T41"  ANCHOR_DIR="AS_OF" ANCHOR_VAL="1952-10-29" VAL="PRESENT_REF">
  <timex2_mention ID="14_FirstIndochinaWar-T41-1">
    <extent>
      <charseq START="9769" END="9772">date</charseq>
    </extent>
  </timex2_mention>
</timex2>
<timex2 ID="14_FirstIndochinaWar-T42"  VAL="1952-11-05">
  <timex2_mention ID="14_FirstIndochinaWar-T42-1">
    <extent>
      <charseq START="9909" END="9918">5 November</charseq>
    </extent>
  </timex2_mention>
</timex2>
<timex2 ID="14_FirstIndochinaWar-T43"  VAL="1952-11-09">
  <timex2_mention ID="14_FirstIndochinaWar-T43-1">
    <extent>
      <charseq START="9937" END="9946">9 November</charseq>
    </extent>
  </timex2_mention>
</timex2>
<timex2 ID="14_FirstIndochinaWar-T44"  VAL="1952-11-13">
  <timex2_mention ID="14_FirstIndochinaWar-T44-1">
    <extent>
      <charseq START="9992" END="10002">13 November</charseq>
    </extent>
  </timex2_mention>
</timex2>
<timex2 ID="14_FirstIndochinaWar-T45"  VAL="1952-11-14">
  <timex2_mention ID="14_FirstIndochinaWar-T45-1">
    <extent>
      <charseq START="10254" END="10264">14 November</charseq>
    </extent>
  </timex2_mention>
</timex2>
<timex2 ID="14_FirstIndochinaWar-T46"  VAL="1952-11-17">
  <timex2_mention ID="14_FirstIndochinaWar-T46-1">
    <extent>
      <charseq START="10453" END="10463">17 November</charseq>
    </extent>
  </timex2_mention>
</timex2>
<timex2 ID="14_FirstIndochinaWar-T47"  VAL="1953-04-09">
  <timex2_mention ID="14_FirstIndochinaWar-T47-1">
    <extent>
      <charseq START="10810" END="10822">April 9, 1953</charseq>
    </extent>
  </timex2_mention>
</timex2>
<timex2 ID="14_FirstIndochinaWar-T48"  VAL="1953-05">
  <timex2_mention ID="14_FirstIndochinaWar-T48-1">
    <extent>
      <charseq START="11081" END="11083">May</charseq>
    </extent>
  </timex2_mention>
</timex2>
<timex2 ID="14_FirstIndochinaWar-T49"  MOD="END" VAL="193">
  <timex2_mention ID="14_FirstIndochinaWar-T49-1">
    <extent>
      <charseq START="11837" END="11850">the late 1930s</charseq>
    </extent>
  </timex2_mention>
</timex2>
<timex2 ID="14_FirstIndochinaWar-T50"  VAL="1953-11-20">
  <timex2_mention ID="14_FirstIndochinaWar-T50-1">
    <extent>
      <charseq START="11997" END="12013">November 20, 1953</charseq>
    </extent>
  </timex2_mention>
</timex2>
<timex2 ID="14_FirstIndochinaWar-T51"  MOD="MID" VAL="1953-12">
  <timex2_mention ID="14_FirstIndochinaWar-T51-1">
    <extent>
      <charseq START="12635" END="12646">mid-December</charseq>
    </extent>
  </timex2_mention>
</timex2>
<timex2 ID="14_FirstIndochinaWar-T52"  ANCHOR_DIR="WITHIN" ANCHOR_VAL="1953" COMMENT="EC:EVENT-BASED" VAL="P57D">
  <timex2_mention ID="14_FirstIndochinaWar-T52-1">
    <extent>
      <charseq START="12921" END="12935">57 Days of Hell</charseq>
    </extent>
  </timex2_mention>
</timex2>
<timex2 ID="14_FirstIndochinaWar-T53"  VAL="1954">
  <timex2_mention ID="14_FirstIndochinaWar-T53-1">
    <extent>
      <charseq START="12942" END="12945">1954</charseq>
    </extent>
  </timex2_mention>
</timex2>
<timex2 ID="14_FirstIndochinaWar-T54"  VAL="1954">
  <timex2_mention ID="14_FirstIndochinaWar-T54-1">
    <extent>
      <charseq START="13364" END="13367">1954</charseq>
    </extent>
  </timex2_mention>
</timex2>
<timex2 ID="14_FirstIndochinaWar-T55"  VAL="1954-03-13">
  <timex2_mention ID="14_FirstIndochinaWar-T55-1">
    <extent>
      <charseq START="13764" END="13771">March 13</charseq>
    </extent>
  </timex2_mention>
</timex2>
<timex2 ID="14_FirstIndochinaWar-T56"  COMMENT="EC:EVENT-BASED">
  <timex2_mention ID="14_FirstIndochinaWar-T56-1">
    <extent>
      <charseq START="13953" END="13970">the monsoon season</charseq>
    </extent>
  </timex2_mention>
</timex2>
<timex2 ID="14_FirstIndochinaWar-T57"  VAL="1954-04-26">
  <timex2_mention ID="14_FirstIndochinaWar-T57-1">
    <extent>
      <charseq START="14137" END="14144">April 26</charseq>
    </extent>
  </timex2_mention>
</timex2>
<timex2 ID="14_FirstIndochinaWar-T58"  VAL="1954-05-04">
  <timex2_mention ID="14_FirstIndochinaWar-T58-1">
    <extent>
      <charseq START="14187" END="14191">May 4</charseq>
    </extent>
  </timex2_mention>
</timex2>
<timex2 ID="14_FirstIndochinaWar-T59"  ANCHOR_DIR="STARTING" ANCHOR_VAL="1954-05-06" VAL="P2D">
  <timex2_mention ID="14_FirstIndochinaWar-T59-1">
    <extent>
      <charseq START="14323" END="14330">two days</charseq>
    </extent>
  </timex2_mention>
</timex2>
<timex2 ID="14_FirstIndochinaWar-T60"  VAL="1954-05-06">
  <timex2_mention ID="14_FirstIndochinaWar-T60-1">
    <extent>
      <charseq START="14333" END="14337">May 6</charseq>
    </extent>
  </timex2_mention>
</timex2>
<timex2 ID="14_FirstIndochinaWar-T61"  VAL="1954-05-07">
  <timex2_mention ID="14_FirstIndochinaWar-T61-1">
    <extent>
      <charseq START="14343" END="14345">7th</charseq>
    </extent>
  </timex2_mention>
</timex2>
<timex2 ID="14_FirstIndochinaWar-T62"  VAL="1954-05-07T17:30">
  <timex2_mention ID="14_FirstIndochinaWar-T62-1">
    <extent>
      <charseq START="14543" END="14548">5:30PM</charseq>
    </extent>
  </timex2_mention>
</timex2>
<timex2 ID="14_FirstIndochinaWar-T63"  VAL="1954-05-07">
  <timex2_mention ID="14_FirstIndochinaWar-T63-1">
    <extent>
      <charseq START="14792" END="14796">May 7</charseq>
    </extent>
  </timex2_mention>
</timex2>
<timex2 ID="14_FirstIndochinaWar-T64"  VAL="1954-05-08T01:00">
  <timex2_mention ID="14_FirstIndochinaWar-T64-1">
    <extent>
      <charseq START="14912" END="14923">May 8 1:00AM</charseq>
    </extent>
  </timex2_mention>
</timex2>
<timex2 ID="14_FirstIndochinaWar-T65"  COMMENT="EC:EVENT-BASED" VAL="1954-06-07">
  <timex2_mention ID="14_FirstIndochinaWar-T65-1">
    <extent>
      <charseq START="15279" END="15307">One month after Dien Bien Phu</charseq>
    </extent>
  </timex2_mention>
</timex2>
<timex2 ID="14_FirstIndochinaWar-T66"  VAL="1954-06-24">
  <timex2_mention ID="14_FirstIndochinaWar-T66-1">
    <extent>
      <charseq START="15488" END="15494">June 24</charseq>
    </extent>
  </timex2_mention>
</timex2>
<timex2 ID="14_FirstIndochinaWar-T67"  VAL="1954-07-17">
  <timex2_mention ID="14_FirstIndochinaWar-T67-1">
    <extent>
      <charseq START="15499" END="15505">July 17</charseq>
    </extent>
  </timex2_mention>
</timex2>
<timex2 ID="14_FirstIndochinaWar-T68"  ANCHOR_DIR="STARTING" ANCHOR_VAL="1954-06-24" VAL="P24D">
  <timex2_mention ID="14_FirstIndochinaWar-T68-1">
    <extent>
      <charseq START="15511" END="15523">the same time</charseq>
    </extent>
  </timex2_mention>
</timex2>
<timex2 ID="14_FirstIndochinaWar-T69"  VAL="1954">
  <timex2_mention ID="14_FirstIndochinaWar-T69-1">
    <extent>
      <charseq START="15672" END="15675">1954</charseq>
    </extent>
  </timex2_mention>
</timex2>
<timex2 ID="14_FirstIndochinaWar-T70"  VAL="1954-07-21">
  <timex2_mention ID="14_FirstIndochinaWar-T70-1">
    <extent>
      <charseq START="15711" END="15717">July 21</charseq>
    </extent>
  </timex2_mention>
</timex2>
<timex2 ID="14_FirstIndochinaWar-T71"  VAL="1954-08">
  <timex2_mention ID="14_FirstIndochinaWar-T71-1">
    <extent>
      <charseq START="15723" END="15728">August</charseq>
    </extent>
  </timex2_mention>
</timex2>
</document>
</source_file>
