<?xml version="1.0"?>
<!DOCTYPE source_file SYSTEM "apf.v5.1.2.dtd">
<source_file URI="keyinline/15_MexicanRev.key.xml" SOURCE="15_wikipedia" TYPE="text">
<document DOCID="15_MexicanRev">
<timex2 ID="15_MexicanRev-T1"  VAL="2009-12-19T17:00:00">
  <timex2_mention ID="15_MexicanRev-T1-1">
    <extent>
      <charseq START="34" END="52">2009-12-19T17:00:00</charseq>
    </extent>
  </timex2_mention>
</timex2>
<timex2 ID="15_MexicanRev-T2"  VAL="1876">
  <timex2_mention ID="15_MexicanRev-T2-1">
    <extent>
      <charseq START="79" END="82">1876</charseq>
    </extent>
  </timex2_mention>
</timex2>
<timex2 ID="15_MexicanRev-T3"  VAL="1910">
  <timex2_mention ID="15_MexicanRev-T3-1">
    <extent>
      <charseq START="84" END="87">1910</charseq>
    </extent>
  </timex2_mention>
</timex2>
<timex2 ID="15_MexicanRev-T4"  VAL="1872">
  <timex2_mention ID="15_MexicanRev-T4-1">
    <extent>
      <charseq START="123" END="126">1872</charseq>
    </extent>
  </timex2_mention>
</timex2>
<timex2 ID="15_MexicanRev-T5"  VAL="1876">
  <timex2_mention ID="15_MexicanRev-T5-1">
    <extent>
      <charseq START="359" END="362">1876</charseq>
    </extent>
  </timex2_mention>
</timex2>
<timex2 ID="15_MexicanRev-T6"  VAL="1910">
  <timex2_mention ID="15_MexicanRev-T6-1">
    <extent>
      <charseq START="381" END="384">1910</charseq>
    </extent>
  </timex2_mention>
</timex2>
<timex2 ID="15_MexicanRev-T7"  VAL="1911">
  <timex2_mention ID="15_MexicanRev-T7-1">
    <extent>
      <charseq START="443" END="446">1911</charseq>
    </extent>
  </timex2_mention>
</timex2>
<timex2 ID="15_MexicanRev-T8"  ANCHOR_DIR="STARTING" ANCHOR_VAL="1876" COMMENT="EC:EVENT-BASED" VAL="P35Y">
  <timex2_mention ID="15_MexicanRev-T8-1">
    <extent>
      <charseq START="708" END="760">The era of Porfirio Díaz's government from 1876-1910</charseq>
    </extent>
  </timex2_mention>
</timex2>
<timex2 ID="15_MexicanRev-T9"  VAL="1876">
  <timex2_mention ID="15_MexicanRev-T9-1">
    <extent>
      <charseq START="752" END="755">1876</charseq>
    </extent>
  </timex2_mention>
</timex2>
<timex2 ID="15_MexicanRev-T10"  VAL="1910">
  <timex2_mention ID="15_MexicanRev-T10-1">
    <extent>
      <charseq START="757" END="760">1910</charseq>
    </extent>
  </timex2_mention>
</timex2>
<timex2 ID="15_MexicanRev-T11"  VAL="1880">
  <timex2_mention ID="15_MexicanRev-T11-1">
    <extent>
      <charseq START="950" END="953">1880</charseq>
    </extent>
  </timex2_mention>
</timex2>
<timex2 ID="15_MexicanRev-T12"  ANCHOR_DIR="STARTING" ANCHOR_VAL="1880" COMMENT="EC:EVENT-BASED" VAL="P4Y">
  <timex2_mention ID="15_MexicanRev-T12-1">
    <extent>
      <charseq START="1039" END="1074">The new president's period in office</charseq>
    </extent>
  </timex2_mention>
</timex2>
<timex2 ID="15_MexicanRev-T13"  VAL="1884">
  <timex2_mention ID="15_MexicanRev-T13-1">
    <extent>
      <charseq START="1175" END="1178">1884</charseq>
    </extent>
  </timex2_mention>
</timex2>
<timex2 ID="15_MexicanRev-T14"  ANCHOR_DIR="AFTER" ANCHOR_VAL="1884" VAL="FUTURE_REF">
  <timex2_mention ID="15_MexicanRev-T14-1">
    <extent>
      <charseq START="1215" END="1220">future</charseq>
    </extent>
  </timex2_mention>
</timex2>
<timex2 ID="15_MexicanRev-T15"  ANCHOR_DIR="AS_OF" ANCHOR_VAL="2009-12-19T17:00:00" VAL="PRESENT_REF">
  <timex2_mention ID="15_MexicanRev-T15-1">
    <extent>
      <charseq START="2804" END="2806">now</charseq>
    </extent>
  </timex2_mention>
</timex2>
<timex2 ID="15_MexicanRev-T16"  VAL="1911">
  <timex2_mention ID="15_MexicanRev-T16-1">
    <extent>
      <charseq START="4003" END="4006">1911</charseq>
    </extent>
  </timex2_mention>
</timex2>
<timex2 ID="15_MexicanRev-T17"  VAL="1908">
  <timex2_mention ID="15_MexicanRev-T17-1">
    <extent>
      <charseq START="4057" END="4060">1908</charseq>
    </extent>
  </timex2_mention>
</timex2>
<timex2 ID="15_MexicanRev-T18"  VAL="1910">
  <timex2_mention ID="15_MexicanRev-T18-1">
    <extent>
      <charseq START="4449" END="4452">1910</charseq>
    </extent>
  </timex2_mention>
</timex2>
<timex2 ID="15_MexicanRev-T19"  VAL="1910">
  <timex2_mention ID="15_MexicanRev-T19-1">
    <extent>
      <charseq START="4581" END="4584">1910</charseq>
    </extent>
  </timex2_mention>
</timex2>
<timex2 ID="15_MexicanRev-T20"  VAL="1910-XX-XX">
  <timex2_mention ID="15_MexicanRev-T20-1">
    <extent>
      <charseq START="4838" END="4849">election day</charseq>
    </extent>
  </timex2_mention>
</timex2>
<timex2 ID="15_MexicanRev-T21"  VAL="1910">
  <timex2_mention ID="15_MexicanRev-T21-1">
    <extent>
      <charseq START="4854" END="4857">1910</charseq>
    </extent>
  </timex2_mention>
</timex2>
<timex2 ID="15_MexicanRev-T22"  VAL="1911">
  <timex2_mention ID="15_MexicanRev-T22-1">
    <extent>
      <charseq START="5024" END="5027">1911</charseq>
    </extent>
  </timex2_mention>
</timex2>
<timex2 ID="15_MexicanRev-T23"  VAL="1913">
  <timex2_mention ID="15_MexicanRev-T23-1">
    <extent>
      <charseq START="5029" END="5032">1913</charseq>
    </extent>
  </timex2_mention>
</timex2>
<timex2 ID="15_MexicanRev-T24"  VAL="1910">
  <timex2_mention ID="15_MexicanRev-T24-1">
    <extent>
      <charseq START="5136" END="5139">1910</charseq>
    </extent>
  </timex2_mention>
</timex2>
<timex2 ID="15_MexicanRev-T25" >
  <timex2_mention ID="15_MexicanRev-T25-1">
    <extent>
      <charseq START="5368" END="5389">a short period of time</charseq>
    </extent>
  </timex2_mention>
</timex2>
<timex2 ID="15_MexicanRev-T26"  VAL="1910-10-05">
  <timex2_mention ID="15_MexicanRev-T26-1">
    <extent>
      <charseq START="5432" END="5446">October 5, 1910</charseq>
    </extent>
  </timex2_mention>
</timex2>
<timex2 ID="15_MexicanRev-T27"  VAL="1910-11-20">
  <timex2_mention ID="15_MexicanRev-T27-1">
    <extent>
      <charseq START="5692" END="5702">November 20</charseq>
    </extent>
  </timex2_mention>
</timex2>
<timex2 ID="15_MexicanRev-T28"  MOD="END" VAL="1910">
  <timex2_mention ID="15_MexicanRev-T28-1">
    <extent>
      <charseq START="6343" END="6351">late 1910</charseq>
    </extent>
  </timex2_mention>
</timex2>
<timex2 ID="15_MexicanRev-T29"  VAL="1911-05-21">
  <timex2_mention ID="15_MexicanRev-T29-1">
    <extent>
      <charseq START="6876" END="6887">May 21, 1911</charseq>
    </extent>
  </timex2_mention>
</timex2>
<timex2 ID="15_MexicanRev-T30"  MOD="END" VAL="1911">
  <timex2_mention ID="15_MexicanRev-T30-1">
    <extent>
      <charseq START="7070" END="7078">late 1911</charseq>
    </extent>
  </timex2_mention>
</timex2>
<timex2 ID="15_MexicanRev-T31"  VAL="XXXX-XX-XXTDT">
  <timex2_mention ID="15_MexicanRev-T31-1">
    <extent>
      <charseq START="8053" END="8065">working hours</charseq>
    </extent>
  </timex2_mention>
</timex2>
<timex2 ID="15_MexicanRev-T32"  VAL="PRESENT_REF">
  <timex2_mention ID="15_MexicanRev-T32-1">
    <extent>
      <charseq START="8140" END="8142">now</charseq>
    </extent>
  </timex2_mention>
</timex2>
<timex2 ID="15_MexicanRev-T33"  VAL="1913">
  <timex2_mention ID="15_MexicanRev-T33-1">
    <extent>
      <charseq START="8540" END="8543">1913</charseq>
    </extent>
  </timex2_mention>
</timex2>
<timex2 ID="15_MexicanRev-T34"  VAL="1913-WXX">
  <timex2_mention ID="15_MexicanRev-T34-1">
    <extent>
      <charseq START="8620" END="8641">less than a week later</charseq>
    </extent>
  </timex2_mention>
</timex2>
<timex2 ID="15_MexicanRev-T35"  VAL="1913">
  <timex2_mention ID="15_MexicanRev-T35-1">
    <extent>
      <charseq START="8768" END="8771">1913</charseq>
    </extent>
  </timex2_mention>
</timex2>
<timex2 ID="15_MexicanRev-T36"  VAL="1914">
  <timex2_mention ID="15_MexicanRev-T36-1">
    <extent>
      <charseq START="8773" END="8776">1914</charseq>
    </extent>
  </timex2_mention>
</timex2>
<timex2 ID="15_MexicanRev-T37"  MOD="START" VAL="1913">
  <timex2_mention ID="15_MexicanRev-T37-1">
    <extent>
      <charseq START="8783" END="8792">early 1913</charseq>
    </extent>
  </timex2_mention>
</timex2>
<timex2 ID="15_MexicanRev-T38"  ANCHOR_DIR="WITHIN" ANCHOR_VAL="1913" COMMENT="EC:EVENT-BASED; THIS SENTENCE IS BROKEN" VAL="P10D">
  <timex2_mention ID="15_MexicanRev-T38-1">
    <extent>
      <charseq START="8998" END="9044">ten days of sporadic fighting in a faked battle</charseq>
    </extent>
  </timex2_mention>
</timex2>
<timex2 ID="15_MexicanRev-T39"  VAL="1913-03-26">
  <timex2_mention ID="15_MexicanRev-T39-1">
    <extent>
      <charseq START="10054" END="10067">March 26, 1913</charseq>
    </extent>
  </timex2_mention>
</timex2>
<timex2 ID="15_MexicanRev-T40"  VAL="1914-04">
  <timex2_mention ID="15_MexicanRev-T40-1">
    <extent>
      <charseq START="10322" END="10331">April 1914</charseq>
    </extent>
  </timex2_mention>
</timex2>
<timex2 ID="15_MexicanRev-T41"  MOD="END" VAL="1914-07">
  <timex2_mention ID="15_MexicanRev-T41-1">
    <extent>
      <charseq START="10497" END="10505">late July</charseq>
    </extent>
  </timex2_mention>
</timex2>
<timex2 ID="15_MexicanRev-T42"  MOD="START" VAL="1916">
  <timex2_mention ID="15_MexicanRev-T42-1">
    <extent>
      <charseq START="11773" END="11782">early 1916</charseq>
    </extent>
  </timex2_mention>
</timex2>
<timex2 ID="15_MexicanRev-T43"  VAL="1911">
  <timex2_mention ID="15_MexicanRev-T43-1">
    <extent>
      <charseq START="11807" END="11810">1911</charseq>
    </extent>
  </timex2_mention>
</timex2>
<timex2 ID="15_MexicanRev-T44"  VAL="1920">
  <timex2_mention ID="15_MexicanRev-T44-1">
    <extent>
      <charseq START="11812" END="11815">1920</charseq>
    </extent>
  </timex2_mention>
</timex2>
<timex2 ID="15_MexicanRev-T45"  VAL="1911">
  <timex2_mention ID="15_MexicanRev-T45-1">
    <extent>
      <charseq START="12138" END="12141">1911</charseq>
    </extent>
  </timex2_mention>
</timex2>
<timex2 ID="15_MexicanRev-T46"  VAL="1911">
  <timex2_mention ID="15_MexicanRev-T46-1">
    <extent>
      <charseq START="12224" END="12227">1911</charseq>
    </extent>
  </timex2_mention>
</timex2>
<timex2 ID="15_MexicanRev-T47" >
  <timex2_mention ID="15_MexicanRev-T47-1">
    <extent>
      <charseq START="12301" END="12311">this period</charseq>
    </extent>
  </timex2_mention>
</timex2>
<timex2 ID="15_MexicanRev-T48"  VAL="1912">
  <timex2_mention ID="15_MexicanRev-T48-1">
    <extent>
      <charseq START="12348" END="12351">1912</charseq>
    </extent>
  </timex2_mention>
</timex2>
<timex2 ID="15_MexicanRev-T49"  VAL="1913">
  <timex2_mention ID="15_MexicanRev-T49-1">
    <extent>
      <charseq START="12728" END="12731">1913</charseq>
    </extent>
  </timex2_mention>
</timex2>
<timex2 ID="15_MexicanRev-T50"  VAL="1914">
  <timex2_mention ID="15_MexicanRev-T50-1">
    <extent>
      <charseq START="13112" END="13115">1914</charseq>
    </extent>
  </timex2_mention>
</timex2>
<timex2 ID="15_MexicanRev-T51"  VAL="1914-WI">
  <timex2_mention ID="15_MexicanRev-T51-1">
    <extent>
      <charseq START="13289" END="13306">the winter of 1914</charseq>
    </extent>
  </timex2_mention>
</timex2>
<timex2 ID="15_MexicanRev-T52"  MOD="START" VAL="1915">
  <timex2_mention ID="15_MexicanRev-T52-1">
    <extent>
      <charseq START="13504" END="13513">early 1915</charseq>
    </extent>
  </timex2_mention>
</timex2>
<timex2 ID="15_MexicanRev-T53"  VAL="1915">
  <timex2_mention ID="15_MexicanRev-T53-1">
    <extent>
      <charseq START="13519" END="13522">1915</charseq>
    </extent>
  </timex2_mention>
</timex2>
<timex2 ID="15_MexicanRev-T54"  VAL="1915-04-06">
  <timex2_mention ID="15_MexicanRev-T54-1">
    <extent>
      <charseq START="13649" END="13655">April 6</charseq>
    </extent>
  </timex2_mention>
</timex2>
<timex2 ID="15_MexicanRev-T55"  VAL="1915-04-07">
  <timex2_mention ID="15_MexicanRev-T55-1">
    <extent>
      <charseq START="13657" END="13657">7</charseq>
    </extent>
  </timex2_mention>
</timex2>
<timex2 ID="15_MexicanRev-T56"  VAL="1915-04-13">
  <timex2_mention ID="15_MexicanRev-T56-1">
    <extent>
      <charseq START="13668" END="13675">April 13</charseq>
    </extent>
  </timex2_mention>
</timex2>
<timex2 ID="15_MexicanRev-T57"  VAL="1915-04-15">
  <timex2_mention ID="15_MexicanRev-T57-1">
    <extent>
      <charseq START="13677" END="13678">15</charseq>
    </extent>
  </timex2_mention>
</timex2>
<timex2 ID="15_MexicanRev-T58"  ANCHOR_DIR="AFTER" ANCHOR_VAL="1915-04-15" VAL="1915-XX-XX">
  <timex2_mention ID="15_MexicanRev-T58-1">
    <extent>
      <charseq START="13829" END="13846">A short time after</charseq>
    </extent>
  </timex2_mention>
</timex2>
<timex2 ID="15_MexicanRev-T59"  VAL="1916-03-09">
  <timex2_mention ID="15_MexicanRev-T59-1">
    <extent>
      <charseq START="13914" END="13926">March 9, 1916</charseq>
    </extent>
  </timex2_mention>
</timex2>
<timex2 ID="15_MexicanRev-T60"  ANCHOR_DIR="AFTER" ANCHOR_VAL="1916-03-09" COMMENT="EC:EVENT-BASED" MOD="LESS_THAN" VAL="P1Y">
  <timex2_mention ID="15_MexicanRev-T60-1">
    <extent>
      <charseq START="14480" END="14510">nearly a year of pursuing Villa</charseq>
    </extent>
  </timex2_mention>
</timex2>
<timex2 ID="15_MexicanRev-T61"  VAL="1920">
  <timex2_mention ID="15_MexicanRev-T61-1">
    <extent>
      <charseq START="14894" END="14897">1920</charseq>
    </extent>
  </timex2_mention>
</timex2>
<timex2 ID="15_MexicanRev-T62"  VAL="1923">
  <timex2_mention ID="15_MexicanRev-T62-1">
    <extent>
      <charseq START="15014" END="15017">1923</charseq>
    </extent>
  </timex2_mention>
</timex2>
<timex2 ID="15_MexicanRev-T63"  VAL="1920">
  <timex2_mention ID="15_MexicanRev-T63-1">
    <extent>
      <charseq START="15225" END="15228">1920</charseq>
    </extent>
  </timex2_mention>
</timex2>
<timex2 ID="15_MexicanRev-T64"  VAL="1914">
  <timex2_mention ID="15_MexicanRev-T64-1">
    <extent>
      <charseq START="15263" END="15266">1914</charseq>
    </extent>
  </timex2_mention>
</timex2>
<timex2 ID="15_MexicanRev-T65"  VAL="1920">
  <timex2_mention ID="15_MexicanRev-T65-1">
    <extent>
      <charseq START="15268" END="15271">1920</charseq>
    </extent>
  </timex2_mention>
</timex2>
<timex2 ID="15_MexicanRev-T66"  VAL="1914">
  <timex2_mention ID="15_MexicanRev-T66-1">
    <extent>
      <charseq START="15315" END="15318">1914</charseq>
    </extent>
  </timex2_mention>
</timex2>
<timex2 ID="15_MexicanRev-T67"  VAL="1915">
  <timex2_mention ID="15_MexicanRev-T67-1">
    <extent>
      <charseq START="15423" END="15426">1915</charseq>
    </extent>
  </timex2_mention>
</timex2>
<timex2 ID="15_MexicanRev-T68"  VAL="1917">
  <timex2_mention ID="15_MexicanRev-T68-1">
    <extent>
      <charseq START="15563" END="15566">1917</charseq>
    </extent>
  </timex2_mention>
</timex2>
<timex2 ID="15_MexicanRev-T69"  VAL="1917">
  <timex2_mention ID="15_MexicanRev-T69-1">
    <extent>
      <charseq START="15837" END="15840">1917</charseq>
    </extent>
  </timex2_mention>
</timex2>
<timex2 ID="15_MexicanRev-T70"  VAL="1917">
  <timex2_mention ID="15_MexicanRev-T70-1">
    <extent>
      <charseq START="16509" END="16512">1917</charseq>
    </extent>
  </timex2_mention>
</timex2>
<timex2 ID="15_MexicanRev-T71"  VAL="1920">
  <timex2_mention ID="15_MexicanRev-T71-1">
    <extent>
      <charseq START="16657" END="16660">1920</charseq>
    </extent>
  </timex2_mention>
</timex2>
<timex2 ID="15_MexicanRev-T72"  VAL="1920-05-21">
  <timex2_mention ID="15_MexicanRev-T72-1">
    <extent>
      <charseq START="16846" END="16857">May 21, 1920</charseq>
    </extent>
  </timex2_mention>
</timex2>
<timex2 ID="15_MexicanRev-T73"  VAL="1910">
  <timex2_mention ID="15_MexicanRev-T73-1">
    <extent>
      <charseq START="16885" END="16888">1910</charseq>
    </extent>
  </timex2_mention>
</timex2>
<timex2 ID="15_MexicanRev-T74"  VAL="1919">
  <timex2_mention ID="15_MexicanRev-T74-1">
    <extent>
      <charseq START="16890" END="16893">1919</charseq>
    </extent>
  </timex2_mention>
</timex2>
<timex2 ID="15_MexicanRev-T75"  VAL="1919">
  <timex2_mention ID="15_MexicanRev-T75-1">
    <extent>
      <charseq START="17857" END="17860">1919</charseq>
    </extent>
  </timex2_mention>
</timex2>
<timex2 ID="15_MexicanRev-T76"  MOD="APPROX" VAL="1910">
  <timex2_mention ID="15_MexicanRev-T76-1">
    <extent>
      <charseq START="18190" END="18199">about 1910</charseq>
    </extent>
  </timex2_mention>
</timex2>
<timex2 ID="15_MexicanRev-T77"  ANCHOR_DIR="BEFORE" ANCHOR_VAL="1910" COMMENT="EC:EVENT-BASED" VAL="PXY">
  <timex2_mention ID="15_MexicanRev-T77-1">
    <extent>
      <charseq START="18920" END="18956">only a few years of limited education</charseq>
    </extent>
  </timex2_mention>
</timex2>
<timex2 ID="15_MexicanRev-T78"  VAL="1911-07-12">
  <timex2_mention ID="15_MexicanRev-T78-1">
    <extent>
      <charseq START="20381" END="20393">July 12, 1911</charseq>
    </extent>
  </timex2_mention>
</timex2>
</document>
</source_file>
