<?xml version="1.0"?>
<!DOCTYPE source_file SYSTEM "apf.v5.1.2.dtd">
<source_file URI="keyinline/16_SpanishCivilWar.key.xml" SOURCE="16_wikipedia" TYPE="text">
<document DOCID="16_SpanishCivilWar">
<timex2 ID="16_SpanishCivilWar-T1"  VAL="2009-12-19T17:00:00">
  <timex2_mention ID="16_SpanishCivilWar-T1-1">
    <extent>
      <charseq START="39" END="57">2009-12-19T17:00:00</charseq>
    </extent>
  </timex2_mention>
</timex2>
<timex2 ID="16_SpanishCivilWar-T2"  VAL="1936">
  <timex2_mention ID="16_SpanishCivilWar-T2-1">
    <extent>
      <charseq START="61" END="64">1936</charseq>
    </extent>
  </timex2_mention>
</timex2>
<timex2 ID="16_SpanishCivilWar-T3"  VAL="1936-07-20">
  <timex2_mention ID="16_SpanishCivilWar-T3-1">
    <extent>
      <charseq START="119" END="125">20 July</charseq>
    </extent>
  </timex2_mention>
</timex2>
<timex2 ID="16_SpanishCivilWar-T4"  VAL="1936-07-21">
  <timex2_mention ID="16_SpanishCivilWar-T4-1">
    <extent>
      <charseq START="217" END="223">21 July</charseq>
    </extent>
  </timex2_mention>
</timex2>
<timex2 ID="16_SpanishCivilWar-T5"  COMMENT="EC:EVENT-BASED" VAL="1936-07-21">
  <timex2_mention ID="16_SpanishCivilWar-T5-1">
    <extent>
      <charseq START="226" END="255">the fifth day of the rebellion</charseq>
    </extent>
  </timex2_mention>
</timex2>
<timex2 ID="16_SpanishCivilWar-T6"  VAL="1936-07">
  <timex2_mention ID="16_SpanishCivilWar-T6-1">
    <extent>
      <charseq START="461" END="464">July</charseq>
    </extent>
  </timex2_mention>
</timex2>
<timex2 ID="16_SpanishCivilWar-T7"  VAL="1936-09">
  <timex2_mention ID="16_SpanishCivilWar-T7-1">
    <extent>
      <charseq START="469" END="477">September</charseq>
    </extent>
  </timex2_mention>
</timex2>
<timex2 ID="16_SpanishCivilWar-T8"  VAL="1936-09-05">
  <timex2_mention ID="16_SpanishCivilWar-T8-1">
    <extent>
      <charseq START="557" END="567">5 September</charseq>
    </extent>
  </timex2_mention>
</timex2>
<timex2 ID="16_SpanishCivilWar-T9"  VAL="1936-09-13">
  <timex2_mention ID="16_SpanishCivilWar-T9-1">
    <extent>
      <charseq START="662" END="673">13 September</charseq>
    </extent>
  </timex2_mention>
</timex2>
<timex2 ID="16_SpanishCivilWar-T10"  MOD="END" VAL="1936-09">
  <timex2_mention ID="16_SpanishCivilWar-T10-1">
    <extent>
      <charseq START="856" END="875">the end of September</charseq>
    </extent>
  </timex2_mention>
</timex2>
<timex2 ID="16_SpanishCivilWar-T11"  VAL="1936-09-21">
  <timex2_mention ID="16_SpanishCivilWar-T11-1">
    <extent>
      <charseq START="975" END="986">21 September</charseq>
    </extent>
  </timex2_mention>
</timex2>
<timex2 ID="16_SpanishCivilWar-T12"  VAL="1936-09-27">
  <timex2_mention ID="16_SpanishCivilWar-T12-1">
    <extent>
      <charseq START="1019" END="1030">27 September</charseq>
    </extent>
  </timex2_mention>
</timex2>
<timex2 ID="16_SpanishCivilWar-T13"  COMMENT="EC:EVENT-BASED" VAL="1936-09-29">
  <timex2_mention ID="16_SpanishCivilWar-T13-1">
    <extent>
      <charseq START="1441" END="1474">Two days after relieving the siege</charseq>
    </extent>
  </timex2_mention>
</timex2>
<timex2 ID="16_SpanishCivilWar-T14"  VAL="1936-10">
  <timex2_mention ID="16_SpanishCivilWar-T14-1">
    <extent>
      <charseq START="1665" END="1671">October</charseq>
    </extent>
  </timex2_mention>
</timex2>
<timex2 ID="16_SpanishCivilWar-T15"  MOD="START" VAL="1936-11">
  <timex2_mention ID="16_SpanishCivilWar-T15-1">
    <extent>
      <charseq START="1752" END="1765">early November</charseq>
    </extent>
  </timex2_mention>
</timex2>
<timex2 ID="16_SpanishCivilWar-T16"  VAL="1936-11-08">
  <timex2_mention ID="16_SpanishCivilWar-T16-1">
    <extent>
      <charseq START="1812" END="1821">8 November</charseq>
    </extent>
  </timex2_mention>
</timex2>
<timex2 ID="16_SpanishCivilWar-T17"  VAL="1936-11-06">
  <timex2_mention ID="16_SpanishCivilWar-T17-1">
    <extent>
      <charseq START="1922" END="1931">6 November</charseq>
    </extent>
  </timex2_mention>
</timex2>
<timex2 ID="16_SpanishCivilWar-T18"  VAL="1936-11-08">
  <timex2_mention ID="16_SpanishCivilWar-T18-1">
    <extent>
      <charseq START="2023" END="2032">8 November</charseq>
    </extent>
  </timex2_mention>
</timex2>
<timex2 ID="16_SpanishCivilWar-T19"  VAL="1936-11-23">
  <timex2_mention ID="16_SpanishCivilWar-T19-1">
    <extent>
      <charseq START="2038" END="2048">23 November</charseq>
    </extent>
  </timex2_mention>
</timex2>
<timex2 ID="16_SpanishCivilWar-T20"  ANCHOR_DIR="AFTER" ANCHOR_VAL="1936-11-23" VAL="P2Y">
  <timex2_mention ID="16_SpanishCivilWar-T20-1">
    <extent>
      <charseq START="2294" END="2316">the following two years</charseq>
    </extent>
  </timex2_mention>
</timex2>
<timex2 ID="16_SpanishCivilWar-T21"  VAL="1937">
  <timex2_mention ID="16_SpanishCivilWar-T21-1">
    <extent>
      <charseq START="2374" END="2377">1937</charseq>
    </extent>
  </timex2_mention>
</timex2>
<timex2 ID="16_SpanishCivilWar-T22"  VAL="1937-01">
  <timex2_mention ID="16_SpanishCivilWar-T22-1">
    <extent>
      <charseq START="2514" END="2520">January</charseq>
    </extent>
  </timex2_mention>
</timex2>
<timex2 ID="16_SpanishCivilWar-T23"  VAL="1937-02">
  <timex2_mention ID="16_SpanishCivilWar-T23-1">
    <extent>
      <charseq START="2526" END="2538">February 1937</charseq>
    </extent>
  </timex2_mention>
</timex2>
<timex2 ID="16_SpanishCivilWar-T24"  VAL="1937-02-21">
  <timex2_mention ID="16_SpanishCivilWar-T24-1">
    <extent>
      <charseq START="2562" END="2572">21 February</charseq>
    </extent>
  </timex2_mention>
</timex2>
<timex2 ID="16_SpanishCivilWar-T25"  VAL="1937-02-08">
  <timex2_mention ID="16_SpanishCivilWar-T25-1">
    <extent>
      <charseq START="2717" END="2726">8 February</charseq>
    </extent>
  </timex2_mention>
</timex2>
<timex2 ID="16_SpanishCivilWar-T26"  VAL="1937-03-07">
  <timex2_mention ID="16_SpanishCivilWar-T26-1">
    <extent>
      <charseq START="2732" END="2738">7 March</charseq>
    </extent>
  </timex2_mention>
</timex2>
<timex2 ID="16_SpanishCivilWar-T27"  VAL="1937-04-26">
  <timex2_mention ID="16_SpanishCivilWar-T27-1">
    <extent>
      <charseq START="2824" END="2831">26 April</charseq>
    </extent>
  </timex2_mention>
</timex2>
<timex2 ID="16_SpanishCivilWar-T28"  VAL="1937-04-28">
  <timex2_mention ID="16_SpanishCivilWar-T28-1">
    <extent>
      <charseq START="2891" END="2904">Two days later</charseq>
    </extent>
  </timex2_mention>
</timex2>
<timex2 ID="16_SpanishCivilWar-T29"  VAL="1937-07">
  <timex2_mention ID="16_SpanishCivilWar-T29-1">
    <extent>
      <charseq START="3047" END="3050">July</charseq>
    </extent>
  </timex2_mention>
</timex2>
<timex2 ID="16_SpanishCivilWar-T30"  VAL="1937-06-03">
  <timex2_mention ID="16_SpanishCivilWar-T30-1">
    <extent>
      <charseq START="3220" END="3225">3 June</charseq>
    </extent>
  </timex2_mention>
</timex2>
<timex2 ID="16_SpanishCivilWar-T31"  MOD="START" VAL="1937-07">
  <timex2_mention ID="16_SpanishCivilWar-T31-1">
    <extent>
      <charseq START="3235" END="3244">early July</charseq>
    </extent>
  </timex2_mention>
</timex2>
<timex2 ID="16_SpanishCivilWar-T32"  VAL="1937-06">
  <timex2_mention ID="16_SpanishCivilWar-T32-1">
    <extent>
      <charseq START="3277" END="3280">June</charseq>
    </extent>
  </timex2_mention>
</timex2>
<timex2 ID="16_SpanishCivilWar-T33"  VAL="1937-08">
  <timex2_mention ID="16_SpanishCivilWar-T33-1">
    <extent>
      <charseq START="3510" END="3515">August</charseq>
    </extent>
  </timex2_mention>
</timex2>
<timex2 ID="16_SpanishCivilWar-T34"  ANCHOR_DIR="ENDING" ANCHOR_VAL="1937-10" COMMENT="EC:EVENT-BASED" VAL="P2M">
  <timex2_mention ID="16_SpanishCivilWar-T34-1">
    <extent>
      <charseq START="3630" END="3670">two months of bitter fighting in Asturias</charseq>
    </extent>
  </timex2_mention>
</timex2>
<timex2 ID="16_SpanishCivilWar-T35"  MOD="END" VAL="1937-10">
  <timex2_mention ID="16_SpanishCivilWar-T35-1">
    <extent>
      <charseq START="3696" END="3707">late October</charseq>
    </extent>
  </timex2_mention>
</timex2>
<timex2 ID="16_SpanishCivilWar-T36"  MOD="END" VAL="1937-11">
  <timex2_mention ID="16_SpanishCivilWar-T36-1">
    <extent>
      <charseq START="3754" END="3772">the end of November</charseq>
    </extent>
  </timex2_mention>
</timex2>
<timex2 ID="16_SpanishCivilWar-T37"  VAL="1938">
  <timex2_mention ID="16_SpanishCivilWar-T37-1">
    <extent>
      <charseq START="3879" END="3882">1938</charseq>
    </extent>
  </timex2_mention>
</timex2>
<timex2 ID="16_SpanishCivilWar-T38"  VAL="1938-01">
  <timex2_mention ID="16_SpanishCivilWar-T38-1">
    <extent>
      <charseq START="4044" END="4050">January</charseq>
    </extent>
  </timex2_mention>
</timex2>
<timex2 ID="16_SpanishCivilWar-T39"  VAL="1938-02-22">
  <timex2_mention ID="16_SpanishCivilWar-T39-1">
    <extent>
      <charseq START="4122" END="4132">22 February</charseq>
    </extent>
  </timex2_mention>
</timex2>
<timex2 ID="16_SpanishCivilWar-T40"  VAL="1938-03-07">
  <timex2_mention ID="16_SpanishCivilWar-T40-1">
    <extent>
      <charseq START="4262" END="4268">7 March</charseq>
    </extent>
  </timex2_mention>
</timex2>
<timex2 ID="16_SpanishCivilWar-T41"  VAL="1938-04-14">
  <timex2_mention ID="16_SpanishCivilWar-T41-1">
    <extent>
      <charseq START="4322" END="4329">14 April</charseq>
    </extent>
  </timex2_mention>
</timex2>
<timex2 ID="16_SpanishCivilWar-T42"  VAL="1938-05">
  <timex2_mention ID="16_SpanishCivilWar-T42-1">
    <extent>
      <charseq START="4483" END="4485">May</charseq>
    </extent>
  </timex2_mention>
</timex2>
<timex2 ID="16_SpanishCivilWar-T43"  VAL="1938-07">
  <timex2_mention ID="16_SpanishCivilWar-T43-1">
    <extent>
      <charseq START="4554" END="4557">July</charseq>
    </extent>
  </timex2_mention>
</timex2>
<timex2 ID="16_SpanishCivilWar-T44"  VAL="1938-07-24">
  <timex2_mention ID="16_SpanishCivilWar-T44-1">
    <extent>
      <charseq START="4905" END="4911">24 July</charseq>
    </extent>
  </timex2_mention>
</timex2>
<timex2 ID="16_SpanishCivilWar-T45"  VAL="1938-11-26">
  <timex2_mention ID="16_SpanishCivilWar-T45-1">
    <extent>
      <charseq START="4919" END="4929">26 November</charseq>
    </extent>
  </timex2_mention>
</timex2>
<timex2 ID="16_SpanishCivilWar-T46"  COMMENT="EC:EVENT-BASED" VAL="1938-12-24">
  <timex2_mention ID="16_SpanishCivilWar-T46-1">
    <extent>
      <charseq START="5263" END="5292">Eight days before the new year</charseq>
    </extent>
  </timex2_mention>
</timex2>
<timex2 ID="16_SpanishCivilWar-T47"  VAL="1939-01-01">
  <timex2_mention ID="16_SpanishCivilWar-T47-1">
    <extent>
      <charseq START="5281" END="5292">the new year</charseq>
    </extent>
  </timex2_mention>
</timex2>
<timex2 ID="16_SpanishCivilWar-T48"  VAL="1939">
  <timex2_mention ID="16_SpanishCivilWar-T48-1">
    <extent>
      <charseq START="5355" END="5358">1939</charseq>
    </extent>
  </timex2_mention>
</timex2>
<timex2 ID="16_SpanishCivilWar-T49"  ANCHOR_DIR="STARTING" ANCHOR_VAL="1939-01" VAL="P2M">
  <timex2_mention ID="16_SpanishCivilWar-T49-1">
    <extent>
      <charseq START="5428" END="5455">the first two months of 1939</charseq>
    </extent>
  </timex2_mention>
</timex2>
<timex2 ID="16_SpanishCivilWar-T50"  VAL="1939">
  <timex2_mention ID="16_SpanishCivilWar-T50-1">
    <extent>
      <charseq START="5452" END="5455">1939</charseq>
    </extent>
  </timex2_mention>
</timex2>
<timex2 ID="16_SpanishCivilWar-T51"  VAL="1939-01-14">
  <timex2_mention ID="16_SpanishCivilWar-T51-1">
    <extent>
      <charseq START="5476" END="5485">14 January</charseq>
    </extent>
  </timex2_mention>
</timex2>
<timex2 ID="16_SpanishCivilWar-T52"  VAL="1939-01-26">
  <timex2_mention ID="16_SpanishCivilWar-T52-1">
    <extent>
      <charseq START="5513" END="5522">26 January</charseq>
    </extent>
  </timex2_mention>
</timex2>
<timex2 ID="16_SpanishCivilWar-T53"  VAL="1939-02-05">
  <timex2_mention ID="16_SpanishCivilWar-T53-1">
    <extent>
      <charseq START="5538" END="5547">5 February</charseq>
    </extent>
  </timex2_mention>
</timex2>
<timex2 ID="16_SpanishCivilWar-T54"  COMMENT="EC:EVENT-BASED" VAL="1939-02-10">
  <timex2_mention ID="16_SpanishCivilWar-T54-1">
    <extent>
      <charseq START="5550" END="5583">Five days after the fall of Girona</charseq>
    </extent>
  </timex2_mention>
</timex2>
<timex2 ID="16_SpanishCivilWar-T55"  VAL="1939-02-27">
  <timex2_mention ID="16_SpanishCivilWar-T55-1">
    <extent>
      <charseq START="5634" END="5644">27 February</charseq>
    </extent>
  </timex2_mention>
</timex2>
<timex2 ID="16_SpanishCivilWar-T56"  VAL="1939-03-28">
  <timex2_mention ID="16_SpanishCivilWar-T56-1">
    <extent>
      <charseq START="5792" END="5799">28 March</charseq>
    </extent>
  </timex2_mention>
</timex2>
<timex2 ID="16_SpanishCivilWar-T57"  VAL="1939-03-29">
  <timex2_mention ID="16_SpanishCivilWar-T57-1">
    <extent>
      <charseq START="5887" END="5898">The next day</charseq>
    </extent>
  </timex2_mention>
</timex2>
<timex2 ID="16_SpanishCivilWar-T58"  ANCHOR_DIR="ENDING" ANCHOR_VAL="1939-03-29" MOD="LESS_THAN" VAL="P2Y">
  <timex2_mention ID="16_SpanishCivilWar-T58-1">
    <extent>
      <charseq START="5951" END="5968">close to two years</charseq>
    </extent>
  </timex2_mention>
</timex2>
<timex2 ID="16_SpanishCivilWar-T59"  VAL="1939-04-01">
  <timex2_mention ID="16_SpanishCivilWar-T59-1">
    <extent>
      <charseq START="6042" END="6048">1 April</charseq>
    </extent>
  </timex2_mention>
</timex2>
<timex2 ID="16_SpanishCivilWar-T60"  ANCHOR_DIR="BEFORE" ANCHOR_VAL="1939-04-01" VAL="PAST_REF">
  <timex2_mention ID="16_SpanishCivilWar-T60-1">
    <extent>
      <charseq START="6173" END="6178">former</charseq>
    </extent>
  </timex2_mention>
</timex2>
<timex2 ID="16_SpanishCivilWar-T61"  VAL="195">
  <timex2_mention ID="16_SpanishCivilWar-T61-1">
    <extent>
      <charseq START="7570" END="7578">the 1950s</charseq>
    </extent>
  </timex2_mention>
</timex2>
<timex2 ID="16_SpanishCivilWar-T62"  VAL="1944">
  <timex2_mention ID="16_SpanishCivilWar-T62-1">
    <extent>
      <charseq START="7677" END="7680">1944</charseq>
    </extent>
  </timex2_mention>
</timex2>
<timex2 ID="16_SpanishCivilWar-T63"  ANCHOR_DIR="WITHIN" ANCHOR_VAL="1944" VAL="P10D">
  <timex2_mention ID="16_SpanishCivilWar-T63-1">
    <extent>
      <charseq START="7846" END="7853">ten days</charseq>
    </extent>
  </timex2_mention>
</timex2>
</document>
</source_file>
