<?xml version="1.0"?>
<!DOCTYPE source_file SYSTEM "apf.v5.1.2.dtd">
<source_file URI="keyinline/17_AlgerianWar.key.xml" SOURCE="17_wikipedia" TYPE="text">
<document DOCID="17_AlgerianWar">
<timex2 ID="17_AlgerianWar-T1"  VAL="2009-12-19T17:00:00">
  <timex2_mention ID="17_AlgerianWar-T1-1">
    <extent>
      <charseq START="35" END="53">2009-12-19T17:00:00</charseq>
    </extent>
  </timex2_mention>
</timex2>
<timex2 ID="17_AlgerianWar-T2"  VAL="1954-11-01TMO">
  <timex2_mention ID="17_AlgerianWar-T2-1">
    <extent>
      <charseq START="86" END="128">the early morning hours of November 1, 1954</charseq>
    </extent>
  </timex2_mention>
</timex2>
<timex2 ID="17_AlgerianWar-T3"  COMMENT="EC:EVENT-BASED" VAL="1954-11-01">
  <timex2_mention ID="17_AlgerianWar-T3-1">
    <extent>
      <charseq START="339" END="357">Red All-Saints' Day</charseq>
    </extent>
  </timex2_mention>
</timex2>
<timex2 ID="17_AlgerianWar-T4"  ANCHOR_DIR="BEFORE" ANCHOR_VAL="1954-11-01" VAL="XXXX-XX">
  <timex2_mention ID="17_AlgerianWar-T4-1">
    <extent>
      <charseq START="740" END="763">only a few months before</charseq>
    </extent>
  </timex2_mention>
</timex2>
<timex2 ID="17_AlgerianWar-T5"  VAL="P5Y">
  <timex2_mention ID="17_AlgerianWar-T5-1">
    <extent>
      <charseq START="867" END="876">five years</charseq>
    </extent>
  </timex2_mention>
</timex2>
<timex2 ID="17_AlgerianWar-T6"  VAL="1954-11-12">
  <timex2_mention ID="17_AlgerianWar-T6-1">
    <extent>
      <charseq START="882" END="892">November 12</charseq>
    </extent>
  </timex2_mention>
</timex2>
<timex2 ID="17_AlgerianWar-T7" >
  <timex2_mention ID="17_AlgerianWar-T7-1">
    <extent>
      <charseq START="1144" END="1154">a long time</charseq>
    </extent>
  </timex2_mention>
</timex2>
<timex2 ID="17_AlgerianWar-T8"  VAL="1945-05-08">
  <timex2_mention ID="17_AlgerianWar-T8-1">
    <extent>
      <charseq START="1298" END="1308">May 8, 1945</charseq>
    </extent>
  </timex2_mention>
</timex2>
<timex2 ID="17_AlgerianWar-T9"  VAL="1952">
  <timex2_mention ID="17_AlgerianWar-T9-1">
    <extent>
      <charseq START="1929" END="1932">1952</charseq>
    </extent>
  </timex2_mention>
</timex2>
<timex2 ID="17_AlgerianWar-T10"  ANCHOR_DIR="STARTING" ANCHOR_VAL="1954-11-01" COMMENT="EC:EVENT-BASED" VAL="P1Y">
  <timex2_mention ID="17_AlgerianWar-T10-1">
    <extent>
      <charseq START="2079" END="2103">the first year of the war</charseq>
    </extent>
  </timex2_mention>
</timex2>
<timex2 ID="17_AlgerianWar-T11"  VAL="1956-04">
  <timex2_mention ID="17_AlgerianWar-T11-1">
    <extent>
      <charseq START="2451" END="2460">April 1956</charseq>
    </extent>
  </timex2_mention>
</timex2>
<timex2 ID="17_AlgerianWar-T12"  ANCHOR_DIR="BEFORE" ANCHOR_VAL="1956-04" VAL="PAST_REF">
  <timex2_mention ID="17_AlgerianWar-T12-1">
    <extent>
      <charseq START="2585" END="2592">the past</charseq>
    </extent>
  </timex2_mention>
</timex2>
<timex2 ID="17_AlgerianWar-T13"  ANCHOR_DIR="STARTING" ANCHOR_VAL="1954" COMMENT="EC:EVENT-BASED" VAL="P9Y">
  <timex2_mention ID="17_AlgerianWar-T13-1">
    <extent>
      <charseq START="3535" END="3570">the years of the War of Independence</charseq>
    </extent>
  </timex2_mention>
</timex2>
<timex2 ID="17_AlgerianWar-T14"  VAL="1955">
  <timex2_mention ID="17_AlgerianWar-T14-1">
    <extent>
      <charseq START="5539" END="5542">1955</charseq>
    </extent>
  </timex2_mention>
</timex2>
<timex2 ID="17_AlgerianWar-T15"  VAL="1955-01">
  <timex2_mention ID="17_AlgerianWar-T15-1">
    <extent>
      <charseq START="5844" END="5855">January 1955</charseq>
    </extent>
  </timex2_mention>
</timex2>
<timex2 ID="17_AlgerianWar-T16"  VAL="1955">
  <timex2_mention ID="17_AlgerianWar-T16-1">
    <extent>
      <charseq START="5923" END="5926">1955</charseq>
    </extent>
  </timex2_mention>
</timex2>
<timex2 ID="17_AlgerianWar-T17"  VAL="1955">
  <timex2_mention ID="17_AlgerianWar-T17-1">
    <extent>
      <charseq START="6282" END="6285">1955</charseq>
    </extent>
  </timex2_mention>
</timex2>
<timex2 ID="17_AlgerianWar-T18"  ANCHOR_DIR="AS_OF" ANCHOR_VAL="2009-12-19T17:00:00" VAL="PRESENT_REF">
  <timex2_mention ID="17_AlgerianWar-T18-1">
    <extent>
      <charseq START="6465" END="6467">now</charseq>
    </extent>
  </timex2_mention>
</timex2>
<timex2 ID="17_AlgerianWar-T19"  VAL="1955-08">
  <timex2_mention ID="17_AlgerianWar-T19-1">
    <extent>
      <charseq START="6489" END="6499">August 1955</charseq>
    </extent>
  </timex2_mention>
</timex2>
<timex2 ID="17_AlgerianWar-T20"  VAL="1956">
  <timex2_mention ID="17_AlgerianWar-T20-1">
    <extent>
      <charseq START="7278" END="7281">1956</charseq>
    </extent>
  </timex2_mention>
</timex2>
<timex2 ID="17_AlgerianWar-T21"  VAL="1956">
  <timex2_mention ID="17_AlgerianWar-T21-1">
    <extent>
      <charseq START="7819" END="7831">the same time</charseq>
    </extent>
  </timex2_mention>
</timex2>
<timex2 ID="17_AlgerianWar-T22"  VAL="1958">
  <timex2_mention ID="17_AlgerianWar-T22-1">
    <extent>
      <charseq START="8206" END="8209">1958</charseq>
    </extent>
  </timex2_mention>
</timex2>
<timex2 ID="17_AlgerianWar-T23"  VAL="1956-08">
  <timex2_mention ID="17_AlgerianWar-T23-1">
    <extent>
      <charseq START="8273" END="8278">August</charseq>
    </extent>
  </timex2_mention>
</timex2>
<timex2 ID="17_AlgerianWar-T24"  VAL="1956-09">
  <timex2_mention ID="17_AlgerianWar-T24-1">
    <extent>
      <charseq START="8280" END="8293">September 1956</charseq>
    </extent>
  </timex2_mention>
</timex2>
<timex2 ID="17_AlgerianWar-T25"  VAL="1956-10">
  <timex2_mention ID="17_AlgerianWar-T25-1">
    <extent>
      <charseq START="8910" END="8921">October 1956</charseq>
    </extent>
  </timex2_mention>
</timex2>
<timex2 ID="17_AlgerianWar-T26"  COMMENT="EC:EVENT-BASED">
  <timex2_mention ID="17_AlgerianWar-T26-1">
    <extent>
      <charseq START="9190" END="9212">the duration of the war</charseq>
    </extent>
  </timex2_mention>
</timex2>
<timex2 ID="17_AlgerianWar-T27"  VAL="1956-11">
  <timex2_mention ID="17_AlgerianWar-T27-1">
    <extent>
      <charseq START="9593" END="9605">November 1956</charseq>
    </extent>
  </timex2_mention>
</timex2>
<timex2 ID="17_AlgerianWar-T28"  VAL="1957">
  <timex2_mention ID="17_AlgerianWar-T28-1">
    <extent>
      <charseq START="9678" END="9681">1957</charseq>
    </extent>
  </timex2_mention>
</timex2>
<timex2 ID="17_AlgerianWar-T29"  VAL="1960">
  <timex2_mention ID="17_AlgerianWar-T29-1">
    <extent>
      <charseq START="10652" END="10655">1960</charseq>
    </extent>
  </timex2_mention>
</timex2>
<timex2 ID="17_AlgerianWar-T30"  ANCHOR_DIR="ENDING" ANCHOR_VAL="1960" COMMENT="EC:EVENT-BASED" VAL="PXY">
  <timex2_mention ID="17_AlgerianWar-T30-1">
    <extent>
      <charseq START="10895" END="10920">the last years of his life</charseq>
    </extent>
  </timex2_mention>
</timex2>
<timex2 ID="17_AlgerianWar-T31"  VAL="1956-09-30">
  <timex2_mention ID="17_AlgerianWar-T31-1">
    <extent>
      <charseq START="11210" END="11227">September 30, 1956</charseq>
    </extent>
  </timex2_mention>
</timex2>
<timex2 ID="17_AlgerianWar-T32"  SET="YES" VAL="XXXX-XX">
  <timex2_mention ID="17_AlgerianWar-T32-1">
    <extent>
      <charseq START="11440" END="11448">per month</charseq>
    </extent>
  </timex2_mention>
</timex2>
<timex2 ID="17_AlgerianWar-T33"  VAL="1957-SP">
  <timex2_mention ID="17_AlgerianWar-T33-1">
    <extent>
      <charseq START="11458" END="11475">the spring of 1957</charseq>
    </extent>
  </timex2_mention>
</timex2>
<timex2 ID="17_AlgerianWar-T34"  VAL="1957">
  <timex2_mention ID="17_AlgerianWar-T34-1">
    <extent>
      <charseq START="11575" END="11578">1957</charseq>
    </extent>
  </timex2_mention>
</timex2>
<timex2 ID="17_AlgerianWar-T35"  ANCHOR_DIR="STARTING" ANCHOR_VAL="1957-XX" VAL="PXM">
  <timex2_mention ID="17_AlgerianWar-T35-1">
    <extent>
      <charseq START="11876" END="11896">the succeeding months</charseq>
    </extent>
  </timex2_mention>
</timex2>
<timex2 ID="17_AlgerianWar-T36"  VAL="1954">
  <timex2_mention ID="17_AlgerianWar-T36-1">
    <extent>
      <charseq START="13084" END="13087">1954</charseq>
    </extent>
  </timex2_mention>
</timex2>
<timex2 ID="17_AlgerianWar-T37"  VAL="1957">
  <timex2_mention ID="17_AlgerianWar-T37-1">
    <extent>
      <charseq START="13270" END="13273">1957</charseq>
    </extent>
  </timex2_mention>
</timex2>
<timex2 ID="17_AlgerianWar-T38"  VAL="1956">
  <timex2_mention ID="17_AlgerianWar-T38-1">
    <extent>
      <charseq START="13740" END="13743">1956</charseq>
    </extent>
  </timex2_mention>
</timex2>
<timex2 ID="17_AlgerianWar-T39"  VAL="1957">
  <timex2_mention ID="17_AlgerianWar-T39-1">
    <extent>
      <charseq START="13749" END="13752">1957</charseq>
    </extent>
  </timex2_mention>
</timex2>
<timex2 ID="17_AlgerianWar-T40"  ANCHOR_DIR="AS_OF" ANCHOR_VAL="1956" COMMENT="WELL, AS_OF BOTH 1956 AND 1957, BUT THERE IS NO WAY TO EXPRESS IT" VAL="PRESENT_REF">
  <timex2_mention ID="17_AlgerianWar-T40-1">
    <extent>
      <charseq START="13862" END="13875">the time being</charseq>
    </extent>
  </timex2_mention>
</timex2>
<timex2 ID="17_AlgerianWar-T41"  VAL="XXXX-XX-XXTNI">
  <timex2_mention ID="17_AlgerianWar-T41-1">
    <extent>
      <charseq START="14267" END="14271">night</charseq>
    </extent>
  </timex2_mention>
</timex2>
<timex2 ID="17_AlgerianWar-T42"  ANCHOR_DIR="STARTING" ANCHOR_VAL="1954-11-01" COMMENT="EC:EVENT-BASED" VAL="P2Y">
  <timex2_mention ID="17_AlgerianWar-T42-1">
    <extent>
      <charseq START="15043" END="15077">the first two years of the conflict</charseq>
    </extent>
  </timex2_mention>
</timex2>
<timex2 ID="17_AlgerianWar-T43"  VAL="PAST_REF">
  <timex2_mention ID="17_AlgerianWar-T43-1">
    <extent>
      <charseq START="15159" END="15164">former</charseq>
    </extent>
  </timex2_mention>
</timex2>
<timex2 ID="17_AlgerianWar-T44"  ANCHOR_DIR="STARTING" ANCHOR_VAL="1954-11-01" COMMENT="EC:EVENT-BASED" VAL="PXY">
  <timex2_mention ID="17_AlgerianWar-T44-1">
    <extent>
      <charseq START="16152" END="16177">the early years of the war</charseq>
    </extent>
  </timex2_mention>
</timex2>
<timex2 ID="17_AlgerianWar-T45"  VAL="PXM">
  <timex2_mention ID="17_AlgerianWar-T45-1">
    <extent>
      <charseq START="16538" END="16548">many months</charseq>
    </extent>
  </timex2_mention>
</timex2>
<timex2 ID="17_AlgerianWar-T46"  VAL="1956">
  <timex2_mention ID="17_AlgerianWar-T46-1">
    <extent>
      <charseq START="16705" END="16708">1956</charseq>
    </extent>
  </timex2_mention>
</timex2>
<timex2 ID="17_AlgerianWar-T47"  VAL="2007">
  <timex2_mention ID="17_AlgerianWar-T47-1">
    <extent>
      <charseq START="17467" END="17470">2007</charseq>
    </extent>
  </timex2_mention>
</timex2>
<timex2 ID="17_AlgerianWar-T48"  VAL="1955">
  <timex2_mention ID="17_AlgerianWar-T48-1">
    <extent>
      <charseq START="17691" END="17694">1955</charseq>
    </extent>
  </timex2_mention>
</timex2>
<timex2 ID="17_AlgerianWar-T49"  VAL="1957">
  <timex2_mention ID="17_AlgerianWar-T49-1">
    <extent>
      <charseq START="18867" END="18870">1957</charseq>
    </extent>
  </timex2_mention>
</timex2>
<timex2 ID="17_AlgerianWar-T50"  VAL="1957-04">
  <timex2_mention ID="17_AlgerianWar-T50-1">
    <extent>
      <charseq START="19519" END="19523">April</charseq>
    </extent>
  </timex2_mention>
</timex2>
<timex2 ID="17_AlgerianWar-T51"  VAL="1957-09">
  <timex2_mention ID="17_AlgerianWar-T51-1">
    <extent>
      <charseq START="19528" END="19541">September 1957</charseq>
    </extent>
  </timex2_mention>
</timex2>
<timex2 ID="17_AlgerianWar-T52"  VAL="1956-12">
  <timex2_mention ID="17_AlgerianWar-T52-1">
    <extent>
      <charseq START="19728" END="19740">December 1956</charseq>
    </extent>
  </timex2_mention>
</timex2>
<timex2 ID="17_AlgerianWar-T53"  MOD="END" VAL="1957">
  <timex2_mention ID="17_AlgerianWar-T53-1">
    <extent>
      <charseq START="20821" END="20832">Late in 1957</charseq>
    </extent>
  </timex2_mention>
</timex2>
<timex2 ID="17_AlgerianWar-T54"  ANCHOR_DIR="STARTING" ANCHOR_VAL="1957" COMMENT="EC:EVENT-BASED" VAL="P3Y">
  <timex2_mention ID="17_AlgerianWar-T54-1">
    <extent>
      <charseq START="22526" END="22601">the three years (1957-60) during which the regroupement program was followed</charseq>
    </extent>
  </timex2_mention>
</timex2>
<timex2 ID="17_AlgerianWar-T55"  VAL="1957">
  <timex2_mention ID="17_AlgerianWar-T55-1">
    <extent>
      <charseq START="22543" END="22546">1957</charseq>
    </extent>
  </timex2_mention>
</timex2>
<timex2 ID="17_AlgerianWar-T56"  VAL="1960">
  <timex2_mention ID="17_AlgerianWar-T56-1">
    <extent>
      <charseq START="22548" END="22549">60</charseq>
    </extent>
  </timex2_mention>
</timex2>
<timex2 ID="17_AlgerianWar-T57"  MOD="END" VAL="1958">
  <timex2_mention ID="17_AlgerianWar-T57-1">
    <extent>
      <charseq START="23426" END="23440">the end of 1958</charseq>
    </extent>
  </timex2_mention>
</timex2>
<timex2 ID="17_AlgerianWar-T58"  VAL="1959">
  <timex2_mention ID="17_AlgerianWar-T58-1">
    <extent>
      <charseq START="23581" END="23593">the next year</charseq>
    </extent>
  </timex2_mention>
</timex2>
<timex2 ID="17_AlgerianWar-T59"  VAL="1954">
  <timex2_mention ID="17_AlgerianWar-T59-1">
    <extent>
      <charseq START="24273" END="24276">1954</charseq>
    </extent>
  </timex2_mention>
</timex2>
<timex2 ID="17_AlgerianWar-T60"  VAL="1946">
  <timex2_mention ID="17_AlgerianWar-T60-1">
    <extent>
      <charseq START="24465" END="24468">1946</charseq>
    </extent>
  </timex2_mention>
</timex2>
<timex2 ID="17_AlgerianWar-T61"  MOD="START" VAL="1958">
  <timex2_mention ID="17_AlgerianWar-T61-1">
    <extent>
      <charseq START="24756" END="24765">early 1958</charseq>
    </extent>
  </timex2_mention>
</timex2>
<timex2 ID="17_AlgerianWar-T62"  VAL="1958-05-13TNI">
  <timex2_mention ID="17_AlgerianWar-T62-1">
    <extent>
      <charseq START="24947" END="24965">the night of May 13</charseq>
    </extent>
  </timex2_mention>
</timex2>
<timex2 ID="17_AlgerianWar-T63"  VAL="1958-05">
  <timex2_mention ID="17_AlgerianWar-T63-1">
    <extent>
      <charseq START="24992" END="24999">May 1958</charseq>
    </extent>
  </timex2_mention>
</timex2>
<timex2 ID="17_AlgerianWar-T64"  VAL="1958-05-24">
  <timex2_mention ID="17_AlgerianWar-T64-1">
    <extent>
      <charseq START="25317" END="25322">May 24</charseq>
    </extent>
  </timex2_mention>
</timex2>
<timex2 ID="17_AlgerianWar-T65"  VAL="1958-05-29">
  <timex2_mention ID="17_AlgerianWar-T65-1">
    <extent>
      <charseq START="25949" END="25954">May 29</charseq>
    </extent>
  </timex2_mention>
</timex2>
<timex2 ID="17_AlgerianWar-T66"  COMMENT="EC:EVENT-BASED" VAL="1958-05-29TXX">
  <timex2_mention ID="17_AlgerianWar-T66-1">
    <extent>
      <charseq START="25983" END="26039">fifteen hours before the projected launch of Resurrection</charseq>
    </extent>
  </timex2_mention>
</timex2>
<timex2 ID="17_AlgerianWar-T67"  VAL="1958">
  <timex2_mention ID="17_AlgerianWar-T67-1">
    <extent>
      <charseq START="26092" END="26095">1958</charseq>
    </extent>
  </timex2_mention>
</timex2>
<timex2 ID="17_AlgerianWar-T68"  VAL="1958">
  <timex2_mention ID="17_AlgerianWar-T68-1">
    <extent>
      <charseq START="26298" END="26301">1958</charseq>
    </extent>
  </timex2_mention>
</timex2>
<timex2 ID="17_AlgerianWar-T69"  VAL="1958-06-04">
  <timex2_mention ID="17_AlgerianWar-T69-1">
    <extent>
      <charseq START="26558" END="26563">June 4</charseq>
    </extent>
  </timex2_mention>
</timex2>
<timex2 ID="17_AlgerianWar-T70"  VAL="1958-06-04">
  <timex2_mention ID="17_AlgerianWar-T70-1">
    <extent>
      <charseq START="26985" END="26997">the same time</charseq>
    </extent>
  </timex2_mention>
</timex2>
<timex2 ID="17_AlgerianWar-T71"  MOD="START" VAL="1959">
  <timex2_mention ID="17_AlgerianWar-T71-1">
    <extent>
      <charseq START="27518" END="27536">early the next year</charseq>
    </extent>
  </timex2_mention>
</timex2>
<timex2 ID="17_AlgerianWar-T72"  VAL="1958-09">
  <timex2_mention ID="17_AlgerianWar-T72-1">
    <extent>
      <charseq START="27780" END="27793">September 1958</charseq>
    </extent>
  </timex2_mention>
</timex2>
<timex2 ID="17_AlgerianWar-T73"  VAL="1958-08">
  <timex2_mention ID="17_AlgerianWar-T73-1">
    <extent>
      <charseq START="28535" END="28540">August</charseq>
    </extent>
  </timex2_mention>
</timex2>
<timex2 ID="17_AlgerianWar-T74"  VAL="1958-09">
  <timex2_mention ID="17_AlgerianWar-T74-1">
    <extent>
      <charseq START="28755" END="28763">September</charseq>
    </extent>
  </timex2_mention>
</timex2>
<timex2 ID="17_AlgerianWar-T75"  VAL="1959-02">
  <timex2_mention ID="17_AlgerianWar-T75-1">
    <extent>
      <charseq START="28820" END="28832">February 1959</charseq>
    </extent>
  </timex2_mention>
</timex2>
<timex2 ID="17_AlgerianWar-T76"  VAL="1958-10">
  <timex2_mention ID="17_AlgerianWar-T76-1">
    <extent>
      <charseq START="28920" END="28926">October</charseq>
    </extent>
  </timex2_mention>
</timex2>
<timex2 ID="17_AlgerianWar-T77"  VAL="1958">
  <timex2_mention ID="17_AlgerianWar-T77-1">
    <extent>
      <charseq START="29381" END="29384">1958</charseq>
    </extent>
  </timex2_mention>
</timex2>
<timex2 ID="17_AlgerianWar-T78"  VAL="1959">
  <timex2_mention ID="17_AlgerianWar-T78-1">
    <extent>
      <charseq START="29386" END="29387">59</charseq>
    </extent>
  </timex2_mention>
</timex2>
<timex2 ID="17_AlgerianWar-T79"  MOD="END" VAL="1959-07">
  <timex2_mention ID="17_AlgerianWar-T79-1">
    <extent>
      <charseq START="29488" END="29501">late July 1959</charseq>
    </extent>
  </timex2_mention>
</timex2>
<timex2 ID="17_AlgerianWar-T80"  VAL="1954">
  <timex2_mention ID="17_AlgerianWar-T80-1">
    <extent>
      <charseq START="29602" END="29605">1954</charseq>
    </extent>
  </timex2_mention>
</timex2>
<timex2 ID="17_AlgerianWar-T81"  ANCHOR_DIR="AS_OF" ANCHOR_VAL="1959-07" VAL="PRESENT_REF">
  <timex2_mention ID="17_AlgerianWar-T81-1">
    <extent>
      <charseq START="29814" END="29822">right now</charseq>
    </extent>
  </timex2_mention>
</timex2>
<timex2 ID="17_AlgerianWar-T82"  VAL="1959-07">
  <timex2_mention ID="17_AlgerianWar-T82-1">
    <extent>
      <charseq START="30136" END="30144">July 1959</charseq>
    </extent>
  </timex2_mention>
</timex2>
<timex2 ID="17_AlgerianWar-T83" >
  <timex2_mention ID="17_AlgerianWar-T83-1">
    <extent>
      <charseq START="30154" END="30164">that period</charseq>
    </extent>
  </timex2_mention>
</timex2>
<timex2 ID="17_AlgerianWar-T84"  SET="YES" VAL="XXXX">
  <timex2_mention ID="17_AlgerianWar-T84-1">
    <extent>
      <charseq START="30779" END="30786">Annually</charseq>
    </extent>
  </timex2_mention>
</timex2>
<timex2 ID="17_AlgerianWar-T85"  VAL="1955">
  <timex2_mention ID="17_AlgerianWar-T85-1">
    <extent>
      <charseq START="30794" END="30797">1955</charseq>
    </extent>
  </timex2_mention>
</timex2>
<timex2 ID="17_AlgerianWar-T86"  VAL="1959-09-16">
  <timex2_mention ID="17_AlgerianWar-T86-1">
    <extent>
      <charseq START="31098" END="31114">16 September 1959</charseq>
    </extent>
  </timex2_mention>
</timex2>
<timex2 ID="17_AlgerianWar-T87"  ANCHOR_DIR="STARTING" ANCHOR_VAL="1960-01-24" VAL="P1W">
  <timex2_mention ID="17_AlgerianWar-T87-1">
    <extent>
      <charseq START="31553" END="31571">The barricades week</charseq>
    </extent>
  </timex2_mention>
</timex2>
<timex2 ID="17_AlgerianWar-T88"  VAL="1960-01-24">
  <timex2_mention ID="17_AlgerianWar-T88-1">
    <extent>
      <charseq START="31865" END="31880">January 24, 1960</charseq>
    </extent>
  </timex2_mention>
</timex2>
<timex2 ID="17_AlgerianWar-T89"  ANCHOR_DIR="STARTING" ANCHOR_VAL="1960-01-24" VAL="P1W">
  <timex2_mention ID="17_AlgerianWar-T89-1">
    <extent>
      <charseq START="31934" END="31952">the barricades week</charseq>
    </extent>
  </timex2_mention>
</timex2>
<timex2 ID="17_AlgerianWar-T90"  VAL="1960-01-29TEV">
  <timex2_mention ID="17_AlgerianWar-T90-1">
    <extent>
      <charseq START="32725" END="32755">the evening of January 29, 1960</charseq>
    </extent>
  </timex2_mention>
</timex2>
<timex2 ID="17_AlgerianWar-T91"  COMMENT="EC:EVENT-BASED">
  <timex2_mention ID="17_AlgerianWar-T91-1">
    <extent>
      <charseq START="33112" END="33144">a prolonged period of appeasement</charseq>
    </extent>
  </timex2_mention>
</timex2>
<timex2 ID="17_AlgerianWar-T92"  ANCHOR_DIR="STARTING" ANCHOR_VAL="1940" VAL="P20Y">
  <timex2_mention ID="17_AlgerianWar-T92-1">
    <extent>
      <charseq START="34124" END="34135">twenty years</charseq>
    </extent>
  </timex2_mention>
</timex2>
<timex2 ID="17_AlgerianWar-T93"  VAL="1960-02-01">
  <timex2_mention ID="17_AlgerianWar-T93-1">
    <extent>
      <charseq START="34257" END="34266">February 1</charseq>
    </extent>
  </timex2_mention>
</timex2>
<timex2 ID="17_AlgerianWar-T94"  VAL="1960-12-03">
  <timex2_mention ID="17_AlgerianWar-T94-1">
    <extent>
      <charseq START="34748" END="34763">December 3, 1960</charseq>
    </extent>
  </timex2_mention>
</timex2>
<timex2 ID="17_AlgerianWar-T95"  VAL="1947">
  <timex2_mention ID="17_AlgerianWar-T95-1">
    <extent>
      <charseq START="35943" END="35946">1947</charseq>
    </extent>
  </timex2_mention>
</timex2>
<timex2 ID="17_AlgerianWar-T96"  VAL="1954">
  <timex2_mention ID="17_AlgerianWar-T96-1">
    <extent>
      <charseq START="35948" END="35949">54</charseq>
    </extent>
  </timex2_mention>
</timex2>
<timex2 ID="17_AlgerianWar-T97"  VAL="1947">
  <timex2_mention ID="17_AlgerianWar-T97-1">
    <extent>
      <charseq START="37346" END="37349">1947</charseq>
    </extent>
  </timex2_mention>
</timex2>
<timex2 ID="17_AlgerianWar-T98"  VAL="1954">
  <timex2_mention ID="17_AlgerianWar-T98-1">
    <extent>
      <charseq START="37351" END="37354">1954</charseq>
    </extent>
  </timex2_mention>
</timex2>
<timex2 ID="17_AlgerianWar-T99"  VAL="1960-05">
  <timex2_mention ID="17_AlgerianWar-T99-1">
    <extent>
      <charseq START="37730" END="37737">May 1960</charseq>
    </extent>
  </timex2_mention>
</timex2>
<timex2 ID="17_AlgerianWar-T100"  ANCHOR_DIR="BEFORE" ANCHOR_VAL="1960-05" VAL="PAST_REF">
  <timex2_mention ID="17_AlgerianWar-T100-1">
    <extent>
      <charseq START="37875" END="37880">former</charseq>
    </extent>
  </timex2_mention>
</timex2>
<timex2 ID="17_AlgerianWar-T101"  VAL="198">
  <timex2_mention ID="17_AlgerianWar-T101-1">
    <extent>
      <charseq START="37983" END="37991">the 1980s</charseq>
    </extent>
  </timex2_mention>
</timex2>
<timex2 ID="17_AlgerianWar-T102"  VAL="1960-06">
  <timex2_mention ID="17_AlgerianWar-T102-1">
    <extent>
      <charseq START="38174" END="38182">June 1960</charseq>
    </extent>
  </timex2_mention>
</timex2>
<timex2 ID="17_AlgerianWar-T103"  ANCHOR_DIR="BEFORE" ANCHOR_VAL="1960-06" VAL="PAST_REF">
  <timex2_mention ID="17_AlgerianWar-T103-1">
    <extent>
      <charseq START="38211" END="38216">former</charseq>
    </extent>
  </timex2_mention>
</timex2>
<timex2 ID="17_AlgerianWar-T104"  VAL="1965">
  <timex2_mention ID="17_AlgerianWar-T104-1">
    <extent>
      <charseq START="38389" END="38392">1965</charseq>
    </extent>
  </timex2_mention>
</timex2>
<timex2 ID="17_AlgerianWar-T105"  VAL="1960-12">
  <timex2_mention ID="17_AlgerianWar-T105-1">
    <extent>
      <charseq START="38532" END="38544">December 1960</charseq>
    </extent>
  </timex2_mention>
</timex2>
<timex2 ID="17_AlgerianWar-T106"  VAL="1961-01-08">
  <timex2_mention ID="17_AlgerianWar-T106-1">
    <extent>
      <charseq START="39083" END="39097">January 8, 1961</charseq>
    </extent>
  </timex2_mention>
</timex2>
<timex2 ID="17_AlgerianWar-T107"  VAL="1961-04">
  <timex2_mention ID="17_AlgerianWar-T107-1">
    <extent>
      <charseq START="39350" END="39359">April 1961</charseq>
    </extent>
  </timex2_mention>
</timex2>
<timex2 ID="17_AlgerianWar-T108"  ANCHOR_DIR="AS_OF" ANCHOR_VAL="1961-04" VAL="PRESENT_REF">
  <timex2_mention ID="17_AlgerianWar-T108-1">
    <extent>
      <charseq START="39514" END="39516">now</charseq>
    </extent>
  </timex2_mention>
</timex2>
<timex2 ID="17_AlgerianWar-T109"  VAL="1961-05">
  <timex2_mention ID="17_AlgerianWar-T109-1">
    <extent>
      <charseq START="39803" END="39810">May 1961</charseq>
    </extent>
  </timex2_mention>
</timex2>
<timex2 ID="17_AlgerianWar-T110"  VAL="1962-03-19">
  <timex2_mention ID="17_AlgerianWar-T110-1">
    <extent>
      <charseq START="39909" END="39922">March 19, 1962</charseq>
    </extent>
  </timex2_mention>
</timex2>
<timex2 ID="17_AlgerianWar-T111"  ANCHOR_DIR="AFTER" ANCHOR_VAL="1962-03-19" VAL="P3Y">
  <timex2_mention ID="17_AlgerianWar-T111-1">
    <extent>
      <charseq START="40031" END="40049">a three year period</charseq>
    </extent>
  </timex2_mention>
</timex2>
<timex2 ID="17_AlgerianWar-T112"  ANCHOR_DIR="AFTER" ANCHOR_VAL="1962-03-19" MOD="END" VAL="P3Y">
  <timex2_mention ID="17_AlgerianWar-T112-1">
    <extent>
      <charseq START="40179" END="40200">the end of that period</charseq>
    </extent>
  </timex2_mention>
</timex2>
<timex2 ID="17_AlgerianWar-T113"  VAL="1962-06">
  <timex2_mention ID="17_AlgerianWar-T113-1">
    <extent>
      <charseq START="40662" END="40670">June 1962</charseq>
    </extent>
  </timex2_mention>
</timex2>
<timex2 ID="17_AlgerianWar-T114"  VAL="1962-07-01">
  <timex2_mention ID="17_AlgerianWar-T114-1">
    <extent>
      <charseq START="40760" END="40771">July 1, 1962</charseq>
    </extent>
  </timex2_mention>
</timex2>
<timex2 ID="17_AlgerianWar-T115"  VAL="1962-07-03">
  <timex2_mention ID="17_AlgerianWar-T115-1">
    <extent>
      <charseq START="41073" END="41078">July 3</charseq>
    </extent>
  </timex2_mention>
</timex2>
<timex2 ID="17_AlgerianWar-T116"  VAL="1962-07-05">
  <timex2_mention ID="17_AlgerianWar-T116-1">
    <extent>
      <charseq START="41128" END="41133">July 5</charseq>
    </extent>
  </timex2_mention>
</timex2>
<timex2 ID="17_AlgerianWar-T117"  COMMENT="EC:EVENT-BASED" VAL="1962-07-05">
  <timex2_mention ID="17_AlgerianWar-T117-1">
    <extent>
      <charseq START="41136" END="41189">the 132nd anniversary of the French entry into Algeria</charseq>
    </extent>
  </timex2_mention>
</timex2>
<timex2 ID="17_AlgerianWar-T118"  COMMENT="EC:EVENT-BASED" VAL="1962-07-05">
  <timex2_mention ID="17_AlgerianWar-T118-1">
    <extent>
      <charseq START="41195" END="41226">the day of national independence</charseq>
    </extent>
  </timex2_mention>
</timex2>
<timex2 ID="17_AlgerianWar-T119"  ANCHOR_DIR="STARTING" ANCHOR_VAL="1962-03-19" COMMENT="EC:EVENT-BASED" VAL="P3M">
  <timex2_mention ID="17_AlgerianWar-T119-1">
    <extent>
      <charseq START="41236" END="41311">the three months between the cease-fire and the French referendum on Algeria</charseq>
    </extent>
  </timex2_mention>
</timex2>
<timex2 ID="17_AlgerianWar-T120"  VAL="PRESENT_REF">
  <timex2_mention ID="17_AlgerianWar-T120-1">
    <extent>
      <charseq START="41445" END="41447">now</charseq>
    </extent>
  </timex2_mention>
</timex2>
<timex2 ID="17_AlgerianWar-T121"  ANCHOR_DIR="ENDING" ANCHOR_VAL="1962" COMMENT="EC:EVENT-BASED" VAL="P8Y">
  <timex2_mention ID="17_AlgerianWar-T121-1">
    <extent>
      <charseq START="41610" END="41638">eight years of savage warfare</charseq>
    </extent>
  </timex2_mention>
</timex2>
<timex2 ID="17_AlgerianWar-T122"  SET="YES" VAL="XXXX-XX-XX">
  <timex2_mention ID="17_AlgerianWar-T122-1">
    <extent>
      <charseq START="41688" END="41694">per day</charseq>
    </extent>
  </timex2_mention>
</timex2>
<timex2 ID="17_AlgerianWar-T123"  VAL="1962-03">
  <timex2_mention ID="17_AlgerianWar-T123-1">
    <extent>
      <charseq START="41699" END="41703">March</charseq>
    </extent>
  </timex2_mention>
</timex2>
<timex2 ID="17_AlgerianWar-T124"  VAL="1962-06-17">
  <timex2_mention ID="17_AlgerianWar-T124-1">
    <extent>
      <charseq START="41849" END="41861">June 17, 1962</charseq>
    </extent>
  </timex2_mention>
</timex2>
<timex2 ID="17_AlgerianWar-T125"  VAL="1962-06">
  <timex2_mention ID="17_AlgerianWar-T125-1">
    <extent>
      <charseq START="41867" END="41880">the same month</charseq>
    </extent>
  </timex2_mention>
</timex2>
<timex2 ID="17_AlgerianWar-T126"  MOD="END" VAL="1962-06">
  <timex2_mention ID="17_AlgerianWar-T126-1">
    <extent>
      <charseq START="41998" END="42012">the end of June</charseq>
    </extent>
  </timex2_mention>
</timex2>
<timex2 ID="17_AlgerianWar-T127"  VAL="1962">
  <timex2_mention ID="17_AlgerianWar-T127-1">
    <extent>
      <charseq START="42209" END="42212">1962</charseq>
    </extent>
  </timex2_mention>
</timex2>
<timex2 ID="17_AlgerianWar-T128"  COMMENT="EC:EVENT-BASED" VAL="1962-07-05">
  <timex2_mention ID="17_AlgerianWar-T128-1">
    <extent>
      <charseq START="42215" END="42238">four days after the vote</charseq>
    </extent>
  </timex2_mention>
</timex2>
<timex2 ID="17_AlgerianWar-T129"  VAL="1962-SU">
  <timex2_mention ID="17_AlgerianWar-T129-1">
    <extent>
      <charseq START="42376" END="42386">Summer 1962</charseq>
    </extent>
  </timex2_mention>
</timex2>
<timex2 ID="17_AlgerianWar-T130"  ANCHOR_DIR="STARTING" ANCHOR_VAL="1962-06" VAL="P1Y">
  <timex2_mention ID="17_AlgerianWar-T130-1">
    <extent>
      <charseq START="42417" END="42422">a year</charseq>
    </extent>
  </timex2_mention>
</timex2>
</document>
</source_file>
