<?xml version="1.0"?>
<!DOCTYPE source_file SYSTEM "apf.v5.1.2.dtd">
<source_file URI="keyinline/18_SovietsInAfghanistan.key.xml" SOURCE="18_wikipedia" TYPE="text">
<document DOCID="18_SovietsInAfghanistan">
<timex2 ID="18_SovietsInAfghanistan-T1"  VAL="2009-12-19T17:00:00">
  <timex2_mention ID="18_SovietsInAfghanistan-T1-1">
    <extent>
      <charseq START="44" END="62">2009-12-19T17:00:00</charseq>
    </extent>
  </timex2_mention>
</timex2>
<timex2 ID="18_SovietsInAfghanistan-T2"  VAL="1979">
  <timex2_mention ID="18_SovietsInAfghanistan-T2-1">
    <extent>
      <charseq START="66" END="69">1979</charseq>
    </extent>
  </timex2_mention>
</timex2>
<timex2 ID="18_SovietsInAfghanistan-T3"  VAL="1978-12">
  <timex2_mention ID="18_SovietsInAfghanistan-T3-1">
    <extent>
      <charseq START="141" END="153">December 1978</charseq>
    </extent>
  </timex2_mention>
</timex2>
<timex2 ID="18_SovietsInAfghanistan-T4"  VAL="1979-SP">
  <timex2_mention ID="18_SovietsInAfghanistan-T4-1">
    <extent>
      <charseq START="265" END="274">the spring</charseq>
    </extent>
  </timex2_mention>
</timex2>
<timex2 ID="18_SovietsInAfghanistan-T5"  VAL="1979-SU">
  <timex2_mention ID="18_SovietsInAfghanistan-T5-1">
    <extent>
      <charseq START="280" END="293">summer of 1979</charseq>
    </extent>
  </timex2_mention>
</timex2>
<timex2 ID="18_SovietsInAfghanistan-T6"  VAL="1979-04-14">
  <timex2_mention ID="18_SovietsInAfghanistan-T6-1">
    <extent>
      <charseq START="406" END="419">April 14, 1979</charseq>
    </extent>
  </timex2_mention>
</timex2>
<timex2 ID="18_SovietsInAfghanistan-T7"  VAL="1979-06-16">
  <timex2_mention ID="18_SovietsInAfghanistan-T7-1">
    <extent>
      <charseq START="534" END="540">June 16</charseq>
    </extent>
  </timex2_mention>
</timex2>
<timex2 ID="18_SovietsInAfghanistan-T8"  VAL="1979-07-07">
  <timex2_mention ID="18_SovietsInAfghanistan-T8-1">
    <extent>
      <charseq START="835" END="840">July 7</charseq>
    </extent>
  </timex2_mention>
</timex2>
<timex2 ID="18_SovietsInAfghanistan-T9"  ANCHOR_DIR="AFTER" ANCHOR_VAL="1979-06-16" COMMENT="IT IS NOT CLEAR WHAT IS THE ANCHOR: JUNE OR JULY? OR MAYBE APRIL?" VAL="P1M">
  <timex2_mention ID="18_SovietsInAfghanistan-T9-1">
    <extent>
      <charseq START="1104" END="1110">a month</charseq>
    </extent>
  </timex2_mention>
</timex2>
<timex2 ID="18_SovietsInAfghanistan-T10"  VAL="1979-07">
  <timex2_mention ID="18_SovietsInAfghanistan-T10-1">
    <extent>
      <charseq START="1222" END="1225">July</charseq>
    </extent>
  </timex2_mention>
</timex2>
<timex2 ID="18_SovietsInAfghanistan-T11"  VAL="XXXX-XX-XX">
  <timex2_mention ID="18_SovietsInAfghanistan-T11-1">
    <extent>
      <charseq START="1319" END="1335">The following day</charseq>
    </extent>
  </timex2_mention>
</timex2>
<timex2 ID="18_SovietsInAfghanistan-T12"  ANCHOR_DIR="STARTING" ANCHOR_VAL="1979-07" VAL="PXM">
  <timex2_mention ID="18_SovietsInAfghanistan-T12-1">
    <extent>
      <charseq START="1476" END="1495">the following months</charseq>
    </extent>
  </timex2_mention>
</timex2>
<timex2 ID="18_SovietsInAfghanistan-T13"  VAL="1979-12">
  <timex2_mention ID="18_SovietsInAfghanistan-T13-1">
    <extent>
      <charseq START="1509" END="1521">December 1979</charseq>
    </extent>
  </timex2_mention>
</timex2>
<timex2 ID="18_SovietsInAfghanistan-T14"  ANCHOR_DIR="BEFORE" ANCHOR_VAL="2009-12-19T17:00:00" COMMENT="ANCHOR IS THE DOCUMENT TIME-STAMP" VAL="PAST_REF">
  <timex2_mention ID="18_SovietsInAfghanistan-T14-1">
    <extent>
      <charseq START="1670" END="1675">former</charseq>
    </extent>
  </timex2_mention>
</timex2>
<timex2 ID="18_SovietsInAfghanistan-T15"  ANCHOR_DIR="AS_OF" ANCHOR_VAL="2009-12-19T17:00:00" COMMENT="ANCHOR IS THE DOCUMENT TIME-STAMP" VAL="PRESENT_REF">
  <timex2_mention ID="18_SovietsInAfghanistan-T15-1">
    <extent>
      <charseq START="1725" END="1731">current</charseq>
    </extent>
  </timex2_mention>
</timex2>
<timex2 ID="18_SovietsInAfghanistan-T16"  COMMENT="EC:EVENT-BASED" VAL="1979-07">
  <timex2_mention ID="18_SovietsInAfghanistan-T16-1">
    <extent>
      <charseq START="1881" END="1919">six months before the Soviet deployment</charseq>
    </extent>
  </timex2_mention>
</timex2>
<timex2 ID="18_SovietsInAfghanistan-T17"  VAL="1979-07-03">
  <timex2_mention ID="18_SovietsInAfghanistan-T17-1">
    <extent>
      <charseq START="1925" END="1936">July 3, 1979</charseq>
    </extent>
  </timex2_mention>
</timex2>
<timex2 ID="18_SovietsInAfghanistan-T18"  VAL="1980">
  <timex2_mention ID="18_SovietsInAfghanistan-T18-1">
    <extent>
      <charseq START="2210" END="2213">1980</charseq>
    </extent>
  </timex2_mention>
</timex2>
<timex2 ID="18_SovietsInAfghanistan-T19"  VAL="1979-12-24">
  <timex2_mention ID="18_SovietsInAfghanistan-T19-1">
    <extent>
      <charseq START="2275" END="2291">December 24, 1979</charseq>
    </extent>
  </timex2_mention>
</timex2>
<timex2 ID="18_SovietsInAfghanistan-T20"  COMMENT="THE TIME-STAMP OF THE UTTERANCE IS UNKNOWN." VAL="PRESENT_REF">
  <timex2_mention ID="18_SovietsInAfghanistan-T20-1">
    <extent>
      <charseq START="2334" END="2336">now</charseq>
    </extent>
  </timex2_mention>
</timex2>
<timex2 ID="18_SovietsInAfghanistan-T21"  VAL="1998">
  <timex2_mention ID="18_SovietsInAfghanistan-T21-1">
    <extent>
      <charseq START="2555" END="2558">1998</charseq>
    </extent>
  </timex2_mention>
</timex2>
<timex2 ID="18_SovietsInAfghanistan-T22"  COMMENT="EC:EVENT-BASED" VAL="1979-12-24">
  <timex2_mention ID="18_SovietsInAfghanistan-T22-1">
    <extent>
      <charseq START="2834" END="2887">The day that the Soviets officially crossed the border</charseq>
    </extent>
  </timex2_mention>
</timex2>
<timex2 ID="18_SovietsInAfghanistan-T23"  ANCHOR_DIR="AS_OF" ANCHOR_VAL="1979-06-16" VAL="PRESENT_REF">
  <timex2_mention ID="18_SovietsInAfghanistan-T23-1">
    <extent>
      <charseq START="2922" END="2924">now</charseq>
    </extent>
  </timex2_mention>
</timex2>
<timex2 ID="18_SovietsInAfghanistan-T24"  VAL="1979-07-03">
  <timex2_mention ID="18_SovietsInAfghanistan-T24-1">
    <extent>
      <charseq START="3012" END="3023">July 3, 1979</charseq>
    </extent>
  </timex2_mention>
</timex2>
<timex2 ID="18_SovietsInAfghanistan-T25"  MOD="END" VAL="1978-04">
  <timex2_mention ID="18_SovietsInAfghanistan-T25-1">
    <extent>
      <charseq START="3778" END="3792">late April 1978</charseq>
    </extent>
  </timex2_mention>
</timex2>
<timex2 ID="18_SovietsInAfghanistan-T26"  VAL="PAST_REF">
  <timex2_mention ID="18_SovietsInAfghanistan-T26-1">
    <extent>
      <charseq START="4372" END="4377">former</charseq>
    </extent>
  </timex2_mention>
</timex2>
<timex2 ID="18_SovietsInAfghanistan-T27" >
  <timex2_mention ID="18_SovietsInAfghanistan-T27-1">
    <extent>
      <charseq START="4633" END="4641">that time</charseq>
    </extent>
  </timex2_mention>
</timex2>
<timex2 ID="18_SovietsInAfghanistan-T28"  VAL="197">
  <timex2_mention ID="18_SovietsInAfghanistan-T28-1">
    <extent>
      <charseq START="4799" END="4807">the 1970s</charseq>
    </extent>
  </timex2_mention>
</timex2>
<timex2 ID="18_SovietsInAfghanistan-T29"  VAL="1979-06">
  <timex2_mention ID="18_SovietsInAfghanistan-T29-1">
    <extent>
      <charseq START="5122" END="5130">June 1979</charseq>
    </extent>
  </timex2_mention>
</timex2>
<timex2 ID="18_SovietsInAfghanistan-T30"  VAL="1979-12">
  <timex2_mention ID="18_SovietsInAfghanistan-T30-1">
    <extent>
      <charseq START="5279" END="5291">December 1979</charseq>
    </extent>
  </timex2_mention>
</timex2>
<timex2 ID="18_SovietsInAfghanistan-T31"  VAL="1979">
  <timex2_mention ID="18_SovietsInAfghanistan-T31-1">
    <extent>
      <charseq START="5383" END="5386">1979</charseq>
    </extent>
  </timex2_mention>
</timex2>
<timex2 ID="18_SovietsInAfghanistan-T32"  VAL="1979-12-07">
  <timex2_mention ID="18_SovietsInAfghanistan-T32-1">
    <extent>
      <charseq START="5409" END="5424">December 7, 1979</charseq>
    </extent>
  </timex2_mention>
</timex2>
<timex2 ID="18_SovietsInAfghanistan-T33"  VAL="1979-12-25">
  <timex2_mention ID="18_SovietsInAfghanistan-T33-1">
    <extent>
      <charseq START="5903" END="5913">December 25</charseq>
    </extent>
  </timex2_mention>
</timex2>
<timex2 ID="18_SovietsInAfghanistan-T34"  VAL="1979-12-17">
  <timex2_mention ID="18_SovietsInAfghanistan-T34-1">
    <extent>
      <charseq START="6235" END="6245">December 17</charseq>
    </extent>
  </timex2_mention>
</timex2>
<timex2 ID="18_SovietsInAfghanistan-T35"  VAL="1979-12-27">
  <timex2_mention ID="18_SovietsInAfghanistan-T35-1">
    <extent>
      <charseq START="6433" END="6449">December 27, 1979</charseq>
    </extent>
  </timex2_mention>
</timex2>
<timex2 ID="18_SovietsInAfghanistan-T36"  VAL="1979-12-27T19:00">
  <timex2_mention ID="18_SovietsInAfghanistan-T36-1">
    <extent>
      <charseq START="6739" END="6746">19:00 hr</charseq>
    </extent>
  </timex2_mention>
</timex2>
<timex2 ID="18_SovietsInAfghanistan-T37"  VAL="1979-12-27T19:15">
  <timex2_mention ID="18_SovietsInAfghanistan-T37-1">
    <extent>
      <charseq START="6856" END="6860">19:15</charseq>
    </extent>
  </timex2_mention>
</timex2>
<timex2 ID="18_SovietsInAfghanistan-T38"  VAL="1979-12-27T19:15">
  <timex2_mention ID="18_SovietsInAfghanistan-T38-1">
    <extent>
      <charseq START="7030" END="7034">19:15</charseq>
    </extent>
  </timex2_mention>
</timex2>
<timex2 ID="18_SovietsInAfghanistan-T39"  VAL="1979-12-28TMO">
  <timex2_mention ID="18_SovietsInAfghanistan-T39-1">
    <extent>
      <charseq START="7074" END="7105">the morning of December 28, 1979</charseq>
    </extent>
  </timex2_mention>
</timex2>
<timex2 ID="18_SovietsInAfghanistan-T40"  VAL="1978">
  <timex2_mention ID="18_SovietsInAfghanistan-T40-1">
    <extent>
      <charseq START="7302" END="7305">1978</charseq>
    </extent>
  </timex2_mention>
</timex2>
<timex2 ID="18_SovietsInAfghanistan-T41"  ANCHOR_DIR="BEFORE" ANCHOR_VAL="1979-12-28" VAL="PAST_REF">
  <timex2_mention ID="18_SovietsInAfghanistan-T41-1">
    <extent>
      <charseq START="7520" END="7525">former</charseq>
    </extent>
  </timex2_mention>
</timex2>
<timex2 ID="18_SovietsInAfghanistan-T42"  VAL="1979-12-27">
  <timex2_mention ID="18_SovietsInAfghanistan-T42-1">
    <extent>
      <charseq START="7843" END="7853">December 27</charseq>
    </extent>
  </timex2_mention>
</timex2>
<timex2 ID="18_SovietsInAfghanistan-T43"  VAL="1979-12-27TMO">
  <timex2_mention ID="18_SovietsInAfghanistan-T43-1">
    <extent>
      <charseq START="7859" END="7869">the morning</charseq>
    </extent>
  </timex2_mention>
</timex2>
<timex2 ID="18_SovietsInAfghanistan-T44"  ANCHOR_DIR="STARTING" ANCHOR_VAL="1980-01-03" VAL="P1W">
  <timex2_mention ID="18_SovietsInAfghanistan-T44-1">
    <extent>
      <charseq START="8512" END="8526">the second week</charseq>
    </extent>
  </timex2_mention>
</timex2>
<timex2 ID="18_SovietsInAfghanistan-T45"  VAL="1979-12">
  <timex2_mention ID="18_SovietsInAfghanistan-T45-1">
    <extent>
      <charseq START="8698" END="8710">December 1979</charseq>
    </extent>
  </timex2_mention>
</timex2>
<timex2 ID="18_SovietsInAfghanistan-T46"  VAL="1980-02">
  <timex2_mention ID="18_SovietsInAfghanistan-T46-1">
    <extent>
      <charseq START="8712" END="8724">February 1980</charseq>
    </extent>
  </timex2_mention>
</timex2>
<timex2 ID="18_SovietsInAfghanistan-T47"  VAL="1980-03">
  <timex2_mention ID="18_SovietsInAfghanistan-T47-1">
    <extent>
      <charseq START="9705" END="9714">March 1980</charseq>
    </extent>
  </timex2_mention>
</timex2>
<timex2 ID="18_SovietsInAfghanistan-T48"  VAL="1985-04">
  <timex2_mention ID="18_SovietsInAfghanistan-T48-1">
    <extent>
      <charseq START="9716" END="9725">April 1985</charseq>
    </extent>
  </timex2_mention>
</timex2>
<timex2 ID="18_SovietsInAfghanistan-T49"  ANCHOR_DIR="AS_OF" ANCHOR_VAL="1980-03" VAL="PRESENT_REF">
  <timex2_mention ID="18_SovietsInAfghanistan-T49-1">
    <extent>
      <charseq START="9755" END="9757">now</charseq>
    </extent>
  </timex2_mention>
</timex2>
<timex2 ID="18_SovietsInAfghanistan-T50"  VAL="1980">
  <timex2_mention ID="18_SovietsInAfghanistan-T50-1">
    <extent>
      <charseq START="10432" END="10435">1980</charseq>
    </extent>
  </timex2_mention>
</timex2>
<timex2 ID="18_SovietsInAfghanistan-T51"  VAL="1985">
  <timex2_mention ID="18_SovietsInAfghanistan-T51-1">
    <extent>
      <charseq START="10441" END="10444">1985</charseq>
    </extent>
  </timex2_mention>
</timex2>
<timex2 ID="18_SovietsInAfghanistan-T52"  VAL="1985-03">
  <timex2_mention ID="18_SovietsInAfghanistan-T52-1">
    <extent>
      <charseq START="11034" END="11043">March 1985</charseq>
    </extent>
  </timex2_mention>
</timex2>
<timex2 ID="18_SovietsInAfghanistan-T53"  ANCHOR_DIR="STARTING" ANCHOR_VAL="1985-03" VAL="P1Y">
  <timex2_mention ID="18_SovietsInAfghanistan-T53-1">
    <extent>
      <charseq START="11194" END="11201">one-year</charseq>
    </extent>
  </timex2_mention>
</timex2>
<timex2 ID="18_SovietsInAfghanistan-T54"  VAL="1985">
  <timex2_mention ID="18_SovietsInAfghanistan-T54-1">
    <extent>
      <charseq START="11365" END="11368">1985</charseq>
    </extent>
  </timex2_mention>
</timex2>
<timex2 ID="18_SovietsInAfghanistan-T55"  COMMENT="EC:EVENT-BASED" VAL="1985">
  <timex2_mention ID="18_SovietsInAfghanistan-T55-1">
    <extent>
      <charseq START="11370" END="11398">the bloodiest year of the war</charseq>
    </extent>
  </timex2_mention>
</timex2>
<timex2 ID="18_SovietsInAfghanistan-T56"  VAL="198">
  <timex2_mention ID="18_SovietsInAfghanistan-T56-1">
    <extent>
      <charseq START="11522" END="11526">1980s</charseq>
    </extent>
  </timex2_mention>
</timex2>
<timex2 ID="18_SovietsInAfghanistan-T57"  MOD="MID" VAL="198">
  <timex2_mention ID="18_SovietsInAfghanistan-T57-1">
    <extent>
      <charseq START="11546" END="11558">the mid-1980s</charseq>
    </extent>
  </timex2_mention>
</timex2>
<timex2 ID="18_SovietsInAfghanistan-T58"  VAL="PAST_REF">
  <timex2_mention ID="18_SovietsInAfghanistan-T58-1">
    <extent>
      <charseq START="12957" END="12962">former</charseq>
    </extent>
  </timex2_mention>
</timex2>
<timex2 ID="18_SovietsInAfghanistan-T59"  COMMENT="EC:EVENT-BASED" VAL="P4Y">
  <timex2_mention ID="18_SovietsInAfghanistan-T59-1">
    <extent>
      <charseq START="13426" END="13442">four years of war</charseq>
    </extent>
  </timex2_mention>
</timex2>
<timex2 ID="18_SovietsInAfghanistan-T60"  VAL="1983-07">
  <timex2_mention ID="18_SovietsInAfghanistan-T60-1">
    <extent>
      <charseq START="14831" END="14839">July 1983</charseq>
    </extent>
  </timex2_mention>
</timex2>
<timex2 ID="18_SovietsInAfghanistan-T61"  VAL="1985">
  <timex2_mention ID="18_SovietsInAfghanistan-T61-1">
    <extent>
      <charseq START="16562" END="16565">1985</charseq>
    </extent>
  </timex2_mention>
</timex2>
<timex2 ID="18_SovietsInAfghanistan-T62"  VAL="1987">
  <timex2_mention ID="18_SovietsInAfghanistan-T62-1">
    <extent>
      <charseq START="16575" END="16578">1987</charseq>
    </extent>
  </timex2_mention>
</timex2>
<timex2 ID="18_SovietsInAfghanistan-T63"  SET="YES" VAL="P1Y">
  <timex2_mention ID="18_SovietsInAfghanistan-T63-1">
    <extent>
      <charseq START="16621" END="16626">a year</charseq>
    </extent>
  </timex2_mention>
</timex2>
<timex2 ID="18_SovietsInAfghanistan-T64"  SET="YES" VAL="P1D">
  <timex2_mention ID="18_SovietsInAfghanistan-T64-1">
    <extent>
      <charseq START="16725" END="16731">per day</charseq>
    </extent>
  </timex2_mention>
</timex2>
<timex2 ID="18_SovietsInAfghanistan-T65"  VAL="1985-04">
  <timex2_mention ID="18_SovietsInAfghanistan-T65-1">
    <extent>
      <charseq START="16742" END="16751">April 1985</charseq>
    </extent>
  </timex2_mention>
</timex2>
<timex2 ID="18_SovietsInAfghanistan-T66"  VAL="1987-01">
  <timex2_mention ID="18_SovietsInAfghanistan-T66-1">
    <extent>
      <charseq START="16757" END="16768">January 1987</charseq>
    </extent>
  </timex2_mention>
</timex2>
<timex2 ID="18_SovietsInAfghanistan-T67"  VAL="1982-03">
  <timex2_mention ID="18_SovietsInAfghanistan-T67-1">
    <extent>
      <charseq START="17513" END="17522">March 1982</charseq>
    </extent>
  </timex2_mention>
</timex2>
<timex2 ID="18_SovietsInAfghanistan-T68"  VAL="1982-03">
  <timex2_mention ID="18_SovietsInAfghanistan-T68-1">
    <extent>
      <charseq START="17602" END="17615">the same month</charseq>
    </extent>
  </timex2_mention>
</timex2>
<timex2 ID="18_SovietsInAfghanistan-T69"  VAL="1982-06">
  <timex2_mention ID="18_SovietsInAfghanistan-T69-1">
    <extent>
      <charseq START="17745" END="17753">June 1982</charseq>
    </extent>
  </timex2_mention>
</timex2>
<timex2 ID="18_SovietsInAfghanistan-T70"  VAL="1985-09-04">
  <timex2_mention ID="18_SovietsInAfghanistan-T70-1">
    <extent>
      <charseq START="17914" END="17930">September 4, 1985</charseq>
    </extent>
  </timex2_mention>
</timex2>
<timex2 ID="18_SovietsInAfghanistan-T71"  VAL="1985-05">
  <timex2_mention ID="18_SovietsInAfghanistan-T71-1">
    <extent>
      <charseq START="18526" END="18533">May 1985</charseq>
    </extent>
  </timex2_mention>
</timex2>
<timex2 ID="18_SovietsInAfghanistan-T72"  MOD="END" VAL="1985">
  <timex2_mention ID="18_SovietsInAfghanistan-T72-1">
    <extent>
      <charseq START="18684" END="18695">Late in 1985</charseq>
    </extent>
  </timex2_mention>
</timex2>
<timex2 ID="18_SovietsInAfghanistan-T73"  MOD="MID" VAL="1987">
  <timex2_mention ID="18_SovietsInAfghanistan-T73-1">
    <extent>
      <charseq START="18831" END="18838">mid-1987</charseq>
    </extent>
  </timex2_mention>
</timex2>
<timex2 ID="18_SovietsInAfghanistan-T74"  VAL="1978">
  <timex2_mention ID="18_SovietsInAfghanistan-T74-1">
    <extent>
      <charseq START="19929" END="19932">1978</charseq>
    </extent>
  </timex2_mention>
</timex2>
<timex2 ID="18_SovietsInAfghanistan-T75"  MOD="START" VAL="1979">
  <timex2_mention ID="18_SovietsInAfghanistan-T75-1">
    <extent>
      <charseq START="19944" END="19953">early 1979</charseq>
    </extent>
  </timex2_mention>
</timex2>
<timex2 ID="18_SovietsInAfghanistan-T76"  VAL="1979-07">
  <timex2_mention ID="18_SovietsInAfghanistan-T76-1">
    <extent>
      <charseq START="20177" END="20185">July 1979</charseq>
    </extent>
  </timex2_mention>
</timex2>
<timex2 ID="18_SovietsInAfghanistan-T77"  COMMENT="EC:EVENT-BASED" VAL="1979-07">
  <timex2_mention ID="18_SovietsInAfghanistan-T77-1">
    <extent>
      <charseq START="20188" END="20224">six months before the Soviet Invasion</charseq>
    </extent>
  </timex2_mention>
</timex2>
<timex2 ID="18_SovietsInAfghanistan-T78"  VAL="1981">
  <timex2_mention ID="18_SovietsInAfghanistan-T78-1">
    <extent>
      <charseq START="20761" END="20764">1981</charseq>
    </extent>
  </timex2_mention>
</timex2>
<timex2 ID="18_SovietsInAfghanistan-T79"  VAL="1985">
  <timex2_mention ID="18_SovietsInAfghanistan-T79-1">
    <extent>
      <charseq START="21447" END="21450">1985</charseq>
    </extent>
  </timex2_mention>
</timex2>
<timex2 ID="18_SovietsInAfghanistan-T80"  VAL="1986">
  <timex2_mention ID="18_SovietsInAfghanistan-T80-1">
    <extent>
      <charseq START="21452" END="21455">1986</charseq>
    </extent>
  </timex2_mention>
</timex2>
<timex2 ID="18_SovietsInAfghanistan-T81"  SET="YES" VAL="P1Y">
  <timex2_mention ID="18_SovietsInAfghanistan-T81-1">
    <extent>
      <charseq START="21670" END="21677">per year</charseq>
    </extent>
  </timex2_mention>
</timex2>
<timex2 ID="18_SovietsInAfghanistan-T82"  VAL="XXXX-XX-XXTDT">
  <timex2_mention ID="18_SovietsInAfghanistan-T82-1">
    <extent>
      <charseq START="22273" END="22279">daytime</charseq>
    </extent>
  </timex2_mention>
</timex2>
<timex2 ID="18_SovietsInAfghanistan-T83"  VAL="1985-03">
  <timex2_mention ID="18_SovietsInAfghanistan-T83-1">
    <extent>
      <charseq START="22384" END="22393">March 1985</charseq>
    </extent>
  </timex2_mention>
</timex2>
<timex2 ID="18_SovietsInAfghanistan-T84"  VAL="1985">
  <timex2_mention ID="18_SovietsInAfghanistan-T84-1">
    <extent>
      <charseq START="22534" END="22537">1985</charseq>
    </extent>
  </timex2_mention>
</timex2>
<timex2 ID="18_SovietsInAfghanistan-T85"  VAL="1987">
  <timex2_mention ID="18_SovietsInAfghanistan-T85-1">
    <extent>
      <charseq START="23713" END="23716">1987</charseq>
    </extent>
  </timex2_mention>
</timex2>
<timex2 ID="18_SovietsInAfghanistan-T86"  VAL="1988-04">
  <timex2_mention ID="18_SovietsInAfghanistan-T86-1">
    <extent>
      <charseq START="23772" END="23781">April 1988</charseq>
    </extent>
  </timex2_mention>
</timex2>
<timex2 ID="18_SovietsInAfghanistan-T87"  ANCHOR_DIR="AS_OF" ANCHOR_VAL="2009-12-19" COMMENT="THE DOCUMENT TIME-STAMP" VAL="PRESENT_REF">
  <timex2_mention ID="18_SovietsInAfghanistan-T87-1">
    <extent>
      <charseq START="24408" END="24415">this day</charseq>
    </extent>
  </timex2_mention>
</timex2>
<timex2 ID="18_SovietsInAfghanistan-T88"  VAL="1985-04">
  <timex2_mention ID="18_SovietsInAfghanistan-T88-1">
    <extent>
      <charseq START="24660" END="24669">April 1985</charseq>
    </extent>
  </timex2_mention>
</timex2>
<timex2 ID="18_SovietsInAfghanistan-T89"  VAL="1987-01">
  <timex2_mention ID="18_SovietsInAfghanistan-T89-1">
    <extent>
      <charseq START="24671" END="24682">January 1987</charseq>
    </extent>
  </timex2_mention>
</timex2>
<timex2 ID="18_SovietsInAfghanistan-T90"  VAL="1986">
  <timex2_mention ID="18_SovietsInAfghanistan-T90-1">
    <extent>
      <charseq START="25200" END="25203">1986</charseq>
    </extent>
  </timex2_mention>
</timex2>
<timex2 ID="18_SovietsInAfghanistan-T91"  SET="YES" VAL="P1Y">
  <timex2_mention ID="18_SovietsInAfghanistan-T91-1">
    <extent>
      <charseq START="25586" END="25593">per year</charseq>
    </extent>
  </timex2_mention>
</timex2>
<timex2 ID="18_SovietsInAfghanistan-T92"  VAL="1987-05">
  <timex2_mention ID="18_SovietsInAfghanistan-T92-1">
    <extent>
      <charseq START="25767" END="25774">May 1987</charseq>
    </extent>
  </timex2_mention>
</timex2>
<timex2 ID="18_SovietsInAfghanistan-T93"  VAL="1986-SP">
  <timex2_mention ID="18_SovietsInAfghanistan-T93-1">
    <extent>
      <charseq START="25947" END="25964">the spring of 1986</charseq>
    </extent>
  </timex2_mention>
</timex2>
<timex2 ID="18_SovietsInAfghanistan-T94"  VAL="1987-01">
  <timex2_mention ID="18_SovietsInAfghanistan-T94-1">
    <extent>
      <charseq START="26727" END="26738">January 1987</charseq>
    </extent>
  </timex2_mention>
</timex2>
<timex2 ID="18_SovietsInAfghanistan-T95"  VAL="1989-02">
  <timex2_mention ID="18_SovietsInAfghanistan-T95-1">
    <extent>
      <charseq START="26740" END="26752">February 1989</charseq>
    </extent>
  </timex2_mention>
</timex2>
<timex2 ID="18_SovietsInAfghanistan-T96"  VAL="1988-05-15">
  <timex2_mention ID="18_SovietsInAfghanistan-T96-1">
    <extent>
      <charseq START="27257" END="27262">May 15</charseq>
    </extent>
  </timex2_mention>
</timex2>
<timex2 ID="18_SovietsInAfghanistan-T97"  VAL="1988-08-16">
  <timex2_mention ID="18_SovietsInAfghanistan-T97-1">
    <extent>
      <charseq START="27267" END="27281">August 16, 1988</charseq>
    </extent>
  </timex2_mention>
</timex2>
<timex2 ID="18_SovietsInAfghanistan-T98"  VAL="1989-11-15">
  <timex2_mention ID="18_SovietsInAfghanistan-T98-1">
    <extent>
      <charseq START="27303" END="27313">November 15</charseq>
    </extent>
  </timex2_mention>
</timex2>
<timex2 ID="18_SovietsInAfghanistan-T99"  VAL="1989-02-15">
  <timex2_mention ID="18_SovietsInAfghanistan-T99-1">
    <extent>
      <charseq START="27318" END="27334">February 15, 1989</charseq>
    </extent>
  </timex2_mention>
</timex2>
<timex2 ID="18_SovietsInAfghanistan-T100"  ANCHOR_DIR="AS_OF" ANCHOR_VAL="1989-02-15" VAL="PRESENT_REF">
  <timex2_mention ID="18_SovietsInAfghanistan-T100-1">
    <extent>
      <charseq START="27497" END="27499">Now</charseq>
    </extent>
  </timex2_mention>
</timex2>
<timex2 ID="18_SovietsInAfghanistan-T101"  VAL="1989-SP">
  <timex2_mention ID="18_SovietsInAfghanistan-T101-1">
    <extent>
      <charseq START="27684" END="27701">the spring of 1989</charseq>
    </extent>
  </timex2_mention>
</timex2>
<timex2 ID="18_SovietsInAfghanistan-T102"  ANCHOR_DIR="AFTER" ANCHOR_VAL="1989" VAL="FUTURE_REF">
  <timex2_mention ID="18_SovietsInAfghanistan-T102-1">
    <extent>
      <charseq START="28110" END="28120">Years later</charseq>
    </extent>
  </timex2_mention>
</timex2>
<timex2 ID="18_SovietsInAfghanistan-T103"  VAL="1986-11">
  <timex2_mention ID="18_SovietsInAfghanistan-T103-1">
    <extent>
      <charseq START="28427" END="28439">November 1986</charseq>
    </extent>
  </timex2_mention>
</timex2>
<timex2 ID="18_SovietsInAfghanistan-T104"  ANCHOR_DIR="BEFORE" ANCHOR_VAL="1986-11" VAL="PAST_REF">
  <timex2_mention ID="18_SovietsInAfghanistan-T104-1">
    <extent>
      <charseq START="28463" END="28468">former</charseq>
    </extent>
  </timex2_mention>
</timex2>
<timex2 ID="18_SovietsInAfghanistan-T105"  VAL="1987">
  <timex2_mention ID="18_SovietsInAfghanistan-T105-1">
    <extent>
      <charseq START="28592" END="28595">1987</charseq>
    </extent>
  </timex2_mention>
</timex2>
<timex2 ID="18_SovietsInAfghanistan-T106"  VAL="1982">
  <timex2_mention ID="18_SovietsInAfghanistan-T106-1">
    <extent>
      <charseq START="29008" END="29011">1982</charseq>
    </extent>
  </timex2_mention>
</timex2>
<timex2 ID="18_SovietsInAfghanistan-T107"  VAL="1988">
  <timex2_mention ID="18_SovietsInAfghanistan-T107-1">
    <extent>
      <charseq START="29017" END="29020">1988</charseq>
    </extent>
  </timex2_mention>
</timex2>
<timex2 ID="18_SovietsInAfghanistan-T108"  VAL="1987-07-20">
  <timex2_mention ID="18_SovietsInAfghanistan-T108-1">
    <extent>
      <charseq START="29416" END="29428">July 20, 1987</charseq>
    </extent>
  </timex2_mention>
</timex2>
<timex2 ID="18_SovietsInAfghanistan-T109"  ANCHOR_DIR="AS_OF" ANCHOR_VAL="1987-07-20" VAL="PRESENT_REF">
  <timex2_mention ID="18_SovietsInAfghanistan-T109-1">
    <extent>
      <charseq START="29577" END="29584">the time</charseq>
    </extent>
  </timex2_mention>
</timex2>
<timex2 ID="18_SovietsInAfghanistan-T110"  VAL="1989-02-15">
  <timex2_mention ID="18_SovietsInAfghanistan-T110-1">
    <extent>
      <charseq START="29844" END="29860">February 15, 1989</charseq>
    </extent>
  </timex2_mention>
</timex2>
</document>
</source_file>
