<?xml version="1.0"?>
<!DOCTYPE source_file SYSTEM "apf.v5.1.2.dtd">
<source_file URI="keyinline/19_RussoJap.key.xml" SOURCE="19_wikipedia" TYPE="text">
<document DOCID="19_RussoJap">
<timex2 ID="19_RussoJap-T1"  VAL="2009-12-19T17:00:00">
  <timex2_mention ID="19_RussoJap-T1-1">
    <extent>
      <charseq START="32" END="50">2009-12-19T17:00:00</charseq>
    </extent>
  </timex2_mention>
</timex2>
<timex2 ID="19_RussoJap-T2"  VAL="1904-02-08">
  <timex2_mention ID="19_RussoJap-T2-1">
    <extent>
      <charseq START="111" END="125">8 February 1904</charseq>
    </extent>
  </timex2_mention>
</timex2>
<timex2 ID="19_RussoJap-T3"  COMMENT="EC:EVENT-BASED; COULD BE LATE NIGHT OF 1904-02-07" VAL="1904-02-08">
  <timex2_mention ID="19_RussoJap-T3-1">
    <extent>
      <charseq START="137" END="220">three hours before Japan's declaration of war was received by the Russian Government</charseq>
    </extent>
  </timex2_mention>
</timex2>
<timex2 ID="19_RussoJap-T4"  VAL="1904-02-16">
  <timex2_mention ID="19_RussoJap-T4-1">
    <extent>
      <charseq START="545" END="560">eight days later</charseq>
    </extent>
  </timex2_mention>
</timex2>
<timex2 ID="19_RussoJap-T5"  VAL="1907-10">
  <timex2_mention ID="19_RussoJap-T5-1">
    <extent>
      <charseq START="697" END="708">October 1907</charseq>
    </extent>
  </timex2_mention>
</timex2>
<timex2 ID="19_RussoJap-T6"  VAL="1910-01-26">
  <timex2_mention ID="19_RussoJap-T6-1">
    <extent>
      <charseq START="726" END="740">26 January 1910</charseq>
    </extent>
  </timex2_mention>
</timex2>
<timex2 ID="19_RussoJap-T7"  VAL="1904">
  <timex2_mention ID="19_RussoJap-T7-1">
    <extent>
      <charseq START="1098" END="1101">1904</charseq>
    </extent>
  </timex2_mention>
</timex2>
<timex2 ID="19_RussoJap-T8"  VAL="1904-02-08TNI">
  <timex2_mention ID="19_RussoJap-T8-1">
    <extent>
      <charseq START="1437" END="1464">the night of 8 February 1904</charseq>
    </extent>
  </timex2_mention>
</timex2>
<timex2 ID="19_RussoJap-T9"  VAL="1904-02-09TMO">
  <timex2_mention ID="19_RussoJap-T9-1">
    <extent>
      <charseq START="1807" END="1822">the next morning</charseq>
    </extent>
  </timex2_mention>
</timex2>
<timex2 ID="19_RussoJap-T10"  VAL="1904-04-13">
  <timex2_mention ID="19_RussoJap-T10-1">
    <extent>
      <charseq START="2145" END="2157">13 April 1904</charseq>
    </extent>
  </timex2_mention>
</timex2>
<timex2 ID="19_RussoJap-T11"  MOD="END" VAL="1904-04">
  <timex2_mention ID="19_RussoJap-T11-1">
    <extent>
      <charseq START="2320" END="2335">the end of April</charseq>
    </extent>
  </timex2_mention>
</timex2>
<timex2 ID="19_RussoJap-T12"  ANCHOR_DIR="AS_OF" ANCHOR_VAL="1904-04" VAL="PRESENT_REF">
  <timex2_mention ID="19_RussoJap-T12-1">
    <extent>
      <charseq START="2703" END="2710">the time</charseq>
    </extent>
  </timex2_mention>
</timex2>
<timex2 ID="19_RussoJap-T13"  VAL="1904-05-01">
  <timex2_mention ID="19_RussoJap-T13-1">
    <extent>
      <charseq START="2740" END="2749">1 May 1904</charseq>
    </extent>
  </timex2_mention>
</timex2>
<timex2 ID="19_RussoJap-T14"  VAL="1904-05-25">
  <timex2_mention ID="19_RussoJap-T14-1">
    <extent>
      <charseq START="3112" END="3122">25 May 1904</charseq>
    </extent>
  </timex2_mention>
</timex2>
<timex2 ID="19_RussoJap-T15"  VAL="1904-02-13TNI">
  <timex2_mention ID="19_RussoJap-T15-1">
    <extent>
      <charseq START="3385" END="3408">the night of 13 February</charseq>
    </extent>
  </timex2_mention>
</timex2>
<timex2 ID="19_RussoJap-T16"  VAL="1904-02-14">
  <timex2_mention ID="19_RussoJap-T16-1">
    <extent>
      <charseq START="3412" END="3422">14 February</charseq>
    </extent>
  </timex2_mention>
</timex2>
<timex2 ID="19_RussoJap-T17"  VAL="1904-05-03TNI">
  <timex2_mention ID="19_RussoJap-T17-1">
    <extent>
      <charseq START="3666" END="3679">the night of 3</charseq>
    </extent>
  </timex2_mention>
</timex2>
<timex2 ID="19_RussoJap-T18"  VAL="1904-05-04">
  <timex2_mention ID="19_RussoJap-T18-1">
    <extent>
      <charseq START="3681" END="3685">4 May</charseq>
    </extent>
  </timex2_mention>
</timex2>
<timex2 ID="19_RussoJap-T19"  VAL="1904-03">
  <timex2_mention ID="19_RussoJap-T19-1">
    <extent>
      <charseq START="3703" END="3707">March</charseq>
    </extent>
  </timex2_mention>
</timex2>
<timex2 ID="19_RussoJap-T20"  VAL="1904-04-12">
  <timex2_mention ID="19_RussoJap-T20-1">
    <extent>
      <charseq START="3870" END="3882">12 April 1904</charseq>
    </extent>
  </timex2_mention>
</timex2>
<timex2 ID="19_RussoJap-T21"  VAL="1904-04-15">
  <timex2_mention ID="19_RussoJap-T21-1">
    <extent>
      <charseq START="4274" END="4286">15 April 1904</charseq>
    </extent>
  </timex2_mention>
</timex2>
<timex2 ID="19_RussoJap-T22"  VAL="1904-05-15">
  <timex2_mention ID="19_RussoJap-T22-1">
    <extent>
      <charseq START="4675" END="4685">15 May 1904</charseq>
    </extent>
  </timex2_mention>
</timex2>
<timex2 ID="19_RussoJap-T23"  ANCHOR_DIR="BEFORE" ANCHOR_VAL="1904-05-15" VAL="PAST_REF">
  <timex2_mention ID="19_RussoJap-T23-1">
    <extent>
      <charseq START="4761" END="4768">recently</charseq>
    </extent>
  </timex2_mention>
</timex2>
<timex2 ID="19_RussoJap-T24"  ANCHOR_DIR="WITHIN" ANCHOR_VAL="1904-05-15" VAL="PTXM">
  <timex2_mention ID="19_RussoJap-T24-1">
    <extent>
      <charseq START="4868" END="4874">minutes</charseq>
    </extent>
  </timex2_mention>
</timex2>
<timex2 ID="19_RussoJap-T25"  VAL="1904-06-23">
  <timex2_mention ID="19_RussoJap-T25-1">
    <extent>
      <charseq START="4975" END="4986">23 June 1904</charseq>
    </extent>
  </timex2_mention>
</timex2>
<timex2 ID="19_RussoJap-T26"  ANCHOR_DIR="AS_OF" ANCHOR_VAL="1904-06-23" VAL="PRESENT_REF">
  <timex2_mention ID="19_RussoJap-T26-1">
    <extent>
      <charseq START="5033" END="5035">now</charseq>
    </extent>
  </timex2_mention>
</timex2>
<timex2 ID="19_RussoJap-T27"  MOD="END" VAL="1904-06">
  <timex2_mention ID="19_RussoJap-T27-1">
    <extent>
      <charseq START="5093" END="5112">the end of the month</charseq>
    </extent>
  </timex2_mention>
</timex2>
<timex2 ID="19_RussoJap-T28"  VAL="1904-08-10">
  <timex2_mention ID="19_RussoJap-T28-1">
    <extent>
      <charseq START="5241" END="5254">10 August 1904</charseq>
    </extent>
  </timex2_mention>
</timex2>
<timex2 ID="19_RussoJap-T29"  VAL="1904-08-10">
  <timex2_mention ID="19_RussoJap-T29-1">
    <extent>
      <charseq START="5457" END="5465">August 10</charseq>
    </extent>
  </timex2_mention>
</timex2>
<timex2 ID="19_RussoJap-T30"  VAL="PRESENT_REF">
  <timex2_mention ID="19_RussoJap-T30-1">
    <extent>
      <charseq START="6188" END="6190">now</charseq>
    </extent>
  </timex2_mention>
</timex2>
<timex2 ID="19_RussoJap-T31"  VAL="1904-12">
  <timex2_mention ID="19_RussoJap-T31-1">
    <extent>
      <charseq START="6688" END="6700">December 1904</charseq>
    </extent>
  </timex2_mention>
</timex2>
<timex2 ID="19_RussoJap-T32"  ANCHOR_DIR="WITHIN" ANCHOR_VAL="1904-12" COMMENT="NOT SURE HOW TO ANNOTATE THIS ONE" VAL="FUTURE_REF">
  <timex2_mention ID="19_RussoJap-T32-1">
    <extent>
      <charseq START="7063" END="7079">a few weeks later</charseq>
    </extent>
  </timex2_mention>
</timex2>
<timex2 ID="19_RussoJap-T33"  MOD="END" VAL="1904-08">
  <timex2_mention ID="19_RussoJap-T33-1">
    <extent>
      <charseq START="7431" END="7441">late August</charseq>
    </extent>
  </timex2_mention>
</timex2>
<timex2 ID="19_RussoJap-T34"  MOD="END" VAL="1904-12">
  <timex2_mention ID="19_RussoJap-T34-1">
    <extent>
      <charseq START="7757" END="7769">late December</charseq>
    </extent>
  </timex2_mention>
</timex2>
<timex2 ID="19_RussoJap-T35"  VAL="PXM">
  <timex2_mention ID="19_RussoJap-T35-1">
    <extent>
      <charseq START="8009" END="8014">months</charseq>
    </extent>
  </timex2_mention>
</timex2>
<timex2 ID="19_RussoJap-T36"  VAL="1905-01-02">
  <timex2_mention ID="19_RussoJap-T36-1">
    <extent>
      <charseq START="8121" END="8134">2 January 1905</charseq>
    </extent>
  </timex2_mention>
</timex2>
<timex2 ID="19_RussoJap-T37"  VAL="1908">
  <timex2_mention ID="19_RussoJap-T37-1">
    <extent>
      <charseq START="8336" END="8339">1908</charseq>
    </extent>
  </timex2_mention>
</timex2>
<timex2 ID="19_RussoJap-T38"  VAL="1905-05">
  <timex2_mention ID="19_RussoJap-T38-1">
    <extent>
      <charseq START="8745" END="8752">May 1905</charseq>
    </extent>
  </timex2_mention>
</timex2>
<timex2 ID="19_RussoJap-T39"  VAL="1904-10-21">
  <timex2_mention ID="19_RussoJap-T39-1">
    <extent>
      <charseq START="8758" END="8772">21 October 1904</charseq>
    </extent>
  </timex2_mention>
</timex2>
<timex2 ID="19_RussoJap-T40"  VAL="1905">
  <timex2_mention ID="19_RussoJap-T40-1">
    <extent>
      <charseq START="9034" END="9037">1905</charseq>
    </extent>
  </timex2_mention>
</timex2>
<timex2 ID="19_RussoJap-T41"  VAL="1905-WI">
  <timex2_mention ID="19_RussoJap-T41-1">
    <extent>
      <charseq START="9040" END="9051">Harsh winter</charseq>
    </extent>
  </timex2_mention>
</timex2>
<timex2 ID="19_RussoJap-T42"  ANCHOR_DIR="AS_OF" ANCHOR_VAL="1905-01-02" VAL="PRESENT_REF">
  <timex2_mention ID="19_RussoJap-T42-1">
    <extent>
      <charseq START="9128" END="9130">now</charseq>
    </extent>
  </timex2_mention>
</timex2>
<timex2 ID="19_RussoJap-T43"  VAL="1905-WI">
  <timex2_mention ID="19_RussoJap-T43-1">
    <extent>
      <charseq START="9231" END="9258">the severe Manchurian winter</charseq>
    </extent>
  </timex2_mention>
</timex2>
<timex2 ID="19_RussoJap-T44"  VAL="1904">
  <timex2_mention ID="19_RussoJap-T44-1">
    <extent>
      <charseq START="9328" END="9344">the previous year</charseq>
    </extent>
  </timex2_mention>
</timex2>
<timex2 ID="19_RussoJap-T45"  VAL="1905-01-25">
  <timex2_mention ID="19_RussoJap-T45-1">
    <extent>
      <charseq START="9513" END="9522">January 25</charseq>
    </extent>
  </timex2_mention>
</timex2>
<timex2 ID="19_RussoJap-T46"  VAL="1905-01-29">
  <timex2_mention ID="19_RussoJap-T46-1">
    <extent>
      <charseq START="9524" END="9525">29</charseq>
    </extent>
  </timex2_mention>
</timex2>
<timex2 ID="19_RussoJap-T47"  VAL="1905-02-20">
  <timex2_mention ID="19_RussoJap-T47-1">
    <extent>
      <charseq START="9980" END="9995">20 February 1905</charseq>
    </extent>
  </timex2_mention>
</timex2>
<timex2 ID="19_RussoJap-T48"  ANCHOR_DIR="STARTING" ANCHOR_VAL="1905-02-21" VAL="PXD">
  <timex2_mention ID="19_RussoJap-T48-1">
    <extent>
      <charseq START="10001" END="10018">the following days</charseq>
    </extent>
  </timex2_mention>
</timex2>
<timex2 ID="19_RussoJap-T49"  ANCHOR_DIR="AFTER" ANCHOR_VAL="1905-02-20" COMMENT="EC:EVENT-BASED" VAL="PXD">
  <timex2_mention ID="19_RussoJap-T49-1">
    <extent>
      <charseq START="10241" END="10262">days of harsh fighting</charseq>
    </extent>
  </timex2_mention>
</timex2>
<timex2 ID="19_RussoJap-T50"  VAL="1905-03-10">
  <timex2_mention ID="19_RussoJap-T50-1">
    <extent>
      <charseq START="10565" END="10577">10 March 1905</charseq>
    </extent>
  </timex2_mention>
</timex2>
<timex2 ID="19_RussoJap-T51"  ANCHOR_DIR="ENDING" ANCHOR_VAL="1905-03-10" COMMENT="EC:EVENT-BASED" VAL="P3W">
  <timex2_mention ID="19_RussoJap-T51-1">
    <extent>
      <charseq START="10585" END="10607">three weeks of fighting</charseq>
    </extent>
  </timex2_mention>
</timex2>
<timex2 ID="19_RussoJap-T52"  VAL="PRESENT_REF">
  <timex2_mention ID="19_RussoJap-T52-1">
    <extent>
      <charseq START="11302" END="11304">now</charseq>
    </extent>
  </timex2_mention>
</timex2>
<timex2 ID="19_RussoJap-T53"  VAL="PRESENT_REF">
  <timex2_mention ID="19_RussoJap-T53-1">
    <extent>
      <charseq START="11972" END="11974">now</charseq>
    </extent>
  </timex2_mention>
</timex2>
<timex2 ID="19_RussoJap-T54"  MOD="END" VAL="1905-05">
  <timex2_mention ID="19_RussoJap-T54-1">
    <extent>
      <charseq START="12284" END="12297">the end of May</charseq>
    </extent>
  </timex2_mention>
</timex2>
<timex2 ID="19_RussoJap-T55"  VAL="XXXX-XX-XXTNI">
  <timex2_mention ID="19_RussoJap-T55-1">
    <extent>
      <charseq START="12469" END="12473">night</charseq>
    </extent>
  </timex2_mention>
</timex2>
<timex2 ID="19_RussoJap-T56"  VAL="1905-05-27">
  <timex2_mention ID="19_RussoJap-T56-1">
    <extent>
      <charseq START="13004" END="13009">27 May</charseq>
    </extent>
  </timex2_mention>
</timex2>
<timex2 ID="19_RussoJap-T57"  VAL="1905-05-28">
  <timex2_mention ID="19_RussoJap-T57-1">
    <extent>
      <charseq START="13011" END="13021">28 May 1905</charseq>
    </extent>
  </timex2_mention>
</timex2>
<timex2 ID="19_RussoJap-T58"  ANCHOR_DIR="AS_OF" ANCHOR_VAL="2009-12-19T17:00:00" VAL="PRESENT_REF">
  <timex2_mention ID="19_RussoJap-T58-1">
    <extent>
      <charseq START="13590" END="13592">now</charseq>
    </extent>
  </timex2_mention>
</timex2>
<timex2 ID="19_RussoJap-T59"  VAL="20">
  <timex2_mention ID="19_RussoJap-T59-1">
    <extent>
      <charseq START="14471" END="14482">21st century</charseq>
    </extent>
  </timex2_mention>
</timex2>
<timex2 ID="19_RussoJap-T60"  ANCHOR_DIR="AS_OF" ANCHOR_VAL="20" VAL="PRESENT_REF">
  <timex2_mention ID="19_RussoJap-T60-1">
    <extent>
      <charseq START="14503" END="14505">now</charseq>
    </extent>
  </timex2_mention>
</timex2>
<timex2 ID="19_RussoJap-T61"  VAL="1904">
  <timex2_mention ID="19_RussoJap-T61-1">
    <extent>
      <charseq START="14691" END="14694">1904</charseq>
    </extent>
  </timex2_mention>
</timex2>
<timex2 ID="19_RussoJap-T62"  VAL="1905">
  <timex2_mention ID="19_RussoJap-T62-1">
    <extent>
      <charseq START="14696" END="14699">1905</charseq>
    </extent>
  </timex2_mention>
</timex2>
</document>
</source_file>
