<?xml version="1.0"?>
<!DOCTYPE source_file SYSTEM "apf.v5.1.2.dtd">
<source_file URI="keyinline/20_PolishSoviet.key.xml" SOURCE="20_wikipedia" TYPE="text">
<document DOCID="20_PolishSoviet">
<timex2 ID="20_PolishSoviet-T1"  VAL="2009-12-19T17:00:00">
  <timex2_mention ID="20_PolishSoviet-T1-1">
    <extent>
      <charseq START="36" END="54">2009-12-19T17:00:00</charseq>
    </extent>
  </timex2_mention>
</timex2>
<timex2 ID="20_PolishSoviet-T2"  VAL="1919">
  <timex2_mention ID="20_PolishSoviet-T2-1">
    <extent>
      <charseq START="58" END="61">1919</charseq>
    </extent>
  </timex2_mention>
</timex2>
<timex2 ID="20_PolishSoviet-T3"  VAL="1919-02-14">
  <timex2_mention ID="20_PolishSoviet-T3-1">
    <extent>
      <charseq START="157" END="167">February 14</charseq>
    </extent>
  </timex2_mention>
</timex2>
<timex2 ID="20_PolishSoviet-T4"  VAL="1919-02-16">
  <timex2_mention ID="20_PolishSoviet-T4-1">
    <extent>
      <charseq START="171" END="181">February 16</charseq>
    </extent>
  </timex2_mention>
</timex2>
<timex2 ID="20_PolishSoviet-T5"  MOD="END" VAL="1919-02">
  <timex2_mention ID="20_PolishSoviet-T5-1">
    <extent>
      <charseq START="240" END="252">late February</charseq>
    </extent>
  </timex2_mention>
</timex2>
<timex2 ID="20_PolishSoviet-T6"  MOD="START" VAL="1919-03">
  <timex2_mention ID="20_PolishSoviet-T6-1">
    <extent>
      <charseq START="554" END="569">early March 1919</charseq>
    </extent>
  </timex2_mention>
</timex2>
<timex2 ID="20_PolishSoviet-T7"  VAL="1919-04-XX">
  <timex2_mention ID="20_PolishSoviet-T7-1">
    <extent>
      <charseq START="732" END="744">the same time</charseq>
    </extent>
  </timex2_mention>
</timex2>
<timex2 ID="20_PolishSoviet-T8"  VAL="1919-04">
  <timex2_mention ID="20_PolishSoviet-T8-1">
    <extent>
      <charseq START="749" END="753">April</charseq>
    </extent>
  </timex2_mention>
</timex2>
<timex2 ID="20_PolishSoviet-T9"  VAL="1919-04-16">
  <timex2_mention ID="20_PolishSoviet-T9-1">
    <extent>
      <charseq START="799" END="806">April 16</charseq>
    </extent>
  </timex2_mention>
</timex2>
<timex2 ID="20_PolishSoviet-T10"  VAL="1919-04">
  <timex2_mention ID="20_PolishSoviet-T10-1">
    <extent>
      <charseq START="874" END="883">That month</charseq>
    </extent>
  </timex2_mention>
</timex2>
<timex2 ID="20_PolishSoviet-T11"  VAL="1919-04-17">
  <timex2_mention ID="20_PolishSoviet-T11-1">
    <extent>
      <charseq START="1246" END="1253">April 17</charseq>
    </extent>
  </timex2_mention>
</timex2>
<timex2 ID="20_PolishSoviet-T12"  VAL="1919-04-18">
  <timex2_mention ID="20_PolishSoviet-T12-1">
    <extent>
      <charseq START="1274" END="1281">April 18</charseq>
    </extent>
  </timex2_mention>
</timex2>
<timex2 ID="20_PolishSoviet-T13"  VAL="1919-04-19">
  <timex2_mention ID="20_PolishSoviet-T13-1">
    <extent>
      <charseq START="1310" END="1317">April 19</charseq>
    </extent>
  </timex2_mention>
</timex2>
<timex2 ID="20_PolishSoviet-T14"  VAL="1919-08-08">
  <timex2_mention ID="20_PolishSoviet-T14-1">
    <extent>
      <charseq START="1384" END="1391">August 8</charseq>
    </extent>
  </timex2_mention>
</timex2>
<timex2 ID="20_PolishSoviet-T15"  VAL="1919-08-28">
  <timex2_mention ID="20_PolishSoviet-T15-1">
    <extent>
      <charseq START="1426" END="1447">the 28th of that month</charseq>
    </extent>
  </timex2_mention>
</timex2>
<timex2 ID="20_PolishSoviet-T16"  VAL="1919-10-02">
  <timex2_mention ID="20_PolishSoviet-T16-1">
    <extent>
      <charseq START="1573" END="1581">October 2</charseq>
    </extent>
  </timex2_mention>
</timex2>
<timex2 ID="20_PolishSoviet-T17"  MOD="START" VAL="1920">
  <timex2_mention ID="20_PolishSoviet-T17-1">
    <extent>
      <charseq START="1715" END="1724">early 1920</charseq>
    </extent>
  </timex2_mention>
</timex2>
<timex2 ID="20_PolishSoviet-T18"  MOD="START" VAL="1919-SU">
  <timex2_mention ID="20_PolishSoviet-T18-1">
    <extent>
      <charseq START="1981" END="1997">early summer 1919</charseq>
    </extent>
  </timex2_mention>
</timex2>
<timex2 ID="20_PolishSoviet-T19"  VAL="1919-SU">
  <timex2_mention ID="20_PolishSoviet-T19-1">
    <extent>
      <charseq START="3106" END="3111">summer</charseq>
    </extent>
  </timex2_mention>
</timex2>
<timex2 ID="20_PolishSoviet-T20"  VAL="1919-FA">
  <timex2_mention ID="20_PolishSoviet-T20-1">
    <extent>
      <charseq START="3113" END="3121">fall 1919</charseq>
    </extent>
  </timex2_mention>
</timex2>
<timex2 ID="20_PolishSoviet-T21"  VAL="1919">
  <timex2_mention ID="20_PolishSoviet-T21-1">
    <extent>
      <charseq START="3257" END="3269">the same time</charseq>
    </extent>
  </timex2_mention>
</timex2>
<timex2 ID="20_PolishSoviet-T22"  VAL="1919">
  <timex2_mention ID="20_PolishSoviet-T22-1">
    <extent>
      <charseq START="3585" END="3588">1919</charseq>
    </extent>
  </timex2_mention>
</timex2>
<timex2 ID="20_PolishSoviet-T23"  MOD="END" VAL="1919">
  <timex2_mention ID="20_PolishSoviet-T23-1">
    <extent>
      <charseq START="4049" END="4057">late 1919</charseq>
    </extent>
  </timex2_mention>
</timex2>
<timex2 ID="20_PolishSoviet-T24"  MOD="START" VAL="1920">
  <timex2_mention ID="20_PolishSoviet-T24-1">
    <extent>
      <charseq START="4063" END="4072">early 1920</charseq>
    </extent>
  </timex2_mention>
</timex2>
<timex2 ID="20_PolishSoviet-T25"  VAL="1920-04-21">
  <timex2_mention ID="20_PolishSoviet-T25-1">
    <extent>
      <charseq START="4293" END="4306">April 21, 1920</charseq>
    </extent>
  </timex2_mention>
</timex2>
<timex2 ID="20_PolishSoviet-T26"  ANCHOR_DIR="BEFORE" ANCHOR_VAL="1920-04-21" VAL="PAST_REF">
  <timex2_mention ID="20_PolishSoviet-T26-1">
    <extent>
      <charseq START="4727" END="4732">recent</charseq>
    </extent>
  </timex2_mention>
</timex2>
<timex2 ID="20_PolishSoviet-T27"  ANCHOR_DIR="AFTER" ANCHOR_VAL="1920-04-21" VAL="FUTURE_REF">
  <timex2_mention ID="20_PolishSoviet-T27-1">
    <extent>
      <charseq START="4927" END="4932">future</charseq>
    </extent>
  </timex2_mention>
</timex2>
<timex2 ID="20_PolishSoviet-T28"  VAL="1920">
  <timex2_mention ID="20_PolishSoviet-T28-1">
    <extent>
      <charseq START="6224" END="6227">1920</charseq>
    </extent>
  </timex2_mention>
</timex2>
<timex2 ID="20_PolishSoviet-T29"  VAL="1920-04">
  <timex2_mention ID="20_PolishSoviet-T29-1">
    <extent>
      <charseq START="6268" END="6272">April</charseq>
    </extent>
  </timex2_mention>
</timex2>
<timex2 ID="20_PolishSoviet-T30"  VAL="1920-01">
  <timex2_mention ID="20_PolishSoviet-T30-1">
    <extent>
      <charseq START="6495" END="6501">January</charseq>
    </extent>
  </timex2_mention>
</timex2>
<timex2 ID="20_PolishSoviet-T31"  VAL="1920-03">
  <timex2_mention ID="20_PolishSoviet-T31-1">
    <extent>
      <charseq START="6543" END="6547">March</charseq>
    </extent>
  </timex2_mention>
</timex2>
<timex2 ID="20_PolishSoviet-T32"  VAL="1920-04-24">
  <timex2_mention ID="20_PolishSoviet-T32-1">
    <extent>
      <charseq START="6655" END="6662">April 24</charseq>
    </extent>
  </timex2_mention>
</timex2>
<timex2 ID="20_PolishSoviet-T33"  VAL="1920-04-26">
  <timex2_mention ID="20_PolishSoviet-T33-1">
    <extent>
      <charseq START="6981" END="6988">April 26</charseq>
    </extent>
  </timex2_mention>
</timex2>
<timex2 ID="20_PolishSoviet-T34"  VAL="1920-05-07">
  <timex2_mention ID="20_PolishSoviet-T34-1">
    <extent>
      <charseq START="7483" END="7487">May 7</charseq>
    </extent>
  </timex2_mention>
</timex2>
<timex2 ID="20_PolishSoviet-T35"  VAL="1920-05-29">
  <timex2_mention ID="20_PolishSoviet-T35-1">
    <extent>
      <charseq START="7593" END="7598">29 May</charseq>
    </extent>
  </timex2_mention>
</timex2>
<timex2 ID="20_PolishSoviet-T36"  MOD="END" VAL="1920-05">
  <timex2_mention ID="20_PolishSoviet-T36-1">
    <extent>
      <charseq START="8116" END="8129">the end of May</charseq>
    </extent>
  </timex2_mention>
</timex2>
<timex2 ID="20_PolishSoviet-T37"  VAL="1920-05-24">
  <timex2_mention ID="20_PolishSoviet-T37-1">
    <extent>
      <charseq START="8240" END="8250">May 24 1920</charseq>
    </extent>
  </timex2_mention>
</timex2>
<timex2 ID="20_PolishSoviet-T38"  VAL="1920-06-05">
  <timex2_mention ID="20_PolishSoviet-T38-1">
    <extent>
      <charseq START="8456" END="8461">June 5</charseq>
    </extent>
  </timex2_mention>
</timex2>
<timex2 ID="20_PolishSoviet-T39"  VAL="1920-06-10">
  <timex2_mention ID="20_PolishSoviet-T39-1">
    <extent>
      <charseq START="8587" END="8593">June 10</charseq>
    </extent>
  </timex2_mention>
</timex2>
<timex2 ID="20_PolishSoviet-T40"  VAL="1920-06-13">
  <timex2_mention ID="20_PolishSoviet-T40-1">
    <extent>
      <charseq START="8653" END="8659">June 13</charseq>
    </extent>
  </timex2_mention>
</timex2>
<timex2 ID="20_PolishSoviet-T41"  VAL="1920-07-04">
  <timex2_mention ID="20_PolishSoviet-T41-1">
    <extent>
      <charseq START="10210" END="10215">July 4</charseq>
    </extent>
  </timex2_mention>
</timex2>
<timex2 ID="20_PolishSoviet-T42"  ANCHOR_DIR="STARTING" ANCHOR_VAL="1920-07-04" VAL="P3D">
  <timex2_mention ID="20_PolishSoviet-T42-1">
    <extent>
      <charseq START="10648" END="10657">three days</charseq>
    </extent>
  </timex2_mention>
</timex2>
<timex2 ID="20_PolishSoviet-T43"  VAL="1920-07-07">
  <timex2_mention ID="20_PolishSoviet-T43-1">
    <extent>
      <charseq START="10767" END="10772">July 7</charseq>
    </extent>
  </timex2_mention>
</timex2>
<timex2 ID="20_PolishSoviet-T44"  VAL="1920-07-14">
  <timex2_mention ID="20_PolishSoviet-T44-1">
    <extent>
      <charseq START="11371" END="11377">14 July</charseq>
    </extent>
  </timex2_mention>
</timex2>
<timex2 ID="20_PolishSoviet-T45"  MOD="START" VAL="1920-07">
  <timex2_mention ID="20_PolishSoviet-T45-1">
    <extent>
      <charseq START="11568" END="11577">early July</charseq>
    </extent>
  </timex2_mention>
</timex2>
<timex2 ID="20_PolishSoviet-T46"  SET="YES" VAL="XXXX-XX-XX">
  <timex2_mention ID="20_PolishSoviet-T46-1">
    <extent>
      <charseq START="11803" END="11807">a day</charseq>
    </extent>
  </timex2_mention>
</timex2>
<timex2 ID="20_PolishSoviet-T47"  VAL="1920-07-19">
  <timex2_mention ID="20_PolishSoviet-T47-1">
    <extent>
      <charseq START="11836" END="11842">19 July</charseq>
    </extent>
  </timex2_mention>
</timex2>
<timex2 ID="20_PolishSoviet-T48"  VAL="1920-08-01">
  <timex2_mention ID="20_PolishSoviet-T48-1">
    <extent>
      <charseq START="11867" END="11874">1 August</charseq>
    </extent>
  </timex2_mention>
</timex2>
<timex2 ID="20_PolishSoviet-T49"  ANCHOR_DIR="AFTER" ANCHOR_VAL="1920-08-01" VAL="P1W">
  <timex2_mention ID="20_PolishSoviet-T49-1">
    <extent>
      <charseq START="12014" END="12026">only one week</charseq>
    </extent>
  </timex2_mention>
</timex2>
<timex2 ID="20_PolishSoviet-T50"  VAL="1920-08-02">
  <timex2_mention ID="20_PolishSoviet-T50-1">
    <extent>
      <charseq START="12063" END="12070">2 August</charseq>
    </extent>
  </timex2_mention>
</timex2>
<timex2 ID="20_PolishSoviet-T51" >
  <timex2_mention ID="20_PolishSoviet-T51-1">
    <extent>
      <charseq START="12646" END="12658">the same time</charseq>
    </extent>
  </timex2_mention>
</timex2>
<timex2 ID="20_PolishSoviet-T52"  VAL="1920-06">
  <timex2_mention ID="20_PolishSoviet-T52-1">
    <extent>
      <charseq START="13647" END="13656">early June</charseq>
    </extent>
  </timex2_mention>
</timex2>
<timex2 ID="20_PolishSoviet-T53"  VAL="XXXX-XX-XX">
  <timex2_mention ID="20_PolishSoviet-T53-1">
    <extent>
      <charseq START="14098" END="14104">the day</charseq>
    </extent>
  </timex2_mention>
</timex2>
<timex2 ID="20_PolishSoviet-T54"  VAL="1920-07-02">
  <timex2_mention ID="20_PolishSoviet-T54-1">
    <extent>
      <charseq START="14107" END="14118">2 July, 1920</charseq>
    </extent>
  </timex2_mention>
</timex2>
<timex2 ID="20_PolishSoviet-T55"  VAL="1920-07-28">
  <timex2_mention ID="20_PolishSoviet-T55-1">
    <extent>
      <charseq START="14594" END="14600">28 July</charseq>
    </extent>
  </timex2_mention>
</timex2>
<timex2 ID="20_PolishSoviet-T56"  VAL="1920-07">
  <timex2_mention ID="20_PolishSoviet-T56-1">
    <extent>
      <charseq START="15477" END="15485">July 1920</charseq>
    </extent>
  </timex2_mention>
</timex2>
<timex2 ID="20_PolishSoviet-T57"  VAL="1920-07-11">
  <timex2_mention ID="20_PolishSoviet-T57-1">
    <extent>
      <charseq START="15984" END="16000">the 11 July, 1920</charseq>
    </extent>
  </timex2_mention>
</timex2>
<timex2 ID="20_PolishSoviet-T58"  VAL="1920-07-17">
  <timex2_mention ID="20_PolishSoviet-T58-1">
    <extent>
      <charseq START="16561" END="16571">the 17 July</charseq>
    </extent>
  </timex2_mention>
</timex2>
<timex2 ID="20_PolishSoviet-T59"  VAL="1920-08-06">
  <timex2_mention ID="20_PolishSoviet-T59-1">
    <extent>
      <charseq START="16946" END="16959">August 6, 1920</charseq>
    </extent>
  </timex2_mention>
</timex2>
<timex2 ID="20_PolishSoviet-T60"  VAL="1920-08-06">
  <timex2_mention ID="20_PolishSoviet-T60-1">
    <extent>
      <charseq START="17589" END="17596">August 6</charseq>
    </extent>
  </timex2_mention>
</timex2>
<timex2 ID="20_PolishSoviet-T61"  VAL="1919">
  <timex2_mention ID="20_PolishSoviet-T61-1">
    <extent>
      <charseq START="17949" END="17952">1919</charseq>
    </extent>
  </timex2_mention>
</timex2>
<timex2 ID="20_PolishSoviet-T62"  VAL="1920">
  <timex2_mention ID="20_PolishSoviet-T62-1">
    <extent>
      <charseq START="18142" END="18145">1920</charseq>
    </extent>
  </timex2_mention>
</timex2>
<timex2 ID="20_PolishSoviet-T63"  VAL="1920-07-12">
  <timex2_mention ID="20_PolishSoviet-T63-1">
    <extent>
      <charseq START="18150" END="18156">July 12</charseq>
    </extent>
  </timex2_mention>
</timex2>
<timex2 ID="20_PolishSoviet-T64"  MOD="END" VAL="1920-08">
  <timex2_mention ID="20_PolishSoviet-T64-1">
    <extent>
      <charseq START="18713" END="18723">late August</charseq>
    </extent>
  </timex2_mention>
</timex2>
<timex2 ID="20_PolishSoviet-T65"  MOD="END" VAL="1920-08">
  <timex2_mention ID="20_PolishSoviet-T65-1">
    <extent>
      <charseq START="18743" END="18751">that time</charseq>
    </extent>
  </timex2_mention>
</timex2>
<timex2 ID="20_PolishSoviet-T66"  VAL="1920-08">
  <timex2_mention ID="20_PolishSoviet-T66-1">
    <extent>
      <charseq START="18980" END="18990">August 1920</charseq>
    </extent>
  </timex2_mention>
</timex2>
<timex2 ID="20_PolishSoviet-T67" >
  <timex2_mention ID="20_PolishSoviet-T67-1">
    <extent>
      <charseq START="19072" END="19074">now</charseq>
    </extent>
  </timex2_mention>
</timex2>
<timex2 ID="20_PolishSoviet-T68"  VAL="1919">
  <timex2_mention ID="20_PolishSoviet-T68-1">
    <extent>
      <charseq START="19198" END="19201">1919</charseq>
    </extent>
  </timex2_mention>
</timex2>
<timex2 ID="20_PolishSoviet-T69"  ANCHOR_DIR="AFTER" ANCHOR_VAL="1919" VAL="FUTURE_REF">
  <timex2_mention ID="20_PolishSoviet-T69-1">
    <extent>
      <charseq START="19378" END="19383">future</charseq>
    </extent>
  </timex2_mention>
</timex2>
<timex2 ID="20_PolishSoviet-T70"  VAL="1919">
  <timex2_mention ID="20_PolishSoviet-T70-1">
    <extent>
      <charseq START="19623" END="19626">1919</charseq>
    </extent>
  </timex2_mention>
</timex2>
<timex2 ID="20_PolishSoviet-T71"  ANCHOR_DIR="BEFORE" ANCHOR_VAL="1919" VAL="PAST_REF">
  <timex2_mention ID="20_PolishSoviet-T71-1">
    <extent>
      <charseq START="19697" END="19704">formerly</charseq>
    </extent>
  </timex2_mention>
</timex2>
<timex2 ID="20_PolishSoviet-T72"  ANCHOR_DIR="BEFORE" ANCHOR_VAL="1919-XX" VAL="PAST_REF">
  <timex2_mention ID="20_PolishSoviet-T72-1">
    <extent>
      <charseq START="20029" END="20047">a few months before</charseq>
    </extent>
  </timex2_mention>
</timex2>
<timex2 ID="20_PolishSoviet-T73"  MOD="MID" VAL="1920">
  <timex2_mention ID="20_PolishSoviet-T73-1">
    <extent>
      <charseq START="20131" END="20138">mid-1920</charseq>
    </extent>
  </timex2_mention>
</timex2>
<timex2 ID="20_PolishSoviet-T74"  ANCHOR_DIR="STARTING" ANCHOR_VAL="1920" VAL="PXY">
  <timex2_mention ID="20_PolishSoviet-T74-1">
    <extent>
      <charseq START="20634" END="20643">many years</charseq>
    </extent>
  </timex2_mention>
</timex2>
<timex2 ID="20_PolishSoviet-T75"  VAL="1921-02-21">
  <timex2_mention ID="20_PolishSoviet-T75-1">
    <extent>
      <charseq START="20854" END="20874">the 21 February, 1921</charseq>
    </extent>
  </timex2_mention>
</timex2>
<timex2 ID="20_PolishSoviet-T76"  VAL="1920-08-10">
  <timex2_mention ID="20_PolishSoviet-T76-1">
    <extent>
      <charseq START="21075" END="21089">August 10, 1920</charseq>
    </extent>
  </timex2_mention>
</timex2>
<timex2 ID="20_PolishSoviet-T77"  VAL="1920-08-13">
  <timex2_mention ID="20_PolishSoviet-T77-1">
    <extent>
      <charseq START="21260" END="21268">August 13</charseq>
    </extent>
  </timex2_mention>
</timex2>
<timex2 ID="20_PolishSoviet-T78"  VAL="1920-08-14">
  <timex2_mention ID="20_PolishSoviet-T78-1">
    <extent>
      <charseq START="22926" END="22934">August 14</charseq>
    </extent>
  </timex2_mention>
</timex2>
<timex2 ID="20_PolishSoviet-T79"  ANCHOR_DIR="STARTING" ANCHOR_VAL="1920-08-14" VAL="P1D">
  <timex2_mention ID="20_PolishSoviet-T79-1">
    <extent>
      <charseq START="23102" END="23108">one day</charseq>
    </extent>
  </timex2_mention>
</timex2>
<timex2 ID="20_PolishSoviet-T80"  SET="YES" VAL="XXXX-XX-XX">
  <timex2_mention ID="20_PolishSoviet-T80-1">
    <extent>
      <charseq START="23357" END="23361">a day</charseq>
    </extent>
  </timex2_mention>
</timex2>
<timex2 ID="20_PolishSoviet-T81"  VAL="1920-08-16">
  <timex2_mention ID="20_PolishSoviet-T81-1">
    <extent>
      <charseq START="23456" END="23464">August 16</charseq>
    </extent>
  </timex2_mention>
</timex2>
<timex2 ID="20_PolishSoviet-T82"  VAL="1920-08-18">
  <timex2_mention ID="20_PolishSoviet-T82-1">
    <extent>
      <charseq START="23995" END="24003">August 18</charseq>
    </extent>
  </timex2_mention>
</timex2>
<timex2 ID="20_PolishSoviet-T83"  VAL="1920-08-18">
  <timex2_mention ID="20_PolishSoviet-T83-1">
    <extent>
      <charseq START="24011" END="24023">that same day</charseq>
    </extent>
  </timex2_mention>
</timex2>
<timex2 ID="20_PolishSoviet-T84"  VAL="2004">
  <timex2_mention ID="20_PolishSoviet-T84-1">
    <extent>
      <charseq START="25028" END="25031">2004</charseq>
    </extent>
  </timex2_mention>
</timex2>
<timex2 ID="20_PolishSoviet-T85"  VAL="1920-07-29">
  <timex2_mention ID="20_PolishSoviet-T85-1">
    <extent>
      <charseq START="25269" END="25275">July 29</charseq>
    </extent>
  </timex2_mention>
</timex2>
<timex2 ID="20_PolishSoviet-T86"  VAL="1920-08-02">
  <timex2_mention ID="20_PolishSoviet-T86-1">
    <extent>
      <charseq START="25279" END="25286">August 2</charseq>
    </extent>
  </timex2_mention>
</timex2>
<timex2 ID="20_PolishSoviet-T87"  VAL="1920-08-17">
  <timex2_mention ID="20_PolishSoviet-T87-1">
    <extent>
      <charseq START="25302" END="25310">August 17</charseq>
    </extent>
  </timex2_mention>
</timex2>
<timex2 ID="20_PolishSoviet-T88"  VAL="1920-08-29">
  <timex2_mention ID="20_PolishSoviet-T88-1">
    <extent>
      <charseq START="25587" END="25595">29 August</charseq>
    </extent>
  </timex2_mention>
</timex2>
<timex2 ID="20_PolishSoviet-T89"  VAL="1920-08-31">
  <timex2_mention ID="20_PolishSoviet-T89-1">
    <extent>
      <charseq START="25766" END="25774">August 31</charseq>
    </extent>
  </timex2_mention>
</timex2>
<timex2 ID="20_PolishSoviet-T90"  VAL="1813">
  <timex2_mention ID="20_PolishSoviet-T90-1">
    <extent>
      <charseq START="26047" END="26050">1813</charseq>
    </extent>
  </timex2_mention>
</timex2>
<timex2 ID="20_PolishSoviet-T91"  VAL="1920-09-06">
  <timex2_mention ID="20_PolishSoviet-T91-1">
    <extent>
      <charseq START="26291" END="26301">6 September</charseq>
    </extent>
  </timex2_mention>
</timex2>
<timex2 ID="20_PolishSoviet-T92"  VAL="1920-09">
  <timex2_mention ID="20_PolishSoviet-T92-1">
    <extent>
      <charseq START="26442" END="26450">September</charseq>
    </extent>
  </timex2_mention>
</timex2>
<timex2 ID="20_PolishSoviet-T93"  VAL="1919">
  <timex2_mention ID="20_PolishSoviet-T93-1">
    <extent>
      <charseq START="26886" END="26902">the previous year</charseq>
    </extent>
  </timex2_mention>
</timex2>
<timex2 ID="20_PolishSoviet-T94"  MOD="START" VAL="1920-10">
  <timex2_mention ID="20_PolishSoviet-T94-1">
    <extent>
      <charseq START="26915" END="26927">early October</charseq>
    </extent>
  </timex2_mention>
</timex2>
<timex2 ID="20_PolishSoviet-T95"  VAL="1920-09-18">
  <timex2_mention ID="20_PolishSoviet-T95-1">
    <extent>
      <charseq START="27105" END="27116">September 18</charseq>
    </extent>
  </timex2_mention>
</timex2>
<timex2 ID="20_PolishSoviet-T96"  VAL="1920-10">
  <timex2_mention ID="20_PolishSoviet-T96-1">
    <extent>
      <charseq START="27176" END="27189">the next month</charseq>
    </extent>
  </timex2_mention>
</timex2>
<timex2 ID="20_PolishSoviet-T97"  VAL="1920-09-21">
  <timex2_mention ID="20_PolishSoviet-T97-1">
    <extent>
      <charseq START="27571" END="27582">21 September</charseq>
    </extent>
  </timex2_mention>
</timex2>
<timex2 ID="20_PolishSoviet-T98"  VAL="1920-09-28">
  <timex2_mention ID="20_PolishSoviet-T98-1">
    <extent>
      <charseq START="27601" END="27612">28 September</charseq>
    </extent>
  </timex2_mention>
</timex2>
<timex2 ID="20_PolishSoviet-T99"  VAL="1920-10-02">
  <timex2_mention ID="20_PolishSoviet-T99-1">
    <extent>
      <charseq START="27660" END="27668">2 October</charseq>
    </extent>
  </timex2_mention>
</timex2>
<timex2 ID="20_PolishSoviet-T100"  VAL="1920-10-05">
  <timex2_mention ID="20_PolishSoviet-T100-1">
    <extent>
      <charseq START="27674" END="27680">the 5th</charseq>
    </extent>
  </timex2_mention>
</timex2>
<timex2 ID="20_PolishSoviet-T101"  VAL="1920-10-12">
  <timex2_mention ID="20_PolishSoviet-T101-1">
    <extent>
      <charseq START="27862" END="27871">12 October</charseq>
    </extent>
  </timex2_mention>
</timex2>
<timex2 ID="20_PolishSoviet-T102"  VAL="1920-10-18">
  <timex2_mention ID="20_PolishSoviet-T102-1">
    <extent>
      <charseq START="27897" END="27906">18 October</charseq>
    </extent>
  </timex2_mention>
</timex2>
<timex2 ID="20_PolishSoviet-T103"  ANCHOR_DIR="AS_OF" ANCHOR_VAL="1920-10" VAL="PRESENT_REF">
  <timex2_mention ID="20_PolishSoviet-T103-1">
    <extent>
      <charseq START="28001" END="28003">now</charseq>
    </extent>
  </timex2_mention>
</timex2>
<timex2 ID="20_PolishSoviet-T104"  VAL="1920-11-11">
  <timex2_mention ID="20_PolishSoviet-T104-1">
    <extent>
      <charseq START="28134" END="28144">November 11</charseq>
    </extent>
  </timex2_mention>
</timex2>
<timex2 ID="20_PolishSoviet-T105"  VAL="1920-11-10">
  <timex2_mention ID="20_PolishSoviet-T105-1">
    <extent>
      <charseq START="28185" END="28195">November 10</charseq>
    </extent>
  </timex2_mention>
</timex2>
<timex2 ID="20_PolishSoviet-T106"  VAL="1920-11-21">
  <timex2_mention ID="20_PolishSoviet-T106-1">
    <extent>
      <charseq START="28201" END="28211">November 21</charseq>
    </extent>
  </timex2_mention>
</timex2>
</document>
</source_file>
