<?xml version="1.0"?>
<!DOCTYPE source_file SYSTEM "apf.v5.1.2.dtd">
<source_file URI="keyinline/21_NigerianCivilWar.key.xml" SOURCE="21_wikipedia" TYPE="text">
<document DOCID="21_NigerianCivilWar">
<timex2 ID="21_NigerianCivilWar-T1"  VAL="2009-12-19T17:00:00">
  <timex2_mention ID="21_NigerianCivilWar-T1-1">
    <extent>
      <charseq START="40" END="58">2009-12-19T17:00:00</charseq>
    </extent>
  </timex2_mention>
</timex2>
<timex2 ID="21_NigerianCivilWar-T2"  VAL="1967-05-30">
  <timex2_mention ID="21_NigerianCivilWar-T2-1">
    <extent>
      <charseq START="347" END="357">30 May 1967</charseq>
    </extent>
  </timex2_mention>
</timex2>
<timex2 ID="21_NigerianCivilWar-T3"  VAL="1967-07-06">
  <timex2_mention ID="21_NigerianCivilWar-T3-1">
    <extent>
      <charseq START="1327" END="1337">6 July 1967</charseq>
    </extent>
  </timex2_mention>
</timex2>
<timex2 ID="21_NigerianCivilWar-T4"  VAL="1967-07-14">
  <timex2_mention ID="21_NigerianCivilWar-T4-1">
    <extent>
      <charseq START="1683" END="1689">14 July</charseq>
    </extent>
  </timex2_mention>
</timex2>
<timex2 ID="21_NigerianCivilWar-T5"  VAL="1967-07-12">
  <timex2_mention ID="21_NigerianCivilWar-T5-1">
    <extent>
      <charseq START="1758" END="1764">12 July</charseq>
    </extent>
  </timex2_mention>
</timex2>
<timex2 ID="21_NigerianCivilWar-T6"  VAL="1967-07-09">
  <timex2_mention ID="21_NigerianCivilWar-T6-1">
    <extent>
      <charseq START="2024" END="2029">9 July</charseq>
    </extent>
  </timex2_mention>
</timex2>
<timex2 ID="21_NigerianCivilWar-T7"  ANCHOR_DIR="AS_OF" ANCHOR_VAL="2009-12-19" VAL="PRESENT_REF">
  <timex2_mention ID="21_NigerianCivilWar-T7-1">
    <extent>
      <charseq START="2184" END="2194">present day</charseq>
    </extent>
  </timex2_mention>
</timex2>
<timex2 ID="21_NigerianCivilWar-T8"  VAL="1967-08-21">
  <timex2_mention ID="21_NigerianCivilWar-T8-1">
    <extent>
      <charseq START="2240" END="2248">21 August</charseq>
    </extent>
  </timex2_mention>
</timex2>
<timex2 ID="21_NigerianCivilWar-T9"  VAL="1967-09-19">
  <timex2_mention ID="21_NigerianCivilWar-T9-1">
    <extent>
      <charseq START="3165" END="3176">19 September</charseq>
    </extent>
  </timex2_mention>
</timex2>
<timex2 ID="21_NigerianCivilWar-T10"  VAL="1967-09-22">
  <timex2_mention ID="21_NigerianCivilWar-T10-1">
    <extent>
      <charseq START="3231" END="3242">22 September</charseq>
    </extent>
  </timex2_mention>
</timex2>
<timex2 ID="21_NigerianCivilWar-T11"  VAL="1967-10">
  <timex2_mention ID="21_NigerianCivilWar-T11-1">
    <extent>
      <charseq START="4047" END="4053">October</charseq>
    </extent>
  </timex2_mention>
</timex2>
<timex2 ID="21_NigerianCivilWar-T12"  VAL="1967-10-12">
  <timex2_mention ID="21_NigerianCivilWar-T12-1">
    <extent>
      <charseq START="4183" END="4192">12 October</charseq>
    </extent>
  </timex2_mention>
</timex2>
<timex2 ID="21_NigerianCivilWar-T13"  VAL="1968">
  <timex2_mention ID="21_NigerianCivilWar-T13-1">
    <extent>
      <charseq START="4586" END="4589">1968</charseq>
    </extent>
  </timex2_mention>
</timex2>
<timex2 ID="21_NigerianCivilWar-T14"  VAL="1968-04">
  <timex2_mention ID="21_NigerianCivilWar-T14-1">
    <extent>
      <charseq START="4776" END="4780">April</charseq>
    </extent>
  </timex2_mention>
</timex2>
<timex2 ID="21_NigerianCivilWar-T15"  VAL="1968-06">
  <timex2_mention ID="21_NigerianCivilWar-T15-1">
    <extent>
      <charseq START="4785" END="4793">June 1968</charseq>
    </extent>
  </timex2_mention>
</timex2>
<timex2 ID="21_NigerianCivilWar-T16"  VAL="1968-05-19">
  <timex2_mention ID="21_NigerianCivilWar-T16-1">
    <extent>
      <charseq START="4924" END="4934">19 May 1968</charseq>
    </extent>
  </timex2_mention>
</timex2>
<timex2 ID="21_NigerianCivilWar-T17"  VAL="1971">
  <timex2_mention ID="21_NigerianCivilWar-T17-1">
    <extent>
      <charseq START="8271" END="8274">1971</charseq>
    </extent>
  </timex2_mention>
</timex2>
<timex2 ID="21_NigerianCivilWar-T18"  VAL="1969-06">
  <timex2_mention ID="21_NigerianCivilWar-T18-1">
    <extent>
      <charseq START="8306" END="8314">June 1969</charseq>
    </extent>
  </timex2_mention>
</timex2>
<timex2 ID="21_NigerianCivilWar-T19"  VAL="1969-05">
  <timex2_mention ID="21_NigerianCivilWar-T19-1">
    <extent>
      <charseq START="8832" END="8834">May</charseq>
    </extent>
  </timex2_mention>
</timex2>
<timex2 ID="21_NigerianCivilWar-T20"  VAL="1969-07">
  <timex2_mention ID="21_NigerianCivilWar-T20-1">
    <extent>
      <charseq START="8839" END="8842">July</charseq>
    </extent>
  </timex2_mention>
</timex2>
<timex2 ID="21_NigerianCivilWar-T21"  SET="YES" VAL="XXXX-XX-XX">
  <timex2_mention ID="21_NigerianCivilWar-T21-1">
    <extent>
      <charseq START="9171" END="9175">daily</charseq>
    </extent>
  </timex2_mention>
</timex2>
<timex2 ID="21_NigerianCivilWar-T22"  ANCHOR_DIR="AFTER" ANCHOR_VAL="1969-07" VAL="PXM">
  <timex2_mention ID="21_NigerianCivilWar-T22-1">
    <extent>
      <charseq START="9441" END="9452">a few months</charseq>
    </extent>
  </timex2_mention>
</timex2>
<timex2 ID="21_NigerianCivilWar-T23"  VAL="1969-12-23">
  <timex2_mention ID="21_NigerianCivilWar-T23-1">
    <extent>
      <charseq START="10109" END="10124">23 December 1969</charseq>
    </extent>
  </timex2_mention>
</timex2>
<timex2 ID="21_NigerianCivilWar-T24"  MOD="END" VAL="1969">
  <timex2_mention ID="21_NigerianCivilWar-T24-1">
    <extent>
      <charseq START="10323" END="10341">the end of the year</charseq>
    </extent>
  </timex2_mention>
</timex2>
<timex2 ID="21_NigerianCivilWar-T25"  VAL="1970-01-07">
  <timex2_mention ID="21_NigerianCivilWar-T25-1">
    <extent>
      <charseq START="10419" END="10432">7 January 1970</charseq>
    </extent>
  </timex2_mention>
</timex2>
<timex2 ID="21_NigerianCivilWar-T26"  VAL="1970-01-09">
  <timex2_mention ID="21_NigerianCivilWar-T26-1">
    <extent>
      <charseq START="10618" END="10626">9 January</charseq>
    </extent>
  </timex2_mention>
</timex2>
<timex2 ID="21_NigerianCivilWar-T27"  VAL="1970-01-11">
  <timex2_mention ID="21_NigerianCivilWar-T27-1">
    <extent>
      <charseq START="10645" END="10654">11 January</charseq>
    </extent>
  </timex2_mention>
</timex2>
<timex2 ID="21_NigerianCivilWar-T28"  VAL="1970-01-13">
  <timex2_mention ID="21_NigerianCivilWar-T28-1">
    <extent>
      <charseq START="10768" END="10782">13 January 1970</charseq>
    </extent>
  </timex2_mention>
</timex2>
<timex2 ID="21_NigerianCivilWar-T29"  ANCHOR_DIR="BEFORE" ANCHOR_VAL="1970-01-13" VAL="PAST_REF">
  <timex2_mention ID="21_NigerianCivilWar-T29-1">
    <extent>
      <charseq START="10785" END="10807">Only a few days earlier</charseq>
    </extent>
  </timex2_mention>
</timex2>
</document>
</source_file>
