<?xml version="1.0"?>
<!DOCTYPE source_file SYSTEM "apf.v5.1.2.dtd">
<source_file URI="keyinline/22_SecondItaloAbyssinianWar.key.xml" SOURCE="22_wikipedia" TYPE="text">
<document DOCID="22_SecondItaloAbyssinianWar">
<timex2 ID="22_SecondItaloAbyssinianWar-T1"  VAL="2009-12-19T17:00:00">
  <timex2_mention ID="22_SecondItaloAbyssinianWar-T1-1">
    <extent>
      <charseq START="48" END="66">2009-12-19T17:00:00</charseq>
    </extent>
  </timex2_mention>
</timex2>
<timex2 ID="22_SecondItaloAbyssinianWar-T2"  VAL="1935-03-28">
  <timex2_mention ID="22_SecondItaloAbyssinianWar-T2-1">
    <extent>
      <charseq START="91" END="104">March 28, 1935</charseq>
    </extent>
  </timex2_mention>
</timex2>
<timex2 ID="22_SecondItaloAbyssinianWar-T3"  ANCHOR_DIR="STARTING" ANCHOR_VAL="1895" VAL="P40Y">
  <timex2_mention ID="22_SecondItaloAbyssinianWar-T3-1">
    <extent>
      <charseq START="1145" END="1158">Forty-year-old</charseq>
    </extent>
  </timex2_mention>
</timex2>
<timex2 ID="22_SecondItaloAbyssinianWar-T4"  ANCHOR_DIR="BEFORE" ANCHOR_VAL="1935" VAL="PAST_REF">
  <timex2_mention ID="22_SecondItaloAbyssinianWar-T4-1">
    <extent>
      <charseq START="1183" END="1200">many years earlier</charseq>
    </extent>
  </timex2_mention>
</timex2>
<timex2 ID="22_SecondItaloAbyssinianWar-T5"  VAL="1935-10-03T05:00">
  <timex2_mention ID="22_SecondItaloAbyssinianWar-T5-1">
    <extent>
      <charseq START="1261" END="1267">5:00 am</charseq>
    </extent>
  </timex2_mention>
</timex2>
<timex2 ID="22_SecondItaloAbyssinianWar-T6"  VAL="1935-10-03">
  <timex2_mention ID="22_SecondItaloAbyssinianWar-T6-1">
    <extent>
      <charseq START="1272" END="1286">October 3, 1935</charseq>
    </extent>
  </timex2_mention>
</timex2>
<timex2 ID="22_SecondItaloAbyssinianWar-T7"  VAL="1935-10-05">
  <timex2_mention ID="22_SecondItaloAbyssinianWar-T7-1">
    <extent>
      <charseq START="1736" END="1744">October 5</charseq>
    </extent>
  </timex2_mention>
</timex2>
<timex2 ID="22_SecondItaloAbyssinianWar-T8"  VAL="1935-10-06">
  <timex2_mention ID="22_SecondItaloAbyssinianWar-T8-1">
    <extent>
      <charseq START="1788" END="1796">October 6</charseq>
    </extent>
  </timex2_mention>
</timex2>
<timex2 ID="22_SecondItaloAbyssinianWar-T9"  VAL="P1D">
  <timex2_mention ID="22_SecondItaloAbyssinianWar-T9-1">
    <extent>
      <charseq START="1955" END="1959">a day</charseq>
    </extent>
  </timex2_mention>
</timex2>
<timex2 ID="22_SecondItaloAbyssinianWar-T10"  VAL="1935-10-11">
  <timex2_mention ID="22_SecondItaloAbyssinianWar-T10-1">
    <extent>
      <charseq START="2164" END="2173">October 11</charseq>
    </extent>
  </timex2_mention>
</timex2>
<timex2 ID="22_SecondItaloAbyssinianWar-T11"  VAL="1935-10-14">
  <timex2_mention ID="22_SecondItaloAbyssinianWar-T11-1">
    <extent>
      <charseq START="2537" END="2546">October 14</charseq>
    </extent>
  </timex2_mention>
</timex2>
<timex2 ID="22_SecondItaloAbyssinianWar-T12" >
  <timex2_mention ID="22_SecondItaloAbyssinianWar-T12-1">
    <extent>
      <charseq START="2904" END="2906">now</charseq>
    </extent>
  </timex2_mention>
</timex2>
<timex2 ID="22_SecondItaloAbyssinianWar-T13"  VAL="1935-10-15">
  <timex2_mention ID="22_SecondItaloAbyssinianWar-T13-1">
    <extent>
      <charseq START="3095" END="3104">October 15</charseq>
    </extent>
  </timex2_mention>
</timex2>
<timex2 ID="22_SecondItaloAbyssinianWar-T14"  VAL="1935-11-08">
  <timex2_mention ID="22_SecondItaloAbyssinianWar-T14-1">
    <extent>
      <charseq START="3444" END="3453">November 8</charseq>
    </extent>
  </timex2_mention>
</timex2>
<timex2 ID="22_SecondItaloAbyssinianWar-T15"  VAL="1935-11-16">
  <timex2_mention ID="22_SecondItaloAbyssinianWar-T15-1">
    <extent>
      <charseq START="3611" END="3621">November 16</charseq>
    </extent>
  </timex2_mention>
</timex2>
<timex2 ID="22_SecondItaloAbyssinianWar-T16"  VAL="1935-12">
  <timex2_mention ID="22_SecondItaloAbyssinianWar-T16-1">
    <extent>
      <charseq START="3708" END="3715">December</charseq>
    </extent>
  </timex2_mention>
</timex2>
<timex2 ID="22_SecondItaloAbyssinianWar-T17"  VAL="1935-12">
  <timex2_mention ID="22_SecondItaloAbyssinianWar-T17-1">
    <extent>
      <charseq START="3841" END="3849">Christmas</charseq>
    </extent>
  </timex2_mention>
</timex2>
<timex2 ID="22_SecondItaloAbyssinianWar-T18"  VAL="1935-12">
  <timex2_mention ID="22_SecondItaloAbyssinianWar-T18-1">
    <extent>
      <charseq START="3986" END="3994">Christmas</charseq>
    </extent>
  </timex2_mention>
</timex2>
<timex2 ID="22_SecondItaloAbyssinianWar-T19"  VAL="1935-12">
  <timex2_mention ID="22_SecondItaloAbyssinianWar-T19-1">
    <extent>
      <charseq START="6595" END="6603">Christmas</charseq>
    </extent>
  </timex2_mention>
</timex2>
<timex2 ID="22_SecondItaloAbyssinianWar-T20"  COMMENT="EC:EVENT-BASED" VAL="1935-12">
  <timex2_mention ID="22_SecondItaloAbyssinianWar-T20-1">
    <extent>
      <charseq START="6617" END="6639">Black period of the war</charseq>
    </extent>
  </timex2_mention>
</timex2>
<timex2 ID="22_SecondItaloAbyssinianWar-T21"  VAL="1935-12">
  <timex2_mention ID="22_SecondItaloAbyssinianWar-T21-1">
    <extent>
      <charseq START="6653" END="6661">Christmas</charseq>
    </extent>
  </timex2_mention>
</timex2>
<timex2 ID="22_SecondItaloAbyssinianWar-T22"  COMMENT="EC:EVENT-BASED" VAL="1935-12">
  <timex2_mention ID="22_SecondItaloAbyssinianWar-T22-1">
    <extent>
      <charseq START="6674" END="6747">a time that informed circles in Italy termed the "Black Period" of the war</charseq>
    </extent>
  </timex2_mention>
</timex2>
<timex2 ID="22_SecondItaloAbyssinianWar-T23"  COMMENT="EC:EVENT-BASED" VAL="1935-12">
  <timex2_mention ID="22_SecondItaloAbyssinianWar-T23-1">
    <extent>
      <charseq START="6719" END="6747">the "Black Period" of the war</charseq>
    </extent>
  </timex2_mention>
</timex2>
<timex2 ID="22_SecondItaloAbyssinianWar-T24"  MOD="START" VAL="1935-12">
  <timex2_mention ID="22_SecondItaloAbyssinianWar-T24-1">
    <extent>
      <charseq START="7204" END="7222">early December 1935</charseq>
    </extent>
  </timex2_mention>
</timex2>
<timex2 ID="22_SecondItaloAbyssinianWar-T25"  ANCHOR_DIR="WITHIN" ANCHOR_VAL="1935-12" VAL="PXD">
  <timex2_mention ID="22_SecondItaloAbyssinianWar-T25-1">
    <extent>
      <charseq START="7642" END="7650">some days</charseq>
    </extent>
  </timex2_mention>
</timex2>
<timex2 ID="22_SecondItaloAbyssinianWar-T26"  VAL="1935-12-13">
  <timex2_mention ID="22_SecondItaloAbyssinianWar-T26-1">
    <extent>
      <charseq START="7683" END="7693">December 13</charseq>
    </extent>
  </timex2_mention>
</timex2>
<timex2 ID="22_SecondItaloAbyssinianWar-T27"  VAL="1935-12-26">
  <timex2_mention ID="22_SecondItaloAbyssinianWar-T27-1">
    <extent>
      <charseq START="8139" END="8149">December 26</charseq>
    </extent>
  </timex2_mention>
</timex2>
<timex2 ID="22_SecondItaloAbyssinianWar-T28"  VAL="1935-12">
  <timex2_mention ID="22_SecondItaloAbyssinianWar-T28-1">
    <extent>
      <charseq START="8579" END="8587">Christmas</charseq>
    </extent>
  </timex2_mention>
</timex2>
<timex2 ID="22_SecondItaloAbyssinianWar-T29"  MOD="START" VAL="1936">
  <timex2_mention ID="22_SecondItaloAbyssinianWar-T29-1">
    <extent>
      <charseq START="8871" END="8880">early 1936</charseq>
    </extent>
  </timex2_mention>
</timex2>
<timex2 ID="22_SecondItaloAbyssinianWar-T30"  VAL="1936-01-20">
  <timex2_mention ID="22_SecondItaloAbyssinianWar-T30-1">
    <extent>
      <charseq START="8886" END="8895">January 20</charseq>
    </extent>
  </timex2_mention>
</timex2>
<timex2 ID="22_SecondItaloAbyssinianWar-T31"  VAL="1936-01-24">
  <timex2_mention ID="22_SecondItaloAbyssinianWar-T31-1">
    <extent>
      <charseq START="9074" END="9083">January 24</charseq>
    </extent>
  </timex2_mention>
</timex2>
<timex2 ID="22_SecondItaloAbyssinianWar-T32"  VAL="1935-12">
  <timex2_mention ID="22_SecondItaloAbyssinianWar-T32-1">
    <extent>
      <charseq START="9261" END="9269">Christmas</charseq>
    </extent>
  </timex2_mention>
</timex2>
<timex2 ID="22_SecondItaloAbyssinianWar-T33"  COMMENT="EC:EVENT-BASED" VAL="1935-12">
  <timex2_mention ID="22_SecondItaloAbyssinianWar-T33-1">
    <extent>
      <charseq START="9758" END="9832">the time when the operations for the encircling of Makale were taking place</charseq>
    </extent>
  </timex2_mention>
</timex2>
<timex2 ID="22_SecondItaloAbyssinianWar-T34" >
  <timex2_mention ID="22_SecondItaloAbyssinianWar-T34-1">
    <extent>
      <charseq START="9911" END="9913">now</charseq>
    </extent>
  </timex2_mention>
</timex2>
<timex2 ID="22_SecondItaloAbyssinianWar-T35"  MOD="END" VAL="1936-01">
  <timex2_mention ID="22_SecondItaloAbyssinianWar-T35-1">
    <extent>
      <charseq START="10237" END="10259">the end of January 1936</charseq>
    </extent>
  </timex2_mention>
</timex2>
<timex2 ID="22_SecondItaloAbyssinianWar-T36"  MOD="START" VAL="1936-02">
  <timex2_mention ID="22_SecondItaloAbyssinianWar-T36-1">
    <extent>
      <charseq START="10589" END="10602">early February</charseq>
    </extent>
  </timex2_mention>
</timex2>
<timex2 ID="22_SecondItaloAbyssinianWar-T37"  MOD="END" VAL="1936-02">
  <timex2_mention ID="22_SecondItaloAbyssinianWar-T37-1">
    <extent>
      <charseq START="11172" END="11184">late February</charseq>
    </extent>
  </timex2_mention>
</timex2>
<timex2 ID="22_SecondItaloAbyssinianWar-T38"  MOD="START" VAL="1936-03">
  <timex2_mention ID="22_SecondItaloAbyssinianWar-T38-1">
    <extent>
      <charseq START="11368" END="11378">early March</charseq>
    </extent>
  </timex2_mention>
</timex2>
<timex2 ID="22_SecondItaloAbyssinianWar-T39"  VAL="1936-03-31">
  <timex2_mention ID="22_SecondItaloAbyssinianWar-T39-1">
    <extent>
      <charseq START="11641" END="11654">March 31, 1936</charseq>
    </extent>
  </timex2_mention>
</timex2>
<timex2 ID="22_SecondItaloAbyssinianWar-T40"  ANCHOR_DIR="STARTING" ANCHOR_VAL="1936-03-31" VAL="P1D">
  <timex2_mention ID="22_SecondItaloAbyssinianWar-T40-1">
    <extent>
      <charseq START="11884" END="11890">one day</charseq>
    </extent>
  </timex2_mention>
</timex2>
<timex2 ID="22_SecondItaloAbyssinianWar-T41"  VAL="1936-04-04">
  <timex2_mention ID="22_SecondItaloAbyssinianWar-T41-1">
    <extent>
      <charseq START="12256" END="12262">April 4</charseq>
    </extent>
  </timex2_mention>
</timex2>
<timex2 ID="22_SecondItaloAbyssinianWar-T42"  VAL="1935-10-03">
  <timex2_mention ID="22_SecondItaloAbyssinianWar-T42-1">
    <extent>
      <charseq START="12402" END="12416">October 3, 1935</charseq>
    </extent>
  </timex2_mention>
</timex2>
<timex2 ID="22_SecondItaloAbyssinianWar-T43"  ANCHOR_DIR="STARTING" ANCHOR_VAL="1935-10-03" VAL="P3W">
  <timex2_mention ID="22_SecondItaloAbyssinianWar-T43-1">
    <extent>
      <charseq START="12687" END="12697">three weeks</charseq>
    </extent>
  </timex2_mention>
</timex2>
<timex2 ID="22_SecondItaloAbyssinianWar-T44"  MOD="END" VAL="1935">
  <timex2_mention ID="22_SecondItaloAbyssinianWar-T44-1">
    <extent>
      <charseq START="12779" END="12794">Late in the year</charseq>
    </extent>
  </timex2_mention>
</timex2>
<timex2 ID="22_SecondItaloAbyssinianWar-T45"  VAL="1936-01-12">
  <timex2_mention ID="22_SecondItaloAbyssinianWar-T45-1">
    <extent>
      <charseq START="13056" END="13065">January 12</charseq>
    </extent>
  </timex2_mention>
</timex2>
<timex2 ID="22_SecondItaloAbyssinianWar-T46"  VAL="1936-01-16">
  <timex2_mention ID="22_SecondItaloAbyssinianWar-T46-1">
    <extent>
      <charseq START="13071" END="13086">January 16, 1936</charseq>
    </extent>
  </timex2_mention>
</timex2>
<timex2 ID="22_SecondItaloAbyssinianWar-T47"  VAL="1936-02">
  <timex2_mention ID="22_SecondItaloAbyssinianWar-T47-1">
    <extent>
      <charseq START="13372" END="13384">February 1936</charseq>
    </extent>
  </timex2_mention>
</timex2>
<timex2 ID="22_SecondItaloAbyssinianWar-T48"  VAL="1936-03-22">
  <timex2_mention ID="22_SecondItaloAbyssinianWar-T48-1">
    <extent>
      <charseq START="13467" END="13474">March 22</charseq>
    </extent>
  </timex2_mention>
</timex2>
<timex2 ID="22_SecondItaloAbyssinianWar-T49"  VAL="1936-04-14">
  <timex2_mention ID="22_SecondItaloAbyssinianWar-T49-1">
    <extent>
      <charseq START="13626" END="13633">April 14</charseq>
    </extent>
  </timex2_mention>
</timex2>
<timex2 ID="22_SecondItaloAbyssinianWar-T50"  COMMENT="EC:EVENT-BASED" VAL="1936-04-24">
  <timex2_mention ID="22_SecondItaloAbyssinianWar-T50-1">
    <extent>
      <charseq START="13876" END="13906">Ten days after the battle began</charseq>
    </extent>
  </timex2_mention>
</timex2>
<timex2 ID="22_SecondItaloAbyssinianWar-T51"  VAL="1936-05-02">
  <timex2_mention ID="22_SecondItaloAbyssinianWar-T51-1">
    <extent>
      <charseq START="14039" END="14043">May 2</charseq>
    </extent>
  </timex2_mention>
</timex2>
<timex2 ID="22_SecondItaloAbyssinianWar-T52"  VAL="1936-04-26">
  <timex2_mention ID="22_SecondItaloAbyssinianWar-T52-1">
    <extent>
      <charseq START="14278" END="14290">April 26 1936</charseq>
    </extent>
  </timex2_mention>
</timex2>
<timex2 ID="22_SecondItaloAbyssinianWar-T53"  MOD="START" VAL="1936-05-02">
  <timex2_mention ID="22_SecondItaloAbyssinianWar-T53-1">
    <extent>
      <charseq START="14500" END="14518">Very early on May 2</charseq>
    </extent>
  </timex2_mention>
</timex2>
<timex2 ID="22_SecondItaloAbyssinianWar-T54"  VAL="XXXX-XX-XX">
  <timex2_mention ID="22_SecondItaloAbyssinianWar-T54-1">
    <extent>
      <charseq START="15078" END="15090">the first day</charseq>
    </extent>
  </timex2_mention>
</timex2>
<timex2 ID="22_SecondItaloAbyssinianWar-T55"  VAL="1936-05-05">
  <timex2_mention ID="22_SecondItaloAbyssinianWar-T55-1">
    <extent>
      <charseq START="15297" END="15301">May 5</charseq>
    </extent>
  </timex2_mention>
</timex2>
<timex2 ID="22_SecondItaloAbyssinianWar-T56"  VAL="XXXX-XX">
  <timex2_mention ID="22_SecondItaloAbyssinianWar-T56-1">
    <extent>
      <charseq START="15563" END="15576">Months earlier</charseq>
    </extent>
  </timex2_mention>
</timex2>
<timex2 ID="22_SecondItaloAbyssinianWar-T57"  ANCHOR_DIR="ENDING" ANCHOR_VAL="1936" VAL="P1460Y">
  <timex2_mention ID="22_SecondItaloAbyssinianWar-T57-1">
    <extent>
      <charseq START="15927" END="15937">1,460 years</charseq>
    </extent>
  </timex2_mention>
</timex2>
<timex2 ID="22_SecondItaloAbyssinianWar-T58"  ANCHOR_DIR="ENDING" ANCHOR_VAL="19" VAL="P30CE">
  <timex2_mention ID="22_SecondItaloAbyssinianWar-T58-1">
    <extent>
      <charseq START="16535" END="16569">the thirty centuries of our history</charseq>
    </extent>
  </timex2_mention>
</timex2>
<timex2 ID="22_SecondItaloAbyssinianWar-T59"  VAL="XXXX-XX-XX">
  <timex2_mention ID="22_SecondItaloAbyssinianWar-T59-1">
    <extent>
      <charseq START="16979" END="16993">Four days later</charseq>
    </extent>
  </timex2_mention>
</timex2>
<timex2 ID="22_SecondItaloAbyssinianWar-T60"  COMMENT="EC:EVENT-BASED">
  <timex2_mention ID="22_SecondItaloAbyssinianWar-T60-1">
    <extent>
      <charseq START="17359" END="17383">Mussolini's hour of glory</charseq>
    </extent>
  </timex2_mention>
</timex2>
<timex2 ID="22_SecondItaloAbyssinianWar-T61"  VAL="XXXX-XX-XX">
  <timex2_mention ID="22_SecondItaloAbyssinianWar-T61-1">
    <extent>
      <charseq START="17863" END="17870">tomorrow</charseq>
    </extent>
  </timex2_mention>
</timex2>
<timex2 ID="22_SecondItaloAbyssinianWar-T62"  VAL="1936-05-04">
  <timex2_mention ID="22_SecondItaloAbyssinianWar-T62-1">
    <extent>
      <charseq START="18005" END="18009">May 4</charseq>
    </extent>
  </timex2_mention>
</timex2>
<timex2 ID="22_SecondItaloAbyssinianWar-T63"  COMMENT="EC:EVENT-BASED">
  <timex2_mention ID="22_SecondItaloAbyssinianWar-T63-1">
    <extent>
      <charseq START="18131" END="18169">Two days after his arrival in Jerusalem</charseq>
    </extent>
  </timex2_mention>
</timex2>
<timex2 ID="22_SecondItaloAbyssinianWar-T64" >
  <timex2_mention ID="22_SecondItaloAbyssinianWar-T64-1">
    <extent>
      <charseq START="18541" END="18543">now</charseq>
    </extent>
  </timex2_mention>
</timex2>
<timex2 ID="22_SecondItaloAbyssinianWar-T65"  VAL="1936-06-30">
  <timex2_mention ID="22_SecondItaloAbyssinianWar-T65-1">
    <extent>
      <charseq START="18984" END="18990">June 30</charseq>
    </extent>
  </timex2_mention>
</timex2>
<timex2 ID="22_SecondItaloAbyssinianWar-T66"  VAL="XXXX-XX-XX">
  <timex2_mention ID="22_SecondItaloAbyssinianWar-T66-1">
    <extent>
      <charseq START="19753" END="19757">today</charseq>
    </extent>
  </timex2_mention>
</timex2>
<timex2 ID="22_SecondItaloAbyssinianWar-T67"  VAL="XXXX-XX-XX">
  <timex2_mention ID="22_SecondItaloAbyssinianWar-T67-1">
    <extent>
      <charseq START="19775" END="19782">tomorrow</charseq>
    </extent>
  </timex2_mention>
</timex2>
<timex2 ID="22_SecondItaloAbyssinianWar-T68"  VAL="1936-11-18">
  <timex2_mention ID="22_SecondItaloAbyssinianWar-T68-1">
    <extent>
      <charseq START="20198" END="20214">November 18, 1936</charseq>
    </extent>
  </timex2_mention>
</timex2>
<timex2 ID="22_SecondItaloAbyssinianWar-T69"  VAL="1938">
  <timex2_mention ID="22_SecondItaloAbyssinianWar-T69-1">
    <extent>
      <charseq START="20289" END="20292">1938</charseq>
    </extent>
  </timex2_mention>
</timex2>
</document>
</source_file>
