<DOC>
<DOCID>08_FrenchRev</DOCID>
<DOCTYPE SOURCE="08_wikipedia"> HISTORY ARTICLE </DOCTYPE>
<DATETIME> <TIMEX2 val="2009-12-19T17:00:00">2009-12-19T17:00:00</TIMEX2> </DATETIME>
<TEXT>
Pre-revolution

Financial crisis

Louis XVI ascended to the throne amidst a financial crisis; the nation was nearing bankruptcy and outlays outpaced income. This was because of France's involvement in the <TIMEX2 val="P7Y">Seven Years</TIMEX2> War and its participation in the American Revolutionary War. In <TIMEX2 val="1776-05">May 1776</TIMEX2>, finance minister Turgot was dismissed, after he lost favor. <TIMEX2 val="1777">The next year</TIMEX2>, Jacques Necker, a foreigner, was appointed Director-General of Finance. He was not made a minister because he was a Protestant, and could not become a naturalized French citizen. Necker realized that the country's tax system subjected some to an unfair burden; numerous exemptions existed for the nobility and clergy. He argued that the country could not be taxed higher, that tax exemptions for the nobility and clergy should be removed, and proposed that borrowing would solve the country's fiscal problems. Necker published a report to support this claim that underestimated the deficit by roughly 36,000 livres; and proposed restricting the spending power of the parlements. This was not received well by the King's ministers and Necker, hoping to solidify his position, argued to be accepted as a minister. The King refused, Necker was fired, and Charles Alexandre de Calonne was appointed to the Directorship. Calonne initially spent liberally, but he quickly realized the critical financial situation and put forth a new tax code. The proposal included a consistent land tax, which would include taxation of the nobility and clergy, and the meeting of the Estates was planned for <TIMEX2 val="1789-05">May 1789</TIMEX2>; a signal that the Bourbon monarchy was no longer absolute.

Estates-General of <TIMEX2 val="1789">1789</TIMEX2>

The Estates-General was organized into three estates, respectively: the clergy, the nobility, and the rest of France. On the last occasion that the Estates-General had met, in <TIMEX2 val="1614">1614</TIMEX2>, each estate held one vote, and any two could override the third. The Parlement of Paris feared the government would attempt to gerrymander an assembly to rig the results. Thus, they required that the Estates be arranged as in <TIMEX2 val="1614">1614</TIMEX2>. The <TIMEX2 val="1614">1614</TIMEX2> rules differed from practices of local assemblies, wherein each member had one vote and third estate membership was doubled. For instance, in the province of Dauphine the provincial assembly agreed to double the number of members of the third estate, hold membership elections, and allow one vote per member, rather than one vote per estate. The "Committee of Thirty", a body of liberal Parisians, began to agitate against voting by estate. This group, largely composed of the wealthy, argued for the Estates-General to assume the voting mechanisms of Dauphiné. They argued that ancient precedent was not sufficient, because "the people were sovereign". Necker convened a Second Assembly of the Notables, which rejected the notion of double representation by a vote of 111 to 333. The King, however, agreed to the proposition on <TIMEX2 val="1788-12-27">27 December</TIMEX2>; but he left discussion of the weight of each vote to the Estates-General itself.
Elections were held in <TIMEX2 val="1789-SP">the spring of 1789</TIMEX2>; suffrage requirements for the Third Estate were for French-born or naturalised males only, <TIMEX2 val="P25Y" mod="EQUAL_OR_MORE">at least 25 years of age</TIMEX2>, who resided where the vote was to take place and who paid taxes.
Strong turnout produced 1,201 delegates, including: "291 nobles, 300 clergy, and 610 members of the Third Estate." To lead delegates, "Books of grievances" (cahiers de doléances) were compiled to list problems. The books articulated ideas which would have seemed radical only <TIMEX2 val="XXXX-XX" anchor_val="1789-SP" anchor_dir="BEFORE">months before</TIMEX2>; however, most supported the monarchical system in general. Many assumed the Estates-General would approve <TIMEX2 val="FUTURE_REF" anchor_val="1789-SP" anchor_dir="AFTER">future</TIMEX2> taxes, and Enlightenment ideals were relatively rare. Pamphlets by liberal nobles and clergy became widespread after the lifting of press censorship. The Abbe Sieyès, argued the importance of the Third Estate in the pamphlet Qu'est-ce que le tiers état? (What is the Third Estate?), published in <TIMEX2 val="1789-01">January 1789</TIMEX2>. He asserted: "What is the Third Estate? Everything. What has it been until <TIMEX2 val="PRESENT_REF" anchor_val="1789-01" anchor_dir="AS_OF">now</TIMEX2> in the political order? Nothing. What does it want to be? Something."
The Estates-General convened in Versailles on <TIMEX2 val="1789-05-05">5 May 1789</TIMEX2> and opened with a <TIMEX2 val="PT3H" anchor_val="1789-05-05" anchor_dir="WITHIN">three hour</TIMEX2> speech by Necker. The basic strategy of the Third Estate was to make sure that no decisions of the Estates-General should be reached in separate chambers, but instead should be made by all deputies from all three estates together (in other words, the strategy was to merge all three estates into one assembly). Thus they demanded that the verification of deputies' credentials should be undertaken in common by all deputies, rather than each estate verifying the credentials of its own members internally; but negotiations with the other estates failed to achieve this. The commoners appealed to the clergy who replied they required more time. Necker asserted that each estate verify credentials and "the king was to act as arbitrator". Negotiations with the other two estates to achieve this, however, were unsuccessful.

National Assembly (<TIMEX2 val="1789">1789</TIMEX2>)

On <TIMEX2 val="1789-06-10">10 June 1789</TIMEX2> Abbe Sieyès moved that the Third Estate, <TIMEX2 val="PRESENT_REF" anchor_val="1789-06-10" anchor_dir="AS_OF">now</TIMEX2> meeting as the Communes (English: "Commons"), proceed with verification of its own powers and invite the other two estates to take part, but not to wait for them. They proceeded to do so <TIMEX2 val="1789-06-12">two days later</TIMEX2>, completing the process on <TIMEX2 val="1789-06-17">17 June</TIMEX2>. Then they voted a measure far more radical, declaring themselves the National Assembly, an assembly not of the Estates but of "the People." They invited the other orders to join them, but made it clear they intended to conduct the nation's affairs with or without them.
In an attempt to keep control of the process and prevent the Assembly from convening, Louis XVI ordered the closure of the Salle des États where the Assembly met, making an excuse that the carpenters needed to prepare the hall for a royal speech in <TIMEX2>two days</TIMEX2>. Weather did not allow an outdoor meeting, so the Assembly moved their deliberations to a nearby indoor real tennis court, where they proceeded to swear the Tennis Court Oath (<TIMEX2 val="1789-06-20">20 June 1789</TIMEX2>), under which they agreed not to separate until they had given France a constitution. A majority of the representatives of the clergy soon joined them, as did 47 members of the nobility. By <TIMEX2 val="1789-06-27">27 June</TIMEX2>, the royal party had overtly given in, although the military began to arrive in large numbers around Paris and Versailles. Messages of support for the Assembly poured in from Paris and other French cities.

National Constituent Assembly (<TIMEX2 val="1789">1789</TIMEX2>-<TIMEX2 val="1791">1791</TIMEX2>)

Storming of the Bastille

By <TIMEX2 val="1789-06-27">this time</TIMEX2>, Necker had earned the enmity of many members of the French court for his support and guidance to the Third Estate. Marie Antoinette, the King's younger brother the Comte d'Artois, and other conservative members of the King's privy council urged him to dismiss Necker from his role as King's financial advisor. On <TIMEX2 val="1789-07-11">11 July 1789</TIMEX2>, after Necker suggested that the royal family live according to a budget to conserve funds, the King fired him, and completely reconstructed the finance ministry at <TIMEX2 val="1789-07-11">the same time</TIMEX2>.
Many Parisians presumed Louis's actions to be the start of a royal coup by the conservatives and began open rebellion when they heard the news <TIMEX2 val="1789-07-12">the next day</TIMEX2>. They were also afraid that arriving soldiers-mostly foreigners under French service rather than native French troops-had been summoned to shut down the National Constituent Assembly. The Assembly, meeting at Versailles, went into nonstop session to prevent eviction from their meeting place once again. Paris was soon consumed with riots, chaos, and widespread looting. The mobs soon had the support of the French Guard, including arms and trained soldiers.
On <TIMEX2 val="1789-07-14">14 July</TIMEX2>, the insurgents set their eyes on the large weapons and ammunition cache inside the Bastille fortress, which was also perceived to be a symbol of monarchist tyranny. After <TIMEX2 val="PTXH" anchor_val="1789-07-14" anchor_dir="WITHIN" comment="EC:EVENT-BASED">several hours of combat</TIMEX2>, the prison fell <TIMEX2 val="1789-07-14TAF">that afternoon</TIMEX2>. Despite ordering a cease fire, which prevented a mutual massacre, Governor Marquis Bernard de Launay was beaten, stabbed and decapitated; his head was placed on a pike and paraded about the city. Although the fortress had held only seven prisoners (four forgers, two noblemen kept for immoral behavior, and a murder suspect), the Bastille served as a potent symbol of everything hated under the Ancien Regime. Returning to the Hôtel de Ville (city hall), the mob accused the prévôt des marchands (roughly, mayor) Jacques de Flesselles of treachery and he was shot.

The King and his military supporters backed down, at least for <TIMEX2 val="PRESENT_REF" anchor_val="1789-07-14" anchor_dir="AS_OF">the time being</TIMEX2>. La Fayette took up command of the National Guard at Paris. Jean-Sylvain Bailly, president of the Assembly at <TIMEX2 val="1789-06-20" comment="EC:EVENT-BASED">the time of the Tennis Court Oath</TIMEX2>, became the city's mayor under a new governmental structure known as the commune. The King visited Paris, where, on <TIMEX2 val="1789-07-17">17 July</TIMEX2> he accepted a tricolore cockade, to cries of Vive la Nation [Long live the Nation] and Vive le Roi [Long live the King].
Necker was recalled to power, but his triumph was short-lived. An astute financier but a less astute politician, Necker overplayed his hand by demanding and obtaining a general amnesty, losing much of the people's favour. He also felt he could save France all by himself, despite having few ideas.
Nobles were not assured by this apparent reconciliation of King and people. They began to flee the country as émigrés, some of whom began plotting civil war within the kingdom and agitating for a European coalition against France.
By <TIMEX2 val="1789-07" mod="END">late July</TIMEX2>, insurrection and the spirit of popular sovereignty spread throughout France. In rural areas, many went beyond this: some burned title-deeds and no small number of châteaux, as part of a general agrarian insurrection known as "la Grande Peur" (the Great Fear). In addition, plotting at Versailles and the large numbers of men on the roads of France as a result of unemployment led to wild rumours and paranoia (particularly in the rural areas) that caused widespread unrest and civil disturbances and contributed to the Great Fear.

Working toward a constitution

On <TIMEX2 val="1789-08-04">4 August 1789</TIMEX2> the National Constituent Assembly abolished feudalism (although at that point there had been sufficient peasant revolts to almost end feudalism already), in what is known as the <TIMEX2 val="1789-08">August</TIMEX2> Decrees, sweeping away both the seigneurial rights of the Second Estate and the tithes gathered by the First Estate. In the course of <TIMEX2 val="PTXH" anchor_val="1789-08-04" anchor_dir="WITHIN">a few hours</TIMEX2>, nobles, clergy, towns, provinces, companies, and cities lost their special privileges.
Looking to the Declaration of Independence of the United States for a model, on <TIMEX2 val="1789-08-26">26 August 1789</TIMEX2>, the Assembly published the Declaration of the Rights of Man and of the Citizen. Like the U.S. Declaration, it comprised a statement of principles rather than a constitution with legal effect. The National Constituent Assembly functioned not only as a legislature, but also as a body to draft a new constitution.
Necker, Mounier, Lally-Tollendal and others argued unsuccessfully for a senate, with members appointed by the crown on the nomination of the people. The bulk of the nobles argued for an aristocratic upper house elected by the nobles. The popular party carried the day: France would have a single, unicameral assembly. The King retained only a "suspensive veto"; he could delay the implementation of a law, but not block it absolutely. The Assembly eventually replaced the historic provinces with 83 départements, uniformly administered and roughly equal in area and population.
Originally summoned to deal with a financial crisis, by <TIMEX2 val="1789" mod="END">late 1789</TIMEX2>, the Assembly had focused on other matters and only worsened the deficit. Honore Mirabeau <TIMEX2 val="PRESENT_REF" anchor_val="1789" anchor_dir="AS_OF">now</TIMEX2> led the move to address this matter, and the Assembly gave Necker complete financial dictatorship.

Women's March on Versailles

Fueled by rumors of a reception by the King's bodyguards <TIMEX2 val="1789-10-01">1 October 1789</TIMEX2> in which the national cockade had been trampled upon, on <TIMEX2 val="1789-10-05">5 October 1789</TIMEX2> crowds of women began to assemble at Parisian markets. The women first marched to the Hôtel de Ville, demanding that city officials address their concerns. The women were responding to the harsh economic situations they faced, especially bread shortages. They also demanded an end to Royalist efforts to block the National Assembly, and for the King and his administration to move to Paris as a sign of good faith in addressing the widespread poverty.
Getting unsatisfactory responses from city officials, as many as 7,000 women joined the march to Versailles, bringing with them pieces of cannon and a variety of smaller weapons. Twenty thousand National Guardsmen under the command of La Fayette responded to keep order, and members of the mob stormed the palace, killing several guards. La Fayette ultimately convinced the king to accede to the demand of the crowd that the monarchy relocate to Paris.
On <TIMEX2 val="1789-10-06">6 October 1789</TIMEX2>, the King and the royal family moved from Versailles to Paris under the protection of the National Guards, thus legitimizing the National Assembly.

Revolution and the Church

The Revolution brought about a massive shifting of powers from the Roman Catholic Church to the state. Under the Ancien Regime, the Church had been the largest single landowner in the country, owning about 10 percent of the land in the kingdom. The Church was exempt from paying taxes to the government, however it levied a tithe - a tenth tax on income often collected in the form of crops - on the general population. The power and wealth of the Church was highly resented. Non-Catholics and Protestants wanted an anti-Catholic regime and revenge against the clergy in power. Enlightenment thinkers such as Voltaire helped fuel this resentment by denigrating the Catholic Church and destabilizing the French monarchy. As historian John McManners argues, "In <TIMEX2 val="17">eighteenth-century</TIMEX2> France throne and altar were commonly spoken of as in close alliance; their simultaneous collapse ... would <TIMEX2 val="XXXX-XX-XX">one day</TIMEX2> provide the final proof of their interdependence."
This resentment toward the Church weakened its power during the opening of the Estates General in <TIMEX2 val="1789-05">May of 1789</TIMEX2>. The Church composed the First Estate with 130,000 members of the clergy. When the National Assembly was later created in <TIMEX2 val="1789-06">June 1789</TIMEX2> by the Third Estate, the clergy voted to join them, which perpetuated the destruction of the Estates General as a governing body. The National Assembly began to enact social and economic reform. Legislation sanctioned on <TIMEX2 val="1789-08-04">4 August 1789</TIMEX2> abolished the Church's authority to impose the tithe. In an attempt to address the financial crisis, the Assembly declared, on <TIMEX2 val="1789-11-02">2 November 1789</TIMEX2>, that the property of the Church was "at the disposal of the nation." They used this property to back a new currency, the assignats. However, the nation had <TIMEX2 val="PRESENT_REF" anchor_val="1789-11-02" anchor_dir="AS_OF">now</TIMEX2> taken on the responsibility of the Church, which included paying the clergy and caring for the poor. In <TIMEX2 val="1789-12">December</TIMEX2> the Assembly began to sell the lands to the highest bidder in order to raise revenue, effectively decreasing the value of the assignats by 25 percent in <TIMEX2 val="P2Y" anchor_val="1789-12" anchor_dir="STARTING">two years</TIMEX2>. In <TIMEX2 val="1789-FA">autumn of 1789</TIMEX2>, legislation abolished monastic vows and on <TIMEX2 val="1790-02-13">13 February 1790</TIMEX2> all religious orders were dissolved. Monks and nuns were encouraged to return to private life and 10 percent eventually married.
The Civil Constitution of the Clergy, passed on <TIMEX2 val="1790-07-12">12 July 1790</TIMEX2>, turned the remaining clergy into employees of the state. This established an election system for parish priests and bishops and set a pay rate for the clergy. Many Catholics objected to the election system because non-Catholics could participate in the election of their priests and bishops. Eventually, in <TIMEX2 val="1790-11">November 1790</TIMEX2>, the National Assembly began to require an oath of loyalty to the Civil Constitution from all the members of the clergy. This led to a schism between those clergy who swore the required oath and accepted the new arrangement and those who refused to do so. Overall 54 percent of the clergy nationwide took the oath. Widespread refusal led to legislation against the clergy, "forcing them into exile, deporting them forcibly, or executing them as traitors." The Pope Pius VI never accepted the Civil Constitution of the Clergy, further isolating the Church in France. During the Reign of Terror, extreme efforts of de-Christianization ensued, including the imprisonment and massacre of priests and destruction of churches and religious images throughout France. An effort was made to replace altogether the Catholic Church with civic festivals. The establishment of the cult of Reason was the final step of radical de-Christianization. However, locals often resisted these efforts and even Robespierre and the Committee of Public Safety eventually denounced this campaign. The Concordat of <TIMEX2 val="1801">1801</TIMEX2> between Napoleon and the Church ended <TIMEX2 val="PXY" anchor_val="1801" anchor_dir="ENDING" comment="EC:EVENT-BASED">the de-Christianization period</TIMEX2> and established the rules for a relationship between the Catholic Church and the French State that lasted until it was abrogated by the Third Republic via the separation of church and state on <TIMEX2 val="1905-12-11">11 December 1905</TIMEX2>.

Appearance of factions

Factions within the Assembly began to clarify. The aristocrat Jacques Antoine Marie de Cazalès and the abbe Jean-Sifrein Maury led what would become known as the right wing, the opposition to revolution (this party sat on the right-hand side of the Assembly). The "Royalist democrats" or monarchiens, allied with Necker, inclined toward organising France along lines similar to the British constitutional model; they included Jean Joseph Mounier, the Comte de Lally-Tollendal, the comte de Clermont-Tonnerre, and Pierre Victor Malouet, comte de Virieu.
The "National Party", representing the centre or centre-left of the assembly, included Honoré Mirabeau, La Fayette, and Bailly; while Adrien Duport, Barnave and Alexandre Lameth represented somewhat more extreme views. Almost alone in his radicalism on the left was the Arras lawyer Maximilien Robespierre. Abbé Sieyès led in proposing legislation in <TIMEX2>this period</TIMEX2> and successfully forged consensus for <TIMEX2>some time</TIMEX2> between the political centre and the left. In Paris, various committees, the mayor, the assembly of representatives, and the individual districts each claimed authority independent of the others. The increasingly middle-class National Guard under La Fayette also slowly emerged as a power in its own right, as did other self-generated assemblies.

Intrigues and radicalism

The Assembly abolished the symbolic paraphernalia of the Ancien Régime-armorial bearings, liveries, etc.-which further alienated the more conservative nobles, and added to the ranks of the émigrés. On <TIMEX2 val="1790-07-14">14 July 1790</TIMEX2>, and for <TIMEX2 val="PXD" anchor_val="1790-07-14" anchor_dir="STARTING">several days following</TIMEX2>, crowds in the Champ de Mars celebrated <TIMEX2 val="1790-07-14" comment="EC:EVENT-BASED; It is the 1st ann.">the anniversary of the fall of the Bastille</TIMEX2> with a Fête de la Fedération; Talleyrand performed a mass; participants swore an oath of "fidelity to the nation, the law, and the king"; and the King and the royal family actively participated.
The electors had originally chosen the members of the Estates-General to serve for <TIMEX2 val="P1Y">a single year</TIMEX2>. However, by the terms of the Tennis Court Oath, the communes had bound themselves to meet continuously until France had a constitution. Right-wing elements <TIMEX2 val="PRESENT_REF">now</TIMEX2> argued for a new election, but Mirabeau carried the day, asserting that the status of the assembly had fundamentally changed, and that no new election should take place before completing the constitution.
In <TIMEX2 val="1790" mod="END">late 1790</TIMEX2>, several small counter-revolutionary uprisings broke out and efforts took place to turn all or part of the army against the Revolution. These uniformly failed. The royal court "encouraged every anti-revolutionary enterprise and avowed none."
The army faced considerable internal turmoil: General Bouillé successfully put down a small rebellion, which added to his (accurate) reputation for counter-revolutionary sympathies. The new military code, under which promotion depended on seniority and proven competence (rather than on nobility) alienated some of the existing officer corps, who joined the ranks of the émigrés or became counter-revolutionaries from within.
<TIMEX2>This period</TIMEX2> saw the rise of the political "clubs" in French politics, foremost among these the Jacobin Club; 152 clubs had affiliated with the Jacobins by <TIMEX2 val="1790-08-10">10 August 1790</TIMEX2>. As the Jacobins became more of a broad popular organisation, some of its founders abandoned it to form the Club of <TIMEX2 val="1789">'89</TIMEX2>. Royalists established first the short-lived Club des Impartiaux and later the Club Monarchique. The latter attempted unsuccessfully to curry public favour by distributing bread. Nonetheless, they became the frequent target of protests and even riots, and the Paris municipal authorities finally closed down the Club Monarchique in <TIMEX2 val="1791-01">January 1791</TIMEX2>.
Amidst these intrigues, the Assembly continued to work on developing a constitution. A new judicial organisation made all magistracies temporary and independent of the throne. The legislators abolished hereditary offices, except for the monarchy itself. Jury trials started for criminal cases. The King would have the unique power to propose war, with the legislature then deciding whether to declare war. The Assembly abolished all internal trade barriers and suppressed guilds, masterships, and workers' organisations: any individual gained the right to practice a trade through the purchase of a license; strikes became illegal.
In <TIMEX2 val="1791-WI">the winter of 1791</TIMEX2>, the Assembly considered, for the first time, legislation against the emigrés. The debate pitted the safety of the State against the liberty of individuals to leave. Mirabeau carried the day against the measure, which he referred to as "worthy of being placed in the code of Draco". But Mirabeau died on <TIMEX2 val="1791-04-02">2 April 1791</TIMEX2> and, before <TIMEX2 val="1791" mod="END">the end of the year</TIMEX2>, the new Legislative Assembly would adopt this "draconian" measure.

Royal flight to Varennes

Louis XVI, opposed to the course of the Revolution, but rejecting the potentially treacherous aid of the other monarchs of Europe, cast his lot with General Bouillé, who condemned both the emigration and the assembly, and promised him refuge and support in his camp at Montmédy. On <TIMEX2 val="1791-06-20TNI">the night of 20 June 1791</TIMEX2> the royal family fled the Tuileries wearing the clothes of servants, while their servants dressed as nobles.
However, <TIMEX2 val="1791-06-21">the next day</TIMEX2> the King was recognised and arrested at Varennes (in the Meuse departement) late on <TIMEX2 val="1791-06-21">21 June</TIMEX2>. He and his family were paraded back to Paris under guard, still dressed as servants. Petion, Latour-Maubourg, and Antoine Pierre Joseph Marie Barnave, representing the Assembly, met the royal family at Épernay and returned with them. From <TIMEX2 val="1791-06-21">this time</TIMEX2>, Barnave became a counselor and supporter of the royal family. When they reached Paris, the crowd remained silent. The Assembly provisionally suspended the King. He and Queen Marie Antoinette remained held under guard.

Completing the constitution

As most of the Assembly still favoured a constitutional monarchy rather than a republic, the various groupings reached a compromise which left Louis XVI as little more than a figurehead: he had perforce to swear an oath to the constitution, and a decree declared that retracting the oath, heading an army for the purpose of making war upon the nation, or permitting anyone to do so in his name would amount to de facto abdication.
Jacques Pierre Brissot drafted a petition, insisting that in the eyes of the nation Louis XVI was deposed since his flight. An immense crowd gathered in the Champ de Mars to sign the petition. Georges Danton and Camille Desmoulins gave fiery speeches. The Assembly called for the municipal authorities to "preserve public order". The National Guard under La Fayette's command confronted the crowd. The soldiers responded to a barrage of stones by firing into the crowd, thus killing between 13 and 50 people.
In the wake of this massacre the authorities closed many of the patriotic clubs, as well as radical newspapers such as Jean-Paul Marat's L'Ami du Peuple. Danton fled to England; Desmoulins and Marat went into hiding.
Meanwhile, a new threat arose from abroad: Holy Roman Emperor Leopold II, Frederick William II of Prussia, and the King's brother Charles-Philippe, comte d'Artois issued the Declaration of Pillnitz which considered the cause of Louis XVI as their own, demanded his absolute liberty and implied an invasion of France on his behalf if the revolutionary authorities refused its conditions. The French people expressed no respect for the dictates of foreign monarchs, and the threat of force merely caused the militarisation of the frontiers.
Even before his "Flight to Varennes", the Assembly members had determined to debar themselves from the legislature that would succeed them, the Legislative Assembly. They <TIMEX2 val="PRESENT_REF">now</TIMEX2> gathered the various constitutional laws they had passed into a single constitution, showed remarkable strength in choosing not to use this as an occasion for major revisions, and submitted it to the <TIMEX2 val="PAST_REF">recently</TIMEX2> restored Louis XVI, who accepted it, writing "I engage to maintain it at home, to defend it from all attacks from abroad, and to cause its execution by all the means it places at my disposal". The King addressed the Assembly and received enthusiastic applause from members and spectators. The Assembly set the end of its term for <TIMEX2 val="1791-09-29">29 September 1791</TIMEX2>.
Mignet argued that the "constitution of <TIMEX2 val="1791">1791</TIMEX2>... was the work of the middle class, then the strongest; for, as is well known, the predominant force ever takes possession of institutions... In this constitution the people was the source of all powers, but it exercised none."

Legislative Assembly (<TIMEX2 val="1791">1791</TIMEX2>-<TIMEX2 val="1792">1792</TIMEX2>)

Failure of the constitutional monarchy

Under the Constitution of <TIMEX2 val="1791">1791</TIMEX2>, France would function as a constitutional monarchy. The King had to share power with the elected Legislative Assembly, but he still retained his royal veto and the ability to select ministers. The Legislative Assembly first met on <TIMEX2 val="1791-10-01">1 October 1791</TIMEX2>, and degenerated into chaos <TIMEX2 val="1792-10-01" mod="BEFORE">less than a year later</TIMEX2>. In the words of the <TIMEX2 val="1911">1911</TIMEX2> Encyclopaedia Britannica: "In the attempt to govern, the Assembly failed altogether. It left behind an empty treasury, an undisciplined army and navy, and a people debauched by safe and successful riot." The Legislative Assembly consisted of about 165 Feuillants (constitutional monarchists) on the right, about 330 Girondists (liberal republicans) and Jacobins (radical revolutionaries) on the left, and about 250 deputies unaffiliated with either faction. Early on, the King vetoed legislation that threatened the émigrés with death and that decreed that every non-juring clergyman must take within <TIMEX2 val="P8D">eight days</TIMEX2> the civic oath mandated by the Civil Constitution of the Clergy. Over the course of <TIMEX2 val="P1Y">a year</TIMEX2>, such disagreements would lead to a constitutional crisis.

Constitutional crisis

On <TIMEX2 val="1792-08-10TNI">the night of 10 August 1792</TIMEX2>, insurgents, supported by a new revolutionary Paris Commune, assailed the Tuileries. The King and queen ended up prisoners and a rump session of the Legislative Assembly suspended the monarchy; little more than a third of the deputies were present, almost all of them Jacobins.
What remained of a national government depended on the support of the insurrectionary Commune. The Commune sent gangs into the prisons to try arbitrarily and butcher 1400 victims, and addressed a circular letter to the other cities of France inviting them to follow this example. The Assembly could offer only feeble resistance. This situation persisted until the Convention, charged with writing a new constitution, met on <TIMEX2 val="1792-09-20">20 September 1792</TIMEX2> and became the new de facto government of France. <TIMEX2 val="1792-09-21">The next day</TIMEX2> it abolished the monarchy and declared a republic. <TIMEX2 val="1792-09-21">This date</TIMEX2> was later retroactively adopted as the beginning of <TIMEX2 val="1792-09-21">Year One of the French Republican Calendar</TIMEX2>.

War and Counter-Revolution (<TIMEX2 val="1792">1792</TIMEX2>-<TIMEX2 val="1797">1797</TIMEX2>)

The politics of <TIMEX2 val="P2Y" anchor_val="1791" anchor_dir="STARTING">the period</TIMEX2> inevitably drove France towards war with Austria and its allies. The King, the Feuillants and the Girondins specifically wanted to wage war. The King (and many Feuillants with him) expected war would increase his personal popularity; he also foresaw an opportunity to exploit any defeat: either result would make him stronger. The Girondins wanted to export the Revolution throughout Europe and, by extension, to defend the Revolution within France. Only some of the radical Jacobins opposed war, preferring to consolidate and expand the Revolution at home. The Austrian emperor Leopold II, brother of Marie Antoinette, may have wished to avoid war, but he died on <TIMEX2 val="1792-03-01">1 March 1792</TIMEX2>. France declared war on Austria (<TIMEX2 val="1792-04-20">20 April 1792</TIMEX2>) and Prussia joined on the Austrian side <TIMEX2 val="1792-WXX" anchor_val="1792-04-20" anchor_dir="AFTER">a few weeks later</TIMEX2>. The invading Prussian army faced little resistance until checked at the Battle of Valmy (<TIMEX2 val="1792-09-20">20 September 1792</TIMEX2>), and forced to withdraw. However, by <TIMEX2 val="PRESENT_REF" anchor_val="1792-09-20" anchor_dir="AS_OF">this time</TIMEX2>, France stood in turmoil and the monarchy had effectively become a thing of <TIMEX2 val="PAST_REF" anchor_val="1792-09-20" anchor_dir="BEFORE">the past</TIMEX2>.

National Convention (<TIMEX2 val="1792">1792</TIMEX2>-<TIMEX2 val="1795">1795</TIMEX2>)

Execution of Louis XVI

In the Brunswick Manifesto, the Imperial and Prussian armies threatened retaliation on the French population if it were to resist their advance or the reinstatement of the monarchy. This made Louis appear to be conspiring with the enemies of France. <TIMEX2 val="1793-01-17">17 January 1793</TIMEX2> saw Louis condemned to death for "conspiracy against the public liberty and the general safety" by a close majority in Convention: 361 voted to execute the king, 288 voted against, and another 72 voted to execute him subject to a variety of delaying conditions. The <TIMEX2 val="PAST_REF" anchor_val="1793-01-17" anchor_dir="BEFORE">former</TIMEX2> Louis XVI, <TIMEX2 val="PRESENT_REF" anchor_val="1793-01-17" anchor_dir="AS_OF">now</TIMEX2> simply named Citoyen Louis Capet (Citizen Louis Capet), was executed by guillotine on <TIMEX2 val="1793-01-21">21 January 1793</TIMEX2> in the area <TIMEX2 val="PRESENT_REF" anchor_val="2009-12-19" anchor_dir="AS_OF">now</TIMEX2> called the Place de la Concorde. After he was executed, some of the citizens who witnessed the beheading ran forth to have their clothes soaked in the late King's blood, dripping from his head. Others in the crowd went mad, slit their throats or jumped into the river Seine - according to historian Adam Zamoyski this was not so much due to their love for the King but as he was seen as a representative of God on earth. In his book The Rebel, Albert Camus wrote that the execution was the turning point of French contemporary history, "an act that secularized the French world and banished God from the subsequent history of the French people". The <TIMEX2 val="1793-01-21">21 January</TIMEX2> execution led to more wars with other European countries. Louis' Austrian-born queen, Marie Antoinette, would follow him to the guillotine on <TIMEX2 val="1793-10-16">16 October</TIMEX2>.

Economy

When war went badly, prices rose and the sans-culottes - poor labourers and radical Jacobins - rioted; counter-revolutionary activities began in some regions. This encouraged the Jacobins to seize power through a parliamentary coup, backed up by force effected by mobilising public support against the Girondist faction, and by utilising the mob power of the Parisian sans-culottes. An alliance of Jacobin and sans-culottes elements thus became the effective centre of the new government. Policy became considerably more radical, as "The Law of the Maximum" set food prices and led to executions of offenders. This policy of price control was coeval with the Committee of Public Safety's rise to power and the Reign of Terror. The Committee first attempted to set the price for only a limited number of grain products, but by <TIMEX2 val="1793-09">September of 1793</TIMEX2> it expanded the "maximum" to cover all foodstuffs and a long list of other goods. Widespread shortages and famine ensued. The Committee reacted by sending dragoons into the countryside to arrest farmers and seize crops. This temporarily solved the problem in Paris, but the rest of the country suffered. By <TIMEX2 val="1794-SP">the spring of 1794</TIMEX2> forced collection of food was not sufficient to feed even Paris and <TIMEX2 val="XXXX-XX-XX" comment="EC:EVENT-BASED">the days of the Committee</TIMEX2> were numbered. When Robespierre went to the guillotine in <TIMEX2 val="1794-07">July of that year</TIMEX2> the crowd jeered, "There goes the dirty maximum!"

Reign of Terror

The Committee of Public Safety came under the control of Maximilien Robespierre, a lawyer, and the Jacobins unleashed the Reign of Terror (<TIMEX2 val="1793">1793</TIMEX2>-<TIMEX2 val="1794">1794</TIMEX2>). According to archival records, at least 16,594 people died under the guillotine or otherwise after accusations of counter-revolutionary activities. A number of historians note that as many as 40,000 accused prisoners may have been summarily executed without trial or died awaiting trial.
On <TIMEX2 val="1793-06-02">2 June 1793</TIMEX2>, Paris sections - encouraged by the enrages ("enraged ones") Jacques Roux and Jacques Hébert - took over the Convention, calling for administrative and political purges, a low fixed price for bread, and a limitation of the electoral franchise to "sans-culottes" alone. With the backing of the National Guard, they managed to convince the Convention to arrest 31 Girondin leaders, including Jacques Pierre Brissot. Following these arrests, the Jacobins gained control of the Committee of Public Safety on <TIMEX2 val="1793-06-10">10 June</TIMEX2>, installing the revolutionary dictatorship. On <TIMEX2 val="1793-07-13">13 July</TIMEX2>, the assassination of Jean-Paul Marat - a Jacobin leader and journalist known for his bloodthirsty rhetoric - by Charlotte Corday, a Girondin, resulted in further increase of Jacobin political influence. Georges Danton, the leader of the <TIMEX2 val="1792-08">August 1792</TIMEX2> uprising against the King, undermined by several political reversals, was removed from the Committee and Robespierre, "the Incorruptible", became its most influential member as it moved to take radical measures against the Revolution's domestic and foreign enemies.
Meanwhile, on <TIMEX2 val="1793-06-24">24 June</TIMEX2>, the Convention adopted the first republican constitution of France, variously referred to as the French Constitution of <TIMEX2 val="1793">1793</TIMEX2> or Constitution of <TIMEX2>the Year I</TIMEX2>. It was progressive and radical in several respects, in particular by establishing universal male suffrage. It was ratified by public referendum, but never applied, because normal legal processes were suspended before it could take effect.
In Vendee, peasants revolted against the French Revolutionary government in <TIMEX2 val="1793">1793</TIMEX2>. They resented the changes imposed on the Roman Catholic Church by the Civil Constitution of the Clergy (<TIMEX2 val="1790">1790</TIMEX2>) and broke into open revolt in defiance of the Revolutionary government's military conscription. This became a guerrilla war, known as the War in the Vendée. North of the Loire, similar revolts were started by the so-called Chouans (royalist rebels).
After the defeat at Savenay, when regular warfare in the Vendée was at an end, the French general Francois Joseph Westermann penned a letter to the Committee of Public Safety stating
"There is no more Vendée. It died with its wives and its children by our free sabres. I have just buried it in the woods and the swamps of Savenay. According to the orders that you gave me, I crushed the children under the feet of the horses, massacred the women who, at least for these, will not give birth to any more brigands. I do not have a prisoner to reproach me. I have exterminated all. The roads are sown with corpses. At Savenay, brigands are arriving <TIMEX2>all the time</TIMEX2> claiming to surrender, and we are shooting them non-stop... Mercy is not a revolutionary sentiment."
However, some historians doubt the existence of this document and others point out that the claims in it were patently false - there were in fact thousands of (living) Vendean prisoners, the revolt had been far from crushed, and the Convention had explicitly decreed that women, children and unarmed men were to be treated humanely. It has been hypothesized that if the letter is authentic, that may have been Westermann's attempt to exaggerate the intensity of his actions and his success, because he was eager to avoid being purged for his incompetent military leadership and for his opposition to sans-culotte generals (he failed to avoid that, since he was guillotined together with Danton's group).
The revolt and its suppression (including both combat casualties and massacres and executions on both sides) are thought to have taken between 117 000 and 250 000 lives (170 000 according to the latest estimates). Because of the extremely brutal forms that the Republican repression took in many places, certain historians such as Reynald Secher have called the event a "genocide". This description has become popular in the mass media, but it has attracted much criticism in academia as being unrealistic and biased.
Facing local revolts and foreign invasions in both the East and West of the country, the most urgent government business was the war. On <TIMEX2 val="1793-08-17">17 August</TIMEX2>, the Convention voted for general conscription, the levee en masse, which mobilized all citizens to serve as soldiers or suppliers in the war effort.
The result was a policy through which the state used violent repression to crush resistance to the government. Under control of the effectively dictatorial Committee, the Convention quickly enacted more legislation. On <TIMEX2 val="1793-09-09">9 September</TIMEX2>, the Convention established sans-culottes paramilitary forces, the revolutionary armies, to force farmers to surrender grain demanded by the government. On <TIMEX2 val="1793-09-17">17 September</TIMEX2>, the Law of Suspects was passed, which authorized the charging of counter-revolutionaries with vaguely defined crimes against liberty. On <TIMEX2 val="1793-09-29">29 September</TIMEX2>, the Convention extended price-fixing from grain and bread to other household goods and declared the right to set a limit on wages.
The guillotine became the symbol of a string of executions. Louis XVI had already been guillotined before the start of the terror; Queen Marie Antoinette, the Girondins, Philippe Égalite (despite his vote for the death of the King), Madame Roland and many others were executed by guillotine. The Revolutionary Tribunal summarily condemned thousands of people to death by the guillotine, while mobs beat other victims to death.
At the peak of the terror, the slightest hint of counter-revolutionary thoughts or activities (or, as in the case of Jacques Hébert, revolutionary zeal exceeding that of those in power) could place one under suspicion, and trials did not always proceed according to contemporary standards of due process. Sometimes people died for their political opinions or actions, but many for little reason beyond mere suspicion, or because some others had a stake in getting rid of them. Most of the victims received an unceremonious trip to the guillotine in an open wooden cart (the tumbrel). In the rebellious provinces, the government representatives had unlimited authority and some engaged in extreme repressions and abuses. For example, Jean-Baptiste Carrier became notorious for the Noyades ["drownings"] - he organized in Nantes; his conduct was judged unacceptable even by the Jacobin government and he was recalled.
Another anti-clerical uprising was made possible by the installment of the Republican Calendar on <TIMEX2 val="1793-10-24">24 October 1793</TIMEX2>. Against Robespierre's concepts of Deism and Virtue, Hébert's (and Chaumette's) atheist movement initiated a religious campaign to dechristianize society. The climax was reached with the celebration of the flame of Reason in Notre Dame Cathedral on <TIMEX2 val="1793-11-10">10 November</TIMEX2>.
The Reign of Terror enabled the revolutionary government to avoid military defeat. The Jacobins expanded the size of the army, and Carnot replaced many aristocratic officers with younger soldiers who had demonstrated their ability and patriotism. The Republican army was able to throw back the Austrians, Prussians, British, and Spanish. At <TIMEX2 val="1793" mod="END">the end of 1793</TIMEX2>, the army began to prevail and revolts were defeated with ease. The Ventôse Decrees (<TIMEX2 val="1794-02">February</TIMEX2>-<TIMEX2 val="1794-03">March 1794</TIMEX2>) proposed the confiscation of the goods of exiles and opponents of the Revolution, and their redistribution to the needy.
In <TIMEX2 val="1794-SP">the spring of 1794</TIMEX2>, both extremist enrages such as Hébert and moderate Montagnard indulgents such as Danton were charged with counter-revolutionary activities, tried and guillotined. On <TIMEX2 val="1794-06-07">7 June</TIMEX2> Robespierre, who had previously condemned the Cult of Reason, advocated a new state religion and recommended the Convention acknowledge the existence of the "Supreme Being".

Thermidorian Reaction

On <TIMEX2 val="1794-07-27">27 July 1794</TIMEX2>, the Thermidorian Reaction led to the arrest and execution of Robespierre and Louis de Saint-Just. The new government was predominantly made up of Girondists who had survived the Terror, and after taking power, they took revenge as well by persecuting even those Jacobins who had helped to overthrow Robespierre, banning the Jacobin Club, and executing many of its <TIMEX2 val="PAST_REF" anchor_val="1794-07-27" anchor_dir="BEFORE">former</TIMEX2> members in what was known as the White Terror.
In the wake of excesses of the Terror, the Convention approved the new "Constitution of <TIMEX2>the Year III</TIMEX2>" on <TIMEX2 val="1795-08-22">22 August 1795</TIMEX2>. A French plebiscite ratified the document, with about 1,057,000 votes for the constitution and 49,000 against. The results of the voting were announced on <TIMEX2 val="1795-09-23">23 September 1795</TIMEX2>, and the new constitution took effect on <TIMEX2 val="1795-09-27">27 September 1795</TIMEX2>.

The Directory (<TIMEX2 val="1795">1795</TIMEX2>-<TIMEX2 val="1799">1799</TIMEX2>)

The new constitution created the Directoire (English: Directory) and the first bicameral legislature in French history. The parliament consisted of 500 representatives - the Conseil des Cinq-Cents (Council of the Five Hundred) - and 250 senators - the Conseil des Anciens (Council of Elders). Executive power went to five "directors," named <TIMEX2 val="XXXX" set="YES">annually</TIMEX2> by the Conseil des Anciens from a list submitted by the Conseil des Cinq-Cents. Furthermore, the universal suffrage of <TIMEX2 val="1793">1793</TIMEX2> was replaced by limited suffrage based on property.
With the establishment of the Directory, contemporary observers might have assumed that the Revolution was finished. Citizens of the war-weary nation wanted stability, peace, and an end to conditions that at times bordered on chaos. Those who wished to restore the monarchy and the Ancien Regime by putting Louis XVIII on the throne, and those who would have renewed the Reign of Terror were insignificant in number. The possibility of foreign interference had vanished with the failure of the First Coalition. The earlier atrocities had made confidence or goodwill between parties impossible. The same instinct of self-preservation which had led the members of the Convention to claim so large a part in the new legislature and the whole of the Directory impelled them to keep their predominance.
As many French citizens distrusted the Directory, the directors could achieve their purposes only by extraordinary means. They habitually disregarded the terms of the constitution, and, even when the elections that they rigged went against them, the directors routinely used draconian police measures to quell dissent. Moreover, the Directory used war as the best expedient for prolonging their power, and the directors were thus driven to rely on the armies, which also desired war and grew less and less civic-minded.
Other reasons influenced them in this direction. State finances during the earlier phases of the Revolution had been so thoroughly ruined that the government could not have met its expenses without the plunder and the tribute of foreign countries. If peace were made, the armies would return home and the directors would have to face the exasperation of the rank-and-file who had lost their livelihood, as well as the ambition of generals who could, in a moment, brush them aside. Barras and Rewbell were notoriously corrupt themselves and screened corruption in others. The patronage of the directors was ill-bestowed, and the general maladministration heightened their unpopularity.
The constitutional party in the legislature desired toleration of the nonjuring clergy, the repeal of the laws against the relatives of the émigrés, and some merciful discrimination toward the émigrés themselves. The directors baffled all such endeavours. On the other hand, the socialist conspiracy of Babeuf was easily quelled. Little was done to improve the finances, and the assignats continued to fall in value.
The new regime met opposition from remaining Jacobins and the royalists. The army suppressed riots and counter-revolutionary activities. In this way the army and its successful general, Napoleon Bonaparte eventually gained much power.
On <TIMEX2 val="1799-11-09">9 November 1799</TIMEX2> (18 Brumaire of <TIMEX2>the Year VIII</TIMEX2>) Napoleon Bonaparte staged the coup of 18 Brumaire which installed the Consulate. This effectively led to Bonaparte's dictatorship and eventually (in <TIMEX2 val="1804">1804</TIMEX2>) to his proclamation as Empereur (emperor), which brought to a close the specifically republican phase of the French Revolution.

Women in the Revolution

Women had no political rights in pre-Revolutionary France; they couldn't vote or hold any political office. They were considered "passive" citizens; forced to rely on men to determine what was best for them in the government. It was the men who defined these categories, and women were forced to accept male domination in the political sphere. The Encyclopédie, published by a group of philosophes over <TIMEX2 val="P27Y" anchor_val="1751" anchor_dir="STARTING">the years <TIMEX2 val="1751">1751</TIMEX2>-<TIMEX2 val="1777">1777</TIMEX2></TIMEX2>, summarized French male beliefs of women. A woman was a "failed man," the fetus not fully developed in the womb. "Women's testimony is in general light and subject to variation; this is why it is taken more seriously than that of men" as opposed to men, upon whom "Nature seems to have conferred... the right to govern." In general, "men are more capable than women of ably governing particular matters". Instead, women were taught to be committed to their husbands and "all his interests... [to show] attention and care... [and] sincere and discreet zeal for his salvation." A woman's education often consisted of learning to be a good wife and mother; as a result women were not supposed to be involved in the political sphere, as the limit of their influence was the raising of <TIMEX2 val="FUTURE_REF">future</TIMEX2> citizens.
When the Revolution opened, some women struck forcefully, using the volatile political climate to assert their active natures. In <TIMEX2 val="P11Y" anchor_val="1789" anchor_dir="STARTING" comment="EC:EVENT-BASED">the time of the Revolution</TIMEX2>, women could not be kept out of the political sphere; they swore oaths of loyalty, "solemn declarations of patriotic allegiance, [and] affirmations of the political responsibilities of citizenship." Throughout the Revolution, women such as Pauline Léon and her Society for Revolutionary Republican Women fought for the right to bear arms, used armed force and rioted.

Militant Feminism in the Revolution

The March to Versailles is but one example of feminist militant activism during the French Revolution. While largely left out of the thrust for increasing rights of citizens, as the question was left indeterminate in the Declaration of the Rights of Man, activists such as Pauline Leon and Théroigne de Méricourt agitated for full citizenship for women. Women were, nonetheless, "denied political rights of 'active citizenship' (<TIMEX2 val="1791">1791</TIMEX2>) and democratic citizenship (<TIMEX2 val="1793">1793</TIMEX2>)."
Pauline Léon, on <TIMEX2 val="1792-03-06">March 6, 1792</TIMEX2>, submitted a petition signed by 319 women to the National Assembly requesting permission to form a garde national in order to defend Paris in case of military invasion. Leon requested permission be granted to women to arm themselves with pikes, pistols, sabers and rifles, as well as the privilege of drilling under the French Guards. Her request was denied. <TIMEX2 val="1792">Later in 1792</TIMEX2>, Theroigne de Méricourt made a call for the creation of "legions of amazons" in order to protect the revolution. As part of her call, she claimed that the right to bear arm would transform women into citizens.
On <TIMEX2 val="1792-06-20">June 20 of 1792</TIMEX2>, a number of armed women took part in a procession that "passed through the halls of the Legislative Assembly, into the Tuilleries Gardens, and then through the King's residence." Militant women also assumed a special role in the funeral of Marat, following his murder on <TIMEX2 val="1793-07-13">July 13, 1793</TIMEX2>. As part of the funeral procession, they carried the bathtub in which Marat had been murdered as well as a shirt stained with Marat's blood.
The most radical militant feminist activism was practiced by the Society of Revolutionary Republican Women, which was founded by Léon and her colleague, Claire Lacombe on <TIMEX2 val="1793-05-10">May 10, 1793</TIMEX2>. The goal of the club was "to deliberate on the means of frustrating the projects of the enemies of the Republic." Up to 180 women attended the meetings of the Society. Of special interest to the Society was "combating hoarding [of grain and other staples] and inflation."
Later, on <TIMEX2 val="1793-05-20">May 20, 1793</TIMEX2>, women were at the fore of a crowd that demanded "bread and the Constitution of <TIMEX2 val="1793">1793</TIMEX2>." When their cries went unnoticed, the women went on a rampage, "sacking shops, seizing grain and kidnapping officials."
Most of these outwardly activist women were punished for their actions. The kind of punishment received during the Revolution included public denouncement, arrest, execution, or exile. Théroigne de Méricourt was arrested, publically flogged and then spent the rest of her life sentenced to an insane asylum. Pauline Léon and Claire Lacombe were arrested, later released, and continued to receive ridicule and abuse for their activism. Many of the women of the Revolution were even publically executed for "conspiring against the unity and the indivisibility of the Republic".
These are but a few examples of the militant feminism that was prevalent during the French Revolution. While little progress was made toward gender equality during the Revolution, the activism of French feminists was bold and particularly significant in Paris.

Women Writers of the Revolution

While some women chose a militant, and often violent, path, others chose to influence events through writing, publications, and meetings. Olympe de Gouges wrote a number of plays, short stories, and novels. Her publications emphasized that women and men are different, but this shouldn't stop them from equality under the law. In her "Declaration on the Rights of Woman" she insisted that women deserved rights, especially in areas concerning them directly, such as divorce and recognition of illegitimate children. De Gouges also expressed non-gender political views; even before the start of the terror, Olympe de Gouges addressed Robespierre using the pseudonym "Polyme" calling him the Revolution's "infamy and shame." She warned of the Revolution's building extremism saying that leaders were "preparing new shackles if [the French people's liberty were to] waver." Stating that she was willing to sacrifice herself by jumping into the Seine if Robespierre were to join her, de Gouges desperately attempted to grab the attention of the French citizenry and alert them to the dangers that Robespierre embodied. In addition to these bold writings, her defense of the king was one of the factors leading to her execution. An influential figure, one of her suggestions early in the Revolution, to have a voluntary, patriotic tax, was adopted by the National Convention in <TIMEX2 val="1789">1789</TIMEX2>.
Madame Roland (aka Manon or Marie Roland) was another important female activist. Her political focus was not specifically on women or their liberation. She focused on other aspects of the government, but was a feminist by virtue of the fact that she was a woman working to influence the world. Her personal letters to leaders of the Revolution influenced policy; in addition, she often hosted political gatherings of the Brissotins, a political group which allowed women to join. While limited by her gender, Madame Roland took it upon herself to spread Revolutionary ideology and spread word of events, as well as to assist in formulating the policies of her political allies. Though unable to directly write policies or carry them through to the government, Roland was able to influence her political allies and thus promote her political agenda. Roland attributed women's lack of education to the public view that women were too weak or vain to be involved in the serious business of politics. She believed that it was this inferior education that turned them into foolish people, but women "could easily be concentrated and solidified upon objects of great significance" if given the chance. As she was led to the scaffold, Madame Roland shouted "O liberty! What crimes are committed in thy name!" Witnesses of her life and death, editors, and readers helped to finish her writings and several editions were published posthumously. While she did not focus on gender politics in her writings, by taking an active role in <TIMEX2 val="P11Y" anchor_val="1789" anchor_dir="STARTING" comment="EC:EVENT-BASED">the tumultuous time of the Revolution</TIMEX2>, Roland took a stand for women of <TIMEX2 val="PRESENT_REF">the time</TIMEX2> and proved they could take an intelligent active role in politics.
Though women did not gain the right to vote as a result of the Revolution, they still greatly expanded their political participation and involvement in governing. They set precedents for generations of feminists to come.

</TEXT>
</DOC>