<DOC>
<DOCID>17_AlgerianWar</DOCID>
<DOCTYPE SOURCE="17_wikipedia"> HISTORY ARTICLE </DOCTYPE>
<DATETIME> <TIMEX2 val="2009-12-19T17:00:00">2009-12-19T17:00:00</TIMEX2> </DATETIME>
<TEXT>
Beginning of hostilities

In <TIMEX2 val="1954-11-01TMO">the early morning hours of November 1, 1954</TIMEX2>, FLN maquisards-(guerrillas), or "terrorists" as they were called by the French-launched attacks in various parts of Algeria against military and civilian targets, in what became known as the Toussaint Rouge (<TIMEX2 val="1954-11-01" comment="EC:EVENT-BASED">Red All-Saints' Day</TIMEX2>). They also attacked many French civilians, killing several. From Cairo, the FLN broadcast a proclamation calling on Muslims in Algeria to join in a national struggle for the "restoration of the Algerian state - sovereign, democratic and social - within the framework of the principles of Islam." It was the reaction of Premier Pierre Mendès-France (Radical-Socialist Party), who <TIMEX2 val="XXXX-XX" anchor_val="1954-11-01" anchor_dir="BEFORE">only a few months before</TIMEX2> had completed the liquidation of France's empire in Indochina, that set the tone of French policy for <TIMEX2 val="P5Y">five years</TIMEX2>. On <TIMEX2 val="1954-11-12">November 12</TIMEX2>, he declared in the National Assembly: "One does not compromise when it comes to defending the internal peace of the nation, the unity and integrity of the Republic. The Algerian departments are part of the French Republic. They have been French for <TIMEX2>a long time</TIMEX2>, and they are irrevocably French [...] Between them and metropolitan France there can be no conceivable secession." At first, and despite the <TIMEX2 val="1945-05-08">May 8, 1945</TIMEX2> Setif massacre and pro-Independence struggle before WWII, most Algerians were in favour of a relative status-quo. While Messali Hadj had radicalized by forming the FLN, Ferhat Abbas maintained a more moderate, electoral strategy. Fewer than 500 fellaghas (pro-Independence fighters) could be counted at the beginning of the conflict The Algerian population radicalized itself in particular because of the Main Rouge (Red Hand) terrorist attacks. This terrorist group engaged in anti-colonialist actions in all of the Maghreb region (Morocco, Tunisia and Algeria), killing for example Tunisian activist Farhat Hached in <TIMEX2 val="1952">1952</TIMEX2>.

The FLN

The FLN uprising presented nationalist groups with the question of whether to adopt armed revolt as the main course of action. During <TIMEX2 val="P1Y" anchor_val="1954-11-01" anchor_dir="STARTING" comment="EC:EVENT-BASED">the first year of the war</TIMEX2>, Ferhat Abbas's Democratic Union of the Algerian Manifesto (UDMA), the ulema, and the Algerian Communist Party (PCA) maintained a friendly neutrality toward the FLN. The communists, who had made no move to cooperate in the uprising at the start, later tried to infiltrate the FLN, but FLN leaders publicly repudiated the support of the party. In <TIMEX2 val="1956-04">April 1956</TIMEX2>, Abbas flew to Cairo, where he formally joined the FLN. This action brought in many evolués who had supported the UDMA in <TIMEX2 val="PAST_REF" anchor_val="1956-04" anchor_dir="BEFORE">the past</TIMEX2>. The AUMA also threw the full weight of its prestige behind the FLN. Bendjelloul and the pro-integrationist moderates had already abandoned their efforts to mediate between the French and the rebels.
After the collapse of the MTLD, Messali Hadj formed the leftist Mouvement National Algerien (MNA), which advocated a policy of violent revolution and total independence similar to that of the FLN. The Armée de Libération Nationale (ALN), the military wing of the FLN, subsequently wiped out the MNA guerrilla operation, and Messali Hadj's movement lost what little influence it had had in Algeria. However, the MNA gained the support of many Algerian workers in France through the Union Syndicale des Travailleurs Algériens (Union of Algerian Workers). The FLN also established a strong organization in France to oppose the MNA. "Café wars," resulting in nearly 5,000 deaths, were waged in France between the two rebel groups throughout <TIMEX2 val="P9Y" anchor_val="1954" anchor_dir="STARTING" comment="EC:EVENT-BASED">the years of the War of Independence</TIMEX2>.
On the political front, the FLN worked to persuade-and to coerce-the Algerian masses to support the aims of the Independence movement through contributions. FLN-influenced labour unions, professional associations, and students' and women's organizations were created to lead opinion in diverse segments of the population but here too violent coercion was widely used. Frantz Fanon, a psychiatrist from Martinique who became the FLN's leading political theorist, provided a sophisticated intellectual justification for the use of violence in achieving national liberation He stated that only through violence could an oppressed people attain human status. From Cairo, Ahmed Ben Bella ordered the liquidation of potential interlocuteurs valables, those independent representatives of the Muslim community acceptable to the French through whom a compromise or reforms within the system might be achieved.
As the FLN campaign of influence and terror spread through the countryside, many European farmers in the interior (called Pieds-Noirs) sold their holdings and sought refuge in Algiers and other Algerian cities. After a series of bloody, random massacres and bombings by Muslim Algerians in several towns and cities, the French Pieds-Noirs and urban French population began to demand that the French government engage in sterner countermeasures, including the proclamation of a state of emergency, capital punishment for political crimes, denunciation of all separatists, and most ominously, a call for 'tit-for-tat' reprisal operations by police, military, and para-military forces. Colon vigilante units, whose unauthorized activities were conducted with the passive cooperation of police authorities, carried out ratonnades (literally, rat-hunts, raton being a racist term for denigrating Muslim Algerians) against suspected FLN members of the Muslim community. The FLN terror and intimidation campaign gave these hunts strong motivation and starting points.
By <TIMEX2 val="1955">1955</TIMEX2> effective political action groups within the Algerian colonial community succeeded in convincing many of the governors general sent by Paris that the military was not the way to resolve the conflict. A major success was the conversion of Jacques Soustelle, who went to Algeria as governor general in <TIMEX2 val="1955-01">January 1955</TIMEX2> determined to restore peace. Soustelle, a one-time leftist and by <TIMEX2 val="1955">1955</TIMEX2> an ardent Gaullist, began an ambitious reform program (the Soustelle Plan) aimed at improving economic conditions among the Muslim population" (Library of Congress).

After the Philippeville massacre

The FLN adopted tactics similar to those of nationalist groups in Asia, and the French did not realize the seriousness of the challenge they faced until <TIMEX2 val="1955">1955</TIMEX2>, when the FLN moved into urbanized areas. "An important watershed in the War of Independence was the massacre of Pieds-Noirs civilians by the FLN near the town of Philippeville (<TIMEX2 val="PRESENT_REF" anchor_val="2009-12-19T17:00:00" anchor_dir="AS_OF">now</TIMEX2> known as Skikda) in <TIMEX2 val="1955-08">August 1955</TIMEX2>. Before this operation, FLN policy was to attack only military and government-related targets. The commander of the Constantine wilaya/region, however, decided a drastic escalation was needed. The killing by the FLN and its supporters of 123 people, including 71 French, including old women and babies, shocked Jacques Soustelle into calling for more repressive measures against the rebels. The government claimed it killed 1,273 guerrillas in retaliation; according to the FLN and to The Times magazine, 12,000 Algerians were massacred by the armed forces and police, as well as Pieds-Noirs gangs. Soustelle's repression was an early cause of the Algerian population's rallying to the FLN. After Philippeville, Soustelle declared sterner measures and an all-out war began. In <TIMEX2 val="1956">1956</TIMEX2> demonstrations of French Algerians forced the French government to abolish an idea of reform.
Soustelle's successor, Governor General Lacoste, a socialist, abolished the Algerian Assembly. Lacoste saw the assembly, which was dominated by pieds-noirs, as hindering the work of his administration, and he undertook to rule Algeria by decree. He favored stepping up French military operations and granted the army exceptional police powers-a concession of dubious legality under French law-to deal with the mounting political violence. At <TIMEX2 val="1956">the same time</TIMEX2>, Lacoste proposed a new administrative structure that would give Algeria a degree of autonomy and a decentralized government. Whilst remaining an integral part of France, Algeria was to be divided into five districts, each of which would have a territorial assembly elected from a single slate of candidates. Deputies representing Algerian ridings were able to delay until <TIMEX2 val="1958">1958</TIMEX2> passage of the measure by the National Assembly of France.
In <TIMEX2 val="1956-08">August</TIMEX2>/<TIMEX2 val="1956-09">September 1956</TIMEX2>, the internal leadership of the FLN met to organize a formal policy-making body to synchronize the movement's political and military activities. The highest authority of the FLN was vested in the thirty-four-member National Council of the Algerian Revolution (Conseil National de la Révolution Algérienne, CNRA), within which the five-man Committee of Coordination and Enforcement (Comité de Coordination et d'Exécution, CCE) formed the executive. The externals, including Ben Bella, knew the conference was taking place but by chance or design on the part of the internals were unable to attend.
Meanwhile, in <TIMEX2 val="1956-10">October 1956</TIMEX2>, the French Air Force intercepted a Moroccan DC-3 that was flying to Tunis, carrying Ahmed Ben Bella, Mohammed Boudiaf, Mohamed Khider and Hocine Aït Ahmed, and forced it to land in Algiers. Lacoste had the FLN external political leaders arrested and imprisoned for <TIMEX2 comment="EC:EVENT-BASED">the duration of the war</TIMEX2>. This action caused the remaining rebel leaders to harden their stance.
France took a more openly hostile view of President Gamal Abdel Nasser's material and political assistance to the FLN, which some French analysts believed was the most important element in sustaining continued rebel activity in Algeria. This attitude was a factor in persuading France to participate in the <TIMEX2 val="1956-11">November 1956</TIMEX2> British attempt to seize the Suez Canal during the Suez Crisis.
During <TIMEX2 val="1957">1957</TIMEX2> support for the FLN weakened as the breach between the internals and externals widened. To halt the drift, the FLN expanded its executive committee to include Abbas, as well as imprisoned political leaders such as Ben Bella. It also convinced communist and Arab members of the United Nations (UN) to put diplomatic pressure on the French government to negotiate a cease-fire.
Writer, philosopher and playwright Albert Camus, native of Algiers, often associated with existentialism, tried unsuccessfully to persuade both sides to at least leave civilians alone, writing editorials against the use of torture in Combat newspaper.
The FLN considered him a fool, and some Pied-Noirs considered him a traitor. Nevertheless, in his speech when he received the Literature Nobel Prize in Oslo, Camus said that when faced with a radical choice he would eventually support his community. This statement made him lose his status among the left-wing intellectuals; when he died in <TIMEX2 val="1960">1960</TIMEX2> in a car crash, the official thesis of an ordinary accident (a quick open-and-shut case) has left more than a few observers doubtful. His widow has claimed that Camus, though discreet, was in fact an ardent supporter of French Algeria in <TIMEX2 val="PXY" anchor_val="1960" anchor_dir="ENDING" comment="EC:EVENT-BASED">the last years of his life</TIMEX2>.

Battle of Algiers

To increase international and domestic French attention to their struggle, the FLN decided to bring the conflict to the cities and to call a nationwide general strike. The most notable manifestation of the new urban campaign was the Battle of Algiers, which began on <TIMEX2 val="1956-09-30">September 30, 1956</TIMEX2>, when three women, including Djamila Bouhired and Zohra Drif, simultaneously placed bombs at three sites including the downtown office of Air France. The FLN carried out an average of 800 shootings and bombings <TIMEX2 val="XXXX-XX" set="YES">per month</TIMEX2> through <TIMEX2 val="1957-SP">the spring of 1957</TIMEX2>, resulting in many civilian casualties and inviting a crushing response from the authorities. The <TIMEX2 val="1957">1957</TIMEX2> general strike, timed to coincide with, and influence, the UN debate on Algeria, was largely observed by Muslim workers and businesses.
General Jacques Massu was instructed to use whatever methods deemed necessary to restore order in the city. Using paratroopers, he broke the strike and then in <TIMEX2 val="PXM" anchor_val="1957-XX" anchor_dir="STARTING">the succeeding months</TIMEX2> systematically destroyed the FLN infrastructure in Algiers. But the FLN had succeeded in showing its ability to strike at the heart of French Algeria and to rally and force a mass response to its demands among urban Muslims. Later Massu's troops punished villages that were suspected of harboring rebels by attacking them with mobile troops or aerial bombardment and gathered 2 million of the rural Muslim population into fortified villages under French military control. The publicity given to the brutal methods used by the army to win the Battle of Algiers, including the systematic use of torture, a strong movement control and curfew called quadrillage and where all authority was under the military, created doubt in France about its role in Algeria. This doubt was strongly communicated to France by French sympathisers in Algiers who supported the idea of independence morally, financially and materially. What had been originally thought of as a simple "pacification" or "public order operation" had turned into a fully fledged colonial war to block the influence of the guerillas and had resulted in the systematic introduction of torture.

Guerrilla war

From its origins in <TIMEX2 val="1954">1954</TIMEX2> as ragtag maquisards numbering in the hundreds and armed with a motley assortment of hunting rifles and discarded French, German, and American light weapons, the FLN had evolved by <TIMEX2 val="1957">1957</TIMEX2> into a disciplined fighting force of 40,000. More than 30,000 were organized along conventional lines in external units that were stationed in Moroccan and Tunisian sanctuaries, where they served primarily to divert some French manpower from the main theaters of guerrilla activity to guard against infiltration. The brunt of the fighting was borne by the internals in the wilayat; estimates of the numbers of internals range from 6,000 to more than 25,000.
During <TIMEX2 val="1956">1956</TIMEX2> and <TIMEX2 val="1957">1957</TIMEX2>, the FLN successfully applied hit-and-run tactics in accordance with guerrilla warfare theory, which was at <TIMEX2 val="PRESENT_REF" anchor_val="1956" anchor_dir="AS_OF" comment="well, AS_OF both 1956 and 1957, but there is no way to express it">the time being</TIMEX2> formalized (in particular by Mao Zedong) as "people's war". Whilst some of this was aimed at military targets, a significant amount was invested in a terror campaign against those in any way deemed to be supporting or encouraging French authority. This resulted in acts of sadistic torture and the most brutal violence against all including women and children. Specializing in ambushes and <TIMEX2 val="XXXX-XX-XXTNI">night</TIMEX2> raids and avoiding direct contact with superior French firepower, the internal forces targeted army patrols, military encampments, police posts, and colonial farms, mines, and factories, as well as transportation and communications facilities. Once an engagement was broken off, the guerrillas merged with the population in the countryside, in accordance with Mao's theories. Kidnapping was commonplace, as were the ritual murder and mutilation. At first, the FLN targeted only Muslim officials of the colonial regime; later, they coerced, maimed (cutting off ears and nose with a douk-douk was a favored torture) or killed village elders, government employees, and even simple peasants who simply refused to support them. Sometimes simply for smoking. Moreover, during <TIMEX2 val="P2Y" anchor_val="1954-11-01" anchor_dir="STARTING" comment="EC:EVENT-BASED">the first two years of the conflict</TIMEX2>, the guerrillas killed about 6,000 Muslims and 1,000 non-Muslims according to a <TIMEX2 val="PAST_REF">former</TIMEX2> paratrooper.
Although successful in engendering an atmosphere of fear and uncertainty within both communities in Algeria, the revolutionaries' coercive tactics suggested that they had not yet inspired the bulk of the Muslim people to revolt against French colonial rule. Gradually, however, the FLN gained control in certain sectors of the Aurès, the Kabylie, and other mountainous areas around Constantine and south of Algiers and Oran. In these places, the FLN established a simple but effective- although frequently temporary-military administration that was able to collect/extort taxes and food and to recruit manpower. But it was never able to hold large fixed positions. Algerians all over the country also initiated underground social, judicial, and civil organizations, gradually building their own state.
The loss of competent field commanders both on the battlefield and through defections and political purges created difficulties for the FLN. Moreover, power struggles in <TIMEX2 val="PXY" anchor_val="1954-11-01" anchor_dir="STARTING" comment="EC:EVENT-BASED">the early years of the war</TIMEX2> split leadership in the wilayat, particularly in the Aurès. Some officers created their own fiefdoms, using units under their command to settle old scores and engage in private wars against military rivals within the FLN.

French counter-insurgency operations

Despite complaints from the military command in Algiers, the French government was reluctant for <TIMEX2 val="PXM">many months</TIMEX2> to admit that the Algerian situation was out of control and that what was viewed officially as a pacification operation had developed into a major war. By <TIMEX2 val="1956">1956</TIMEX2> France had committed more than 400,000 troops to Algeria. Although the elite colonial infantry airborne units and the Foreign Legion bore the brunt of offensive counterinsurgency combat operations, approximately 170,000 Muslim Algerians also served in the regular French army, most of them volunteers. France also sent air force and naval units to the Algerian theater, including helicopters. In addition to service as a flying ambulance and cargo carrier, French forces utilized the helicopter for the first time in a ground attack role in order to pursue and destroy fleeing FLN guerrilla units. The American military would later use the same helicopter combat methods in Vietnam. The French also used napalm, which was depicted for the first time in the <TIMEX2 val="2007">2007</TIMEX2> film L'Ennemi intime by Florent Emilio Siri.
The French army resumed an important role in local Algerian administration through the Special Administration Section (Section Administrative Spécialisée, SAS), created in <TIMEX2 val="1955">1955</TIMEX2>. The SAS's mission was to establish contact with the Muslim population and weaken nationalist influence in the rural areas by asserting the "French presence" there. SAS officers-called képis bleus (blue caps)-also recruited and trained bands of loyal Muslim irregulars, known as harkis. Armed with shotguns and using guerrilla tactics similar to those of the FLN, the harkis, who eventually numbered about 180,000 volunteers, more than the FLN effectives, were an ideal instrument of counterinsurgency warfare.
Harkis were mostly used in conventional formations, either in all-Algerian units commanded by French officers or in mixed units. Other uses included platoon or smaller size units, attached to French battalions, in a similar way as the Kit Carson Scouts by the US in Vietnam. A third use was an intelligence gathering role, with some reported minor pseudo-operations in support of their intelligence collection. According to US military expert Lawrence E. Cline, however, "the extent of these pseudo-operations appears to have been very limited both in time and scope ... The most widespread use of pseudo type operations was during the 'Battle of Algiers' in <TIMEX2 val="1957">1957</TIMEX2>. The principal French employer of covert agents in Algiers was the Fifth Bureau, the psychological warfare branch." The Fifth Bureau "made extensive use of "turned" FLN members", one such network being run by Captain Paul-Alain Leger of the 10th Paras. "Persuaded" to work for the French forces, including by the use of torture and threats against their family, these agents "mingled with FLN cadres. They planted incriminating forged documents, spread false rumours of treachery and fomented distrust ... As a frenzy of throat-cutting and disemboweling broke out among confused and suspicious FLN cadres, nationalist slaughtered nationalist from <TIMEX2 val="1957-04">April</TIMEX2> to <TIMEX2 val="1957-09">September 1957</TIMEX2> and did France's work for her". But this type of operation involved individual operatives rather than organized covert units.
One organized pseudo-guerrilla unit however was created in <TIMEX2 val="1956-12">December 1956</TIMEX2> by the French DST domestic intelligence agency. The Organization of the French Algerian Resistance (ORAF), a group of counter-terrorists had as mission to carry out false flag terrorist attacks with the aim of quashing any hopes of political compromise.
But it seemed that, as in Indochina, "the French focused on developing native guerrilla groups that would fight against the FLN," one of whom fought in the Southern Atlas Mountains, equipped by the French Army.
The FLN also used pseudo-guerrilla strategies against the French Army on one occasion, with the "Force K," a group of 1,000 Algerians who volunteered to serve in Force K as guerrillas for the French. But most of these members were either already FLN members, or were turned by the FLN, once enlisted. Corpses of purported FLN members displayed by the unit were in fact those of dissidents and members of other Algerian groups killed by the FLN. The French Army finally discovered the war ruse, and tried to hunt down Force K members. However, some 600 managed to escape and join the FLN with weapons and equipment
<TIMEX2 val="1957" mod="END">Late in 1957</TIMEX2>, General Raoul Salan, commanding the French army in Algeria, instituted a system of quadrillage (surveillance using a grid pattern), dividing the country into sectors, each permanently garrisoned by troops responsible for suppressing rebel operations in their assigned territory. Salan's methods sharply reduced the instances of FLN terrorism but tied down a large number of troops in static defense. Salan also constructed a heavily patrolled system of barriers to limit infiltration from Tunisia and Morocco. The best known of these was the Morice Line (named for the French defense minister, André Morice), which consisted of an electrified fence, barbed wire, and mines over a 320-kilometer stretch of the Tunisian border.
The French military command ruthlessly applied the principle of collective responsibility to villages suspected of sheltering, supplying, or in any way cooperating with the guerrillas. Villages that could not be reached by mobile units were subject to aerial bombardment. FLN guerrillas that fled to caves or other remote hiding places were tracked and hunted down. In one episode, FLN guerrillas who refused to surrender and withdraw from a cave complex were dealt with by French Foreign Legion Pioneer troops, who, lacking flamethrowers or explosives, simply bricked up each cave, leaving the residents to die of suffocation.
Finding it impossible to protect all of Algeria's remote farms and villages, the French government also initiated a program of concentrating large segments of the rural population, including whole villages, in camps under military supervision to prevent them from voluntarily aiding the rebels-or to protect them from FLN extortion. In <TIMEX2 val="P3Y" anchor_val="1957" anchor_dir="STARTING" comment="EC:EVENT-BASED">the three years (<TIMEX2 val="1957">1957</TIMEX2>-<TIMEX2 val="1960">60</TIMEX2>) during which the regroupement program was followed</TIMEX2>, more than 2 million Algerians were removed from their villages, mostly in the mountainous areas, and resettled in the plains, where many found it impossible to re-establish their accustomed economic or social situations. Living conditions in the fortified villages were poor. Hundreds of empty villages were devastated, and in hundreds of others, orchards and croplands not previously burned by French troops went to seed for lack of care. These population transfers were effective in denying the use of remote villages to FLN guerrillas who had used them as a source of rations and manpower, but also caused significant resentment on the part of the displaced villagers. The disruptive social and economic effects of this massive relocation continued to be felt a generation later.
The French army shifted its tactics at <TIMEX2 val="1958" mod="END">the end of 1958</TIMEX2> from dependence on quadrillage to the use of mobile forces deployed on massive search-and-destroy missions against FLN strongholds. Within <TIMEX2 val="1959">the next year</TIMEX2>, Salan's successor, General Maurice Challe, appeared to have suppressed major rebel resistance. But political developments had already overtaken the French army's successes.

Fall of the Fourth Republic

Recurrent cabinet crises focused attention on the inherent instability of the French Fourth Republic and increased the misgivings of the army and of the pied-noirs that the security of Algeria was being undermined by party politics. Army commanders chafed at what they took to be inadequate and incompetent political initiatives by the government in support of military efforts to end the rebellion. The feeling was widespread that another debacle like that of Indochina in <TIMEX2 val="1954">1954</TIMEX2> was in the offing and that the government would order another precipitate pullout and sacrifice French honor to political expediency. Many saw in de Gaulle, who had not held office since <TIMEX2 val="1946">1946</TIMEX2>, the only public figure capable of rallying the nation and giving direction to the French government.
After his tour as governor general, Soustelle had returned to France to organize support for de Gaulle's return to power, while retaining close ties to the army and the pied-noirs. By <TIMEX2 val="1958" mod="START">early 1958</TIMEX2>, he had organized a coup d'état, bringing together dissident army officers and pied-noirs with sympathetic Gaullists. An army junta under General Massu seized power in Algiers on <TIMEX2 val="1958-05-13TNI">the night of May 13</TIMEX2>, thereafter known as the <TIMEX2 val="1958-05">May 1958</TIMEX2> crisis. General Salan assumed leadership of a Committee of Public Safety formed to replace the civil authority and pressed the junta's demands that de Gaulle be named by French president René Coty to head a government of national union invested with extraordinary powers to prevent the "abandonment of Algeria."
On <TIMEX2 val="1958-05-24">May 24</TIMEX2>, French paratroopers from the Algerian corps landed on Corsica, taking the French island in a bloodless action, "Operation Corse". Subsequently, preparations were made in Algeria for "Operation Resurrection," which had as objectives the seizure of Paris and the removal of the French government. Resurrection was to be implemented if one of three scenarios occurred: if de Gaulle was not approved as leader of France by Parliament; if de Gaulle asked for military assistance to take power, or if it seemed that communist forces were making any move to take power in France. De Gaulle was approved by the French Parliament on <TIMEX2 val="1958-05-29">May 29</TIMEX2>, by 329 votes against 224, <TIMEX2 val="1958-05-29TXX" comment="EC:EVENT-BASED">fifteen hours before the projected launch of Resurrection</TIMEX2>. This indicated that the French Fourth Republic by <TIMEX2 val="1958">1958</TIMEX2> no longer had any support from the French army in Algeria, and was at its mercy even in civilian political matters. This decisive shift in the balance of power in civil-military relations in France in <TIMEX2 val="1958">1958</TIMEX2> and the threat of force was the main immediate factor in the return of de Gaulle to power in France.

De Gaulle

Many people, regardless of citizenship, greeted Charles de Gaulle's return to power as the breakthrough needed to end the hostilities. On his <TIMEX2 val="1958-06-04">June 4</TIMEX2> trip to Algeria, de Gaulle calculatedly made an ambiguous and broad emotional appeal to all the inhabitants, declaring "Je vous ai compris" ('I have understood you'). De Gaulle raised the hopes of the pied-noir and the professional military, disaffected by the indecisiveness of previous governments, with his exclamation of "Vive l'Algérie française" ('Long live French Algeria') to cheering crowds in Mostaganem. At <TIMEX2 val="1958-06-04">the same time</TIMEX2>, he proposed economic, social, and political reforms to improve the situation of the Muslims. Nonetheless, de Gaulle later admitted to having harbored deep pessimism about the outcome of the Algerian situation even then. Meanwhile, he looked for a "third force" among the population of Algeria, uncontaminated by the FLN or the "ultras"-colon extremists-through whom a solution might be found.
De Gaulle immediately appointed a committee to draft a new constitution for France's Fifth Republic, which would be declared <TIMEX2 val="1959" mod="START">early the next year</TIMEX2>, with which Algeria would be associated but of which it would not form an integral part. All Muslims, including women, were registered for the first time on electoral rolls to participate in a referendum to be held on the new constitution in <TIMEX2 val="1958-09">September 1958</TIMEX2>.
De Gaulle's initiative threatened the FLN with the prospect of losing the support of the growing numbers of Muslims who were tired of the war and had never been more than lukewarm in their commitment to a totally independent Algeria. In reaction, the FLN set up the Provisional Government of the Algerian Republic (Gouvernement Provisoire de la République Algérienne, GPRA), a government-in-exile headed by Abbas and based in Tunis. Before the referendum, Abbas lobbied for international support for the GPRA, which was quickly recognized by Morocco, Tunisia, and several other Arab countries, by China and a number of Asian and African states, but not by the Soviet Union.
ALN commandos committed numerous acts of sabotage in France in <TIMEX2 val="1958-08">August</TIMEX2>, and the FLN mounted a desperate campaign of terror in Algeria to intimidate Muslims into boycotting the referendum. Despite threats of reprisal, however, 80 percent of the Muslim electorate turned out to vote in <TIMEX2 val="1958-09">September</TIMEX2>, and of these 96 percent approved the constitution. In <TIMEX2 val="1959-02">February 1959</TIMEX2>, de Gaulle was elected president of the new Fifth Republic. He visited Constantine in <TIMEX2 val="1958-10">October</TIMEX2> to announce a program to end the war and create an Algeria closely linked to France. De Gaulle's call on the rebel leaders to end hostilities and to participate in elections was met with adamant refusal. "The problem of a cease-fire in Algeria is not simply a military problem," said the GPRA's Abbas. "It is essentially political, and negotiation must cover the whole question of Algeria." Secret discussions that had been underway were broken off.
In <TIMEX2 val="1958">1958</TIMEX2>-<TIMEX2 val="1959">59</TIMEX2> the French army had won military control in Algeria and was the closest it would be to victory. In <TIMEX2 val="1959-07" mod="END">late July 1959</TIMEX2>, during Operation Jumelles Colonel Bigeard-whose elite paratrooper unit fought at Dien Bien Phu in <TIMEX2 val="1954">1954</TIMEX2>-told journalist Jean Larteguy (source): "We are not making war for ourselves, not making a colonialist war, Bigeard wears no shirt (he shows his opened uniform) as do my officers. We are fighting right here <TIMEX2 val="PRESENT_REF" anchor_val="1959-07" anchor_dir="AS_OF">right now</TIMEX2> for them, for the evolution, to see the evolution of these people and this war is for them. We are defending their freedom as we are, in my opinion, defending the West's freedom. We are here ambassadors, Crusaders, who are hanging on in order to still be able to talk and to be able to speak for." Col. Bigeard (<TIMEX2 val="1959-07">July 1959</TIMEX2>)
During <TIMEX2>that period</TIMEX2> in France, however, opposition to the conflict was growing among many segments of the population, notably the leftists, with the French Communist Party-then one of the country's strongest political forces-supporting the Algerian Revolution. Thousands of relatives of conscripts and reserve soldiers suffered loss and pain; revelations of torture and the indiscriminate brutality the army visited on the Muslim population prompted widespread revulsion; and a significant constituency supported the principle of national liberation. International pressure was also building on France to grant Algeria independence. <TIMEX2 val="XXXX" set="YES">Annually</TIMEX2> since <TIMEX2 val="1955">1955</TIMEX2> the UN General Assembly had considered the Algerian question, and the FLN position was gaining support. France's seeming intransigence in settling a colonial war that tied down half the manpower of its armed forces was also a source of concern to its North Atlantic Treaty Organization allies. In a <TIMEX2 val="1959-09-16">16 September 1959</TIMEX2> statement de Gaulle dramatically reversed his stand and uttered the words "self-determination" as the third and preferred solution which he envisioned as leading to majority rule in an Algeria formally associated with France. In Tunis, Abbas acknowledged that de Gaulle's statement might be accepted as a basis for settlement, but the French government refused to recognize the GPRA as the representative of Algeria's Muslim community.

<TIMEX2 val="P1W" anchor_val="1960-01-24" anchor_dir="STARTING">The barricades week</TIMEX2>

Convinced de Gaulle had betrayed them, some units of European volunteers (Unités Territoriales) in Algiers led by student leaders Pierre Lagaillarde and Jean-Jacques Susini, cafe owner Joseph Ortiz, and lawyer Jean-Baptiste Biaggi staged an insurrection in the Algerian capital starting on <TIMEX2 val="1960-01-24">January 24, 1960</TIMEX2>, and known in France as La semaine des barricades ("<TIMEX2 val="P1W" anchor_val="1960-01-24" anchor_dir="STARTING">the barricades week</TIMEX2>"). The ultras incorrectly believed that they would be supported by General Massu. The insurrection order was given by Colonel Jean Garde of the Ve Bureau militaire. As the army, police and supporters stood by, civilians pied-noirs threw up barricades in the streets and seized government buildings. General Maurice Challe, responsible of the Army in Algeria, declared Algiers under siege, but forbade the troops to open up fire on the insurgents. Twenty rioters were killed during a firing in Laferrière Boulevard. Eight arrest warrants were issued in Paris against the initiators of the insurrection. MP Jean-Marie Le Pen, who called for the barricades to be extended to Paris, and theorician Georges Sauge were then placed under custody.
In Paris, de Gaulle called on <TIMEX2 val="1960-01-29TEV">the evening of January 29, 1960</TIMEX2>, on the army to remain loyal and rallied popular support for his Algerian policy in a televised address: "I took, in the name of France, the following decision: the Algerians will have the free choice of their destiny. When, in one way or another - by ceasefire or by complete crushing of the rebels - we will have put an end to the fighting, when, after <TIMEX2 comment="EC:EVENT-BASED">a prolonged period of appeasement</TIMEX2>, the populations will have taken consciousness of the stakes and, thanks to us, realised the necessary progress in political, economic, social, educational, etc., domains, then it will be the Algerians who will tell us what they want to be... French of Algeria (Français d'Algérie), how can you listen to the liars and the conspirators who tell you that by granting free choice to the Algerians, France and de Gaulle want to abandon you, retreat from Algeria and deliver you to the rebellion?... I say to all of our soldiers: your mission comprises neither equivocation, nor interpretation. You have to liquidate the rebellious force which want to oust France out of Algeria and impose on this country its dictatorship of misery and sterility... Finally, I address myself to France. Eh bien! my dear and old country, here we face together, once again, a serious ordeal. In virtue of the mandate that the people has given me and of the national legitimacy which I incarn since <TIMEX2 val="P20Y" anchor_val="1940" anchor_dir="STARTING">twenty years</TIMEX2>, I ask to everyone to support me whatever happens."
Most of the army heeded his call, and the siege of Algiers ended on <TIMEX2 val="1960-02-01">February 1</TIMEX2> with Lagaillarde surrendering to General Challe commanding the French army in Algeria. The loss of many ultra leaders who were imprisoned or transferred to other areas did not deter the French Algeria militants. Sent to prison in Paris, Lagaillarde evaded to Spain while left on parole. There with another French army officer, Raoul Salan, who had entered clandestinity, and Jean-Jacques Susini, he created the Organisation de l'armée secrète (Secret Army Organization, OAS) on <TIMEX2 val="1960-12-03">December 3, 1960</TIMEX2>, with the purpose to follow-up the fight for French Algeria. Highly organized and well-armed the OAS stepped up its terrorist activities, which were directed against both Algerians and pro-government French citizens, as the move toward negotiated settlement of the war and self-determination gained momentum. To the FLN rebellion against France were added civil wars between extremists in the two communities and between the ultras and the French government in Algeria.
Beside Pierre Lagaillarde, Jean-Baptiste Biaggi was also imprisoned, while Alain de Serigny got arrested, and Joseph Ortiz's FNF dissolved, as well as General Lionel Chassin's MP13. De Gaulle also modified the government, excluding Jacques Soustelle, believed to be too pro-French Algeria, and granting the Minister of Information to Louis Terrenoire, who quit RTF (French broadcasting TV). Pierre Messmer, who had been member of the Foreign Legion, was named Minister of Defense, and dissolved the Fifth Bureau, the psychological warfare branch which had ordered the rebellion. These units had theorized the principles of "counter-revolutionary war", including the use of torture. During the Indochina War (<TIMEX2 val="1947">1947</TIMEX2>-<TIMEX2 val="1954">54</TIMEX2>), officers such as Roger Trinquier and Lionel-Max Chassin inspired themselves from Mao Zedong's strategic doctrine, and considered that to convince the population to support the fight, bodies had to be modeled in order to affect the mind. The 5e Bureaux were organized by Jean Ousset, French representant of the Opus Dei, under the order of Permanent Secretary General of the National Defense (SGPDN) Geoffroy Chodron de Courcel. The officers were initially formed in the Centre d'instruction et de préparation à la contre-guérilla (Arzew). Jacques Chaban-Delmas added to that the Centre d'entraînement à la guerre subversive Jeanne-d'Arc (Center of Training to Subversive War Jeanne-d'Arc) in Philippeville, Algeria, directed by Colonel Marcel Bigeard. According to the Voltaire Network, the Catholic stay-behind Georges Sauge animated conferences there, and one could read on the walls of the center the following maxim: "This Army must be fanatic, despising luxury, animated by the spirit of the Crusades" Pierre Messmer hence dissolved structures which had turned themselves against de Gaulle, leaving the "revolutionary war" to the exclusive responsibility of Gaullist General André Beaufre.
The French army officers uprising can be understood as following; some officers, most notably from the paratroopers corps, felt betrayed by the government for the second time after Indochina (<TIMEX2 val="1947">1947</TIMEX2>-<TIMEX2 val="1954">1954</TIMEX2>). In some aspects the Dien Bien Phu garrison was sacrificed with no metropolitan support, order was given to commanding officer General de Castries to "let the affair die of its own, in serenity" ("laissez mourrir l'affaire d'elle même en sérénité").
The opposition of the MNEF student trade-union to the participation of the conscripts to the war led to a secession in <TIMEX2 val="1960-05">May 1960</TIMEX2>, with the creation of the Fedération des étudiants nationalistes (FEN, Federation of Nationalist Students) around Dominique Venner, a <TIMEX2 val="PAST_REF" anchor_val="1960-05" anchor_dir="BEFORE">former</TIMEX2> member of Jeune Nation and of MP-13, François d'Orcival and Alain de Benoist, who would theorize in <TIMEX2 val="198">the 1980s</TIMEX2> the "New Right" movement. The FEN then published the Manifeste de la classe 60.
A Front national pour l'Algérie française (FNAF, National Front for French Algeria) was created in <TIMEX2 val="1960-06">June 1960</TIMEX2> in Paris, gathering around <TIMEX2 val="PAST_REF" anchor_val="1960-06" anchor_dir="BEFORE">former</TIMEX2> De Gaulle's Secretary Jacques Soustelle Claude Dumont, Georges Sauge, Yvon Chautard, Jean-Louis Tixier-Vignancour (who would present himself as far-right candidate in the <TIMEX2 val="1965">1965</TIMEX2> presidential election), Jacques Isorni, Victor Barthelémy, François Brigneau and Jean-Marie Le Pen. Another ultra rebellion occurred in <TIMEX2 val="1960-12">December 1960</TIMEX2>, which led de Gaulle to dissolve the FNAF.
After the publication of the Manifeste des 121 against the use of torture and the war, the opponents to the war created the Rassemblement de la gauche democratique, which included the French Section of the Workers' International (SFIO) socialist party, the Radical-Socialist Party, Force ouvrière (FO) trade union, CFTC trade-union, FEN trade-union, etc., which supported de Gaulle against the ultras.

End of the war

De Gaulle convoked the first referendum on the independence of Algeria on <TIMEX2 val="1961-01-08">January 8, 1961</TIMEX2>, in which 75% of the voters (both in France and Algeria) approved independence and De Gaulle's government began secret peace negotiations with the FLN. However, in Algeria itself, only 40% of the voters desired independence.
The "generals' putsch" in <TIMEX2 val="1961-04">April 1961</TIMEX2>, aimed at canceling the government's negotiations with the FLN, marked the turning point in the official attitude toward the Algerian war. De Gaulle was <TIMEX2 val="PRESENT_REF" anchor_val="1961-04" anchor_dir="AS_OF">now</TIMEX2> prepared to abandon the pieds-noirs, the group that no previous French government was willing to write off. The army had been discredited by the putsch and kept a low profile politically throughout the rest of France's involvement with Algeria.
Talks with the FLN reopened at Evian in <TIMEX2 val="1961-05">May 1961</TIMEX2>; after several false starts, the French government decreed that a ceasefire would take effect on <TIMEX2 val="1962-03-19">March 19, 1962</TIMEX2>. In their final form, the Evian Accords allowed the pieds-noirs equal legal protection with Algerians over <TIMEX2 val="P3Y" anchor_val="1962-03-19" anchor_dir="AFTER">a three year period</TIMEX2>. These rights included respect for property, participation in public affairs, and a full range of civil and cultural rights. At <TIMEX2 val="P3Y" mod="END" anchor_val="1962-03-19" anchor_dir="AFTER">the end of that period</TIMEX2>, however, all Algerian residents would be obliged to become Algerian citizens or be classified as aliens with the attendant loss of rights. The agreement also allowed France to establish military bases in Algeria even after the independence (including the nuclear test site of Regghane, the naval base of Mers-el-Kebir and the aerial base of Bou Sfer) and to have advantages on the Algerian oil.
In the second referendum on the independence of Algeria held in <TIMEX2 val="1962-06">June 1962</TIMEX2> the French electorate approved the Evian Accords by an overwhelming 91 percent vote. On <TIMEX2 val="1962-07-01">July 1, 1962</TIMEX2>, some 6 million of a total Algerian electorate of 6.5 million cast their ballots. The vote was nearly unanimous, with 5,992,115 votes for independence, 16,534 against, with most Pied-noirs and Harkis either having fled or abstained from voting. De Gaulle pronounced Algeria an independent country on <TIMEX2 val="1962-07-03">July 3</TIMEX2>. The Provisional Executive, however, proclaimed <TIMEX2 val="1962-07-05">July 5</TIMEX2>, <TIMEX2 val="1962-07-05" comment="EC:EVENT-BASED">the 132nd anniversary of the French entry into Algeria</TIMEX2>, as <TIMEX2 val="1962-07-05" comment="EC:EVENT-BASED">the day of national independence</TIMEX2>.
During <TIMEX2 val="P3M" anchor_val="1962-03-19" anchor_dir="STARTING" comment="EC:EVENT-BASED">the three months between the cease-fire and the French referendum on Algeria</TIMEX2>, the OAS unleashed a new terrorist campaign. The OAS sought to provoke a major breach in the ceasefire by the FLN but the terrorism <TIMEX2 val="PRESENT_REF">now</TIMEX2> was aimed also against the French army and police enforcing the accords as well as against Muslims. It was the most wanton carnage that Algeria had witnessed in <TIMEX2 val="P8Y" anchor_val="1962" anchor_dir="ENDING" comment="EC:EVENT-BASED">eight years of savage warfare</TIMEX2>. OAS operatives set off an average of 120 bombs <TIMEX2 val="XXXX-XX-XX" set="YES">per day</TIMEX2> in <TIMEX2 val="1962-03">March</TIMEX2>, with targets including hospitals and schools. Ultimately, the terrorism failed in its objectives, and the OAS and the FLN concluded a truce on <TIMEX2 val="1962-06-17">June 17, 1962</TIMEX2>. In <TIMEX2 val="1962-06">the same month</TIMEX2>, more than 350,000 Pied-noirs left Algeria.
Despite the Evian Accords guarantees towards the French citizens, after <TIMEX2 val="1962-06" mod="END">the end of June</TIMEX2> civilians became the target of systematic FLN attacks. It quickly became apparent to Europeans that the new government would not ensure their safety or enforce their rights. The Oran massacre of <TIMEX2 val="1962">1962</TIMEX2>, <TIMEX2 val="1962-07-05" comment="EC:EVENT-BASED">four days after the vote</TIMEX2>, is the main example of deliberate strategy of killing to terrorize pieds-noirs and push them to leave. These tactics proved effective. <TIMEX2 val="1962-SU">Summer 1962</TIMEX2> saw a rush to France. Within <TIMEX2 val="P1Y" anchor_val="1962-06" anchor_dir="STARTING">a year</TIMEX2>, 1.4 million refugees, including almost the entire Jewish community and some pro-French Muslims, had joined the exodus to France. The vast majority left, as detailed below.

</TEXT>
</DOC>